2025-06-29 15:53:02.611 +02:00 [INF] Démarrage de l'application...
2025-06-29 15:53:02.650 +02:00 [INF] Initialisation de l'application...
2025-06-29 15:53:02.695 +02:00 [INF] Initialisation du framework terminée...
2025-06-29 15:53:02.695 +02:00 [INF] Application Avalonia construite
2025-06-29 15:53:02.696 +02:00 [INF] Configuration des services...
2025-06-29 15:53:02.706 +02:00 [INF] Construction du conteneur DI...
2025-06-29 15:53:03.186 +02:00 [INF] Démarrage de l'application...
2025-06-29 15:53:03.287 +02:00 [INF] Initialisation du framework terminée...
2025-06-29 15:53:03.661 +02:00 [INF] YouTubeStreamDetector initialisé
2025-06-29 15:53:03.664 +02:00 [INF] MainViewModel initialisé
2025-06-29 15:53:03.667 +02:00 [INF] CanStartMonitoring après changement: True
2025-06-29 15:53:03.667 +02:00 [INF] CanStopMonitoring est évalué. IsMonitoring: False
2025-06-29 15:53:03.667 +02:00 [INF] CanStopMonitoring après changement: False
2025-06-29 15:53:03.687 +02:00 [INF] CanStopMonitoring est évalué. IsMonitoring: False
2025-06-29 15:53:03.689 +02:00 [INF] Application démarrée avec succès
2025-06-29 15:57:30.750 +02:00 [INF] Démarrage de l'application...
2025-06-29 15:57:30.803 +02:00 [INF] Initialisation de l'application...
2025-06-29 15:57:30.851 +02:00 [INF] Initialisation du framework terminée...
2025-06-29 15:57:30.851 +02:00 [INF] Application Avalonia construite
2025-06-29 15:57:30.852 +02:00 [INF] Configuration des services...
2025-06-29 15:57:30.863 +02:00 [INF] Construction du conteneur DI...
2025-06-29 15:57:31.385 +02:00 [INF] Démarrage de l'application...
2025-06-29 15:57:31.474 +02:00 [INF] Initialisation du framework terminée...
2025-06-29 15:57:31.839 +02:00 [INF] YouTubeStreamDetector initialisé
2025-06-29 15:57:31.843 +02:00 [INF] MainViewModel initialisé
2025-06-29 15:57:31.846 +02:00 [INF] CanStartMonitoring après changement: True
2025-06-29 15:57:31.846 +02:00 [INF] CanStopMonitoring est évalué. IsMonitoring: False
2025-06-29 15:57:31.846 +02:00 [INF] CanStopMonitoring après changement: False
2025-06-29 15:57:31.863 +02:00 [INF] CanStopMonitoring est évalué. IsMonitoring: False
2025-06-29 15:57:31.863 +02:00 [INF] CanStopMonitoring est évalué. IsMonitoring: False
2025-06-29 15:57:31.866 +02:00 [INF] Application démarrée avec succès
2025-06-29 16:00:32.100 +02:00 [INF] Démarrage de l'application...
2025-06-29 16:00:32.141 +02:00 [INF] Initialisation de l'application...
2025-06-29 16:00:32.195 +02:00 [INF] Initialisation du framework terminée...
2025-06-29 16:00:32.195 +02:00 [INF] Application Avalonia construite
2025-06-29 16:00:32.196 +02:00 [INF] Configuration des services...
2025-06-29 16:00:32.206 +02:00 [INF] Construction du conteneur DI...
2025-06-29 16:00:32.541 +02:00 [INF] Démarrage de l'application...
2025-06-29 16:00:32.627 +02:00 [INF] Initialisation du framework terminée...
2025-06-29 16:00:32.952 +02:00 [INF] YouTubeStreamDetector initialisé
2025-06-29 16:00:32.956 +02:00 [INF] MainViewModel initialisé
2025-06-29 16:00:32.958 +02:00 [INF] CanStartMonitoring après changement: True
2025-06-29 16:00:32.958 +02:00 [INF] CanStopMonitoring est évalué. IsMonitoring: False
2025-06-29 16:00:32.958 +02:00 [INF] CanStopMonitoring après changement: False
2025-06-29 16:00:32.975 +02:00 [INF] CanStopMonitoring est évalué. IsMonitoring: False
2025-06-29 16:00:32.975 +02:00 [INF] CanStopMonitoring est évalué. IsMonitoring: False
2025-06-29 16:00:32.978 +02:00 [INF] Application démarrée avec succès
2025-06-29 16:02:53.016 +02:00 [INF] Démarrage de l'application...
2025-06-29 16:02:53.053 +02:00 [INF] Initialisation de l'application...
2025-06-29 16:02:53.095 +02:00 [INF] Initialisation du framework terminée...
2025-06-29 16:02:53.095 +02:00 [INF] Application Avalonia construite
2025-06-29 16:02:53.096 +02:00 [INF] Configuration des services...
2025-06-29 16:02:53.106 +02:00 [INF] Construction du conteneur DI...
2025-06-29 16:02:53.445 +02:00 [INF] Démarrage de l'application...
2025-06-29 16:02:53.528 +02:00 [INF] Initialisation du framework terminée...
2025-06-29 16:02:53.854 +02:00 [INF] YouTubeStreamDetector initialisé
2025-06-29 16:02:53.857 +02:00 [INF] MainViewModel initialisé
2025-06-29 16:02:53.859 +02:00 [INF] CanStartMonitoring après changement: True
2025-06-29 16:02:53.859 +02:00 [INF] CanStopMonitoring est évalué. IsMonitoring: False
2025-06-29 16:02:53.859 +02:00 [INF] CanStopMonitoring après changement: False
2025-06-29 16:02:53.869 +02:00 [INF] CanStopMonitoring est évalué. IsMonitoring: False
2025-06-29 16:02:53.869 +02:00 [INF] CanStopMonitoring est évalué. IsMonitoring: False
2025-06-29 16:02:53.873 +02:00 [INF] Application démarrée avec succès
2025-06-29 16:04:44.402 +02:00 [INF] Démarrage de l'application...
2025-06-29 16:04:44.440 +02:00 [INF] Initialisation de l'application...
2025-06-29 16:04:44.483 +02:00 [INF] Initialisation du framework terminée...
2025-06-29 16:04:44.483 +02:00 [INF] Application Avalonia construite
2025-06-29 16:04:44.484 +02:00 [INF] Configuration des services...
2025-06-29 16:04:44.495 +02:00 [INF] Construction du conteneur DI...
2025-06-29 16:04:44.831 +02:00 [INF] Démarrage de l'application...
2025-06-29 16:04:44.918 +02:00 [INF] Initialisation du framework terminée...
2025-06-29 16:04:45.234 +02:00 [INF] YouTubeStreamDetector initialisé
2025-06-29 16:04:45.238 +02:00 [INF] MainViewModel initialisé
2025-06-29 16:04:45.240 +02:00 [INF] CanStartMonitoring après changement: True
2025-06-29 16:04:45.240 +02:00 [INF] CanStopMonitoring est évalué. IsMonitoring: False
2025-06-29 16:04:45.240 +02:00 [INF] CanStopMonitoring après changement: False
2025-06-29 16:04:45.252 +02:00 [INF] CanStopMonitoring est évalué. IsMonitoring: False
2025-06-29 16:04:45.252 +02:00 [INF] CanStopMonitoring est évalué. IsMonitoring: False
2025-06-29 16:04:45.255 +02:00 [INF] Application démarrée avec succès
2025-06-29 16:06:31.991 +02:00 [INF] Démarrage de l'application...
2025-06-29 16:06:32.030 +02:00 [INF] Initialisation de l'application...
2025-06-29 16:06:32.072 +02:00 [INF] Initialisation du framework terminée...
2025-06-29 16:06:32.072 +02:00 [INF] Application Avalonia construite
2025-06-29 16:06:32.073 +02:00 [INF] Configuration des services...
2025-06-29 16:06:32.082 +02:00 [INF] Construction du conteneur DI...
2025-06-29 16:06:32.433 +02:00 [INF] Démarrage de l'application...
2025-06-29 16:06:32.520 +02:00 [INF] Initialisation du framework terminée...
2025-06-29 16:06:32.854 +02:00 [INF] YouTubeStreamDetector initialisé
2025-06-29 16:06:32.858 +02:00 [INF] MainViewModel initialisé
2025-06-29 16:06:32.860 +02:00 [INF] CanStartMonitoring après changement: True
2025-06-29 16:06:32.860 +02:00 [INF] CanStopMonitoring est évalué. IsMonitoring: False
2025-06-29 16:06:32.860 +02:00 [INF] CanStopMonitoring après changement: False
2025-06-29 16:06:32.875 +02:00 [INF] CanStopMonitoring est évalué. IsMonitoring: False
2025-06-29 16:06:32.875 +02:00 [INF] CanStopMonitoring est évalué. IsMonitoring: False
2025-06-29 16:06:32.878 +02:00 [INF] Application démarrée avec succès
2025-06-29 16:09:07.692 +02:00 [INF] Démarrage de l'application...
2025-06-29 16:09:07.733 +02:00 [INF] Initialisation de l'application...
2025-06-29 16:09:07.778 +02:00 [INF] Initialisation du framework terminée...
2025-06-29 16:09:07.778 +02:00 [INF] Application Avalonia construite
2025-06-29 16:09:07.779 +02:00 [INF] Configuration des services...
2025-06-29 16:09:07.788 +02:00 [INF] Construction du conteneur DI...
2025-06-29 16:09:08.117 +02:00 [INF] Démarrage de l'application...
2025-06-29 16:09:08.203 +02:00 [INF] Initialisation du framework terminée...
2025-06-29 16:09:08.517 +02:00 [INF] YouTubeStreamDetector initialisé
2025-06-29 16:09:08.521 +02:00 [INF] MainViewModel initialisé
2025-06-29 16:09:08.523 +02:00 [INF] CanStartMonitoring après changement: True
2025-06-29 16:09:08.523 +02:00 [INF] CanStopMonitoring est évalué. IsMonitoring: False
2025-06-29 16:09:08.523 +02:00 [INF] CanStopMonitoring après changement: False
2025-06-29 16:09:08.538 +02:00 [INF] CanStopMonitoring est évalué. IsMonitoring: False
2025-06-29 16:09:08.538 +02:00 [INF] CanStopMonitoring est évalué. IsMonitoring: False
2025-06-29 16:09:08.542 +02:00 [INF] Application démarrée avec succès
2025-06-29 16:11:18.845 +02:00 [INF] Démarrage de l'application...
2025-06-29 16:11:18.881 +02:00 [INF] Initialisation de l'application...
2025-06-29 16:11:18.921 +02:00 [INF] Initialisation du framework terminée...
2025-06-29 16:11:18.921 +02:00 [INF] Application Avalonia construite
2025-06-29 16:11:18.923 +02:00 [INF] Configuration des services...
2025-06-29 16:11:18.932 +02:00 [INF] Construction du conteneur DI...
2025-06-29 16:11:19.283 +02:00 [INF] Démarrage de l'application...
2025-06-29 16:11:19.370 +02:00 [INF] Initialisation du framework terminée...
2025-06-29 16:11:19.726 +02:00 [INF] YouTubeStreamDetector initialisé
2025-06-29 16:11:19.730 +02:00 [INF] MainViewModel initialisé
2025-06-29 16:11:19.733 +02:00 [INF] CanStartMonitoring après changement: True
2025-06-29 16:11:19.733 +02:00 [INF] CanStopMonitoring est évalué. IsMonitoring: False
2025-06-29 16:11:19.733 +02:00 [INF] CanStopMonitoring après changement: False
2025-06-29 16:11:19.751 +02:00 [INF] CanStopMonitoring est évalué. IsMonitoring: False
2025-06-29 16:11:19.752 +02:00 [INF] CanStopMonitoring est évalué. IsMonitoring: False
2025-06-29 16:11:19.759 +02:00 [INF] Application démarrée avec succès
2025-06-29 16:11:27.742 +02:00 [INF] Vérification des dépendances...
2025-06-29 16:12:52.603 +02:00 [INF] Démarrage de l'application...
2025-06-29 16:12:52.637 +02:00 [INF] Initialisation de l'application...
2025-06-29 16:12:52.679 +02:00 [INF] Initialisation du framework terminée...
2025-06-29 16:12:52.679 +02:00 [INF] Application Avalonia construite
2025-06-29 16:12:52.680 +02:00 [INF] Configuration des services...
2025-06-29 16:12:52.689 +02:00 [INF] Construction du conteneur DI...
2025-06-29 16:12:53.037 +02:00 [INF] Démarrage de l'application...
2025-06-29 16:12:53.124 +02:00 [INF] Initialisation du framework terminée...
2025-06-29 16:12:53.472 +02:00 [INF] YouTubeStreamDetector initialisé
2025-06-29 16:12:53.475 +02:00 [INF] MainViewModel initialisé
2025-06-29 16:12:53.478 +02:00 [INF] CanStartMonitoring après changement: True
2025-06-29 16:12:53.478 +02:00 [INF] CanStopMonitoring est évalué. IsMonitoring: False
2025-06-29 16:12:53.478 +02:00 [INF] CanStopMonitoring après changement: False
2025-06-29 16:12:53.492 +02:00 [INF] CanStopMonitoring est évalué. IsMonitoring: False
2025-06-29 16:12:53.493 +02:00 [INF] CanStopMonitoring est évalué. IsMonitoring: False
2025-06-29 16:12:53.498 +02:00 [INF] Application démarrée avec succès
2025-06-29 16:15:10.741 +02:00 [INF] Démarrage de l'application...
2025-06-29 16:15:10.777 +02:00 [INF] Initialisation de l'application...
2025-06-29 16:15:10.820 +02:00 [INF] Initialisation du framework terminée...
2025-06-29 16:15:10.820 +02:00 [INF] Application Avalonia construite
2025-06-29 16:15:10.821 +02:00 [INF] Configuration des services...
2025-06-29 16:15:10.831 +02:00 [INF] Construction du conteneur DI...
2025-06-29 16:15:11.177 +02:00 [INF] Démarrage de l'application...
2025-06-29 16:15:11.260 +02:00 [INF] Initialisation du framework terminée...
2025-06-29 16:15:11.597 +02:00 [INF] YouTubeStreamDetector initialisé
2025-06-29 16:15:11.600 +02:00 [INF] MainViewModel initialisé
2025-06-29 16:15:11.602 +02:00 [INF] CanStartMonitoring après changement: True
2025-06-29 16:15:11.603 +02:00 [INF] CanStopMonitoring est évalué. IsMonitoring: False
2025-06-29 16:15:11.603 +02:00 [INF] CanStopMonitoring après changement: False
2025-06-29 16:15:11.618 +02:00 [INF] CanStopMonitoring est évalué. IsMonitoring: False
2025-06-29 16:15:11.618 +02:00 [INF] CanStopMonitoring est évalué. IsMonitoring: False
2025-06-29 16:15:11.624 +02:00 [INF] Application démarrée avec succès
2025-06-29 16:16:54.749 +02:00 [INF] Démarrage de l'application...
2025-06-29 16:16:54.790 +02:00 [INF] Initialisation de l'application...
2025-06-29 16:16:54.837 +02:00 [INF] Initialisation du framework terminée...
2025-06-29 16:16:54.838 +02:00 [INF] Application Avalonia construite
2025-06-29 16:16:54.839 +02:00 [INF] Configuration des services...
2025-06-29 16:16:54.849 +02:00 [INF] Construction du conteneur DI...
2025-06-29 16:16:55.231 +02:00 [INF] Démarrage de l'application...
2025-06-29 16:16:55.321 +02:00 [INF] Initialisation du framework terminée...
2025-06-29 16:16:55.672 +02:00 [INF] YouTubeStreamDetector initialisé
2025-06-29 16:16:55.675 +02:00 [INF] MainViewModel initialisé
2025-06-29 16:16:55.677 +02:00 [INF] CanStartMonitoring après changement: True
2025-06-29 16:16:55.678 +02:00 [INF] CanStopMonitoring est évalué. IsMonitoring: False
2025-06-29 16:16:55.678 +02:00 [INF] CanStopMonitoring après changement: False
2025-06-29 16:16:55.695 +02:00 [INF] CanStopMonitoring est évalué. IsMonitoring: False
2025-06-29 16:16:55.695 +02:00 [INF] CanStopMonitoring est évalué. IsMonitoring: False
2025-06-29 16:16:55.701 +02:00 [INF] Application démarrée avec succès
2025-06-29 16:18:27.965 +02:00 [INF] Démarrage de l'application...
2025-06-29 16:18:28.001 +02:00 [INF] Initialisation de l'application...
2025-06-29 16:18:28.041 +02:00 [INF] Initialisation du framework terminée...
2025-06-29 16:18:28.041 +02:00 [INF] Application Avalonia construite
2025-06-29 16:18:28.043 +02:00 [INF] Configuration des services...
2025-06-29 16:18:28.051 +02:00 [INF] Construction du conteneur DI...
2025-06-29 16:18:28.374 +02:00 [INF] Démarrage de l'application...
2025-06-29 16:18:28.460 +02:00 [INF] Initialisation du framework terminée...
2025-06-29 16:18:28.804 +02:00 [INF] YouTubeStreamDetector initialisé
2025-06-29 16:18:28.808 +02:00 [INF] MainViewModel initialisé
2025-06-29 16:18:28.810 +02:00 [INF] CanStartMonitoring après changement: True
2025-06-29 16:18:28.810 +02:00 [INF] CanStopMonitoring est évalué. IsMonitoring: False
2025-06-29 16:18:28.810 +02:00 [INF] CanStopMonitoring après changement: False
2025-06-29 16:18:28.825 +02:00 [INF] CanStopMonitoring est évalué. IsMonitoring: False
2025-06-29 16:18:28.825 +02:00 [INF] CanStopMonitoring est évalué. IsMonitoring: False
2025-06-29 16:18:28.831 +02:00 [INF] Application démarrée avec succès
2025-06-29 16:20:31.104 +02:00 [INF] Démarrage de l'application...
2025-06-29 16:20:31.143 +02:00 [INF] Initialisation de l'application...
2025-06-29 16:20:31.189 +02:00 [INF] Initialisation du framework terminée...
2025-06-29 16:20:31.190 +02:00 [INF] Application Avalonia construite
2025-06-29 16:20:31.191 +02:00 [INF] Configuration des services...
2025-06-29 16:20:31.202 +02:00 [INF] Construction du conteneur DI...
2025-06-29 16:20:31.578 +02:00 [INF] Démarrage de l'application...
2025-06-29 16:20:31.673 +02:00 [INF] Initialisation du framework terminée...
2025-06-29 16:20:32.041 +02:00 [INF] YouTubeStreamDetector initialisé
2025-06-29 16:20:32.045 +02:00 [INF] MainViewModel initialisé
2025-06-29 16:20:32.048 +02:00 [INF] CanStartMonitoring après changement: True
2025-06-29 16:20:32.048 +02:00 [INF] CanStopMonitoring est évalué. IsMonitoring: False
2025-06-29 16:20:32.048 +02:00 [INF] CanStopMonitoring après changement: False
2025-06-29 16:20:32.068 +02:00 [INF] CanStopMonitoring est évalué. IsMonitoring: False
2025-06-29 16:20:32.068 +02:00 [INF] CanStopMonitoring est évalué. IsMonitoring: False
2025-06-29 16:20:32.073 +02:00 [INF] Application démarrée avec succès
2025-06-29 16:21:21.504 +02:00 [INF] Début de la récupération des informations du stream YouTube pour : https://www.youtube.com/@ShishiroBotan
2025-06-29 16:21:22.309 +02:00 [INF] Streamlink trouvé à : C:\Program Files\Streamlink\bin\streamlink.exe
2025-06-29 16:21:22.310 +02:00 [INF] Exécution de streamlink avec les arguments : -j https://www.youtube.com/@ShishiroBotan best
2025-06-29 16:21:22.320 +02:00 [INF] Processus streamlink démarré
2025-06-29 16:21:26.167 +02:00 [INF] Processus streamlink terminé avec le code : 0
2025-06-29 16:21:26.167 +02:00 [INF] Sortie Streamlink (JSON) : {
  "type": "hls",
  "url": "https://manifest.googlevideo.com/api/manifest/hls_playlist/expire/1751228513/ei/AUxhaLz5Beuri9oPwPiN2A8/ip/2a01:e0a:8f1:aac0:45d9:3371:721e:71e6/id/N73VRC1NVLE.1/itag/301/source/yt_live_broadcast/requiressl/yes/ratebypass/yes/live/1/sgoap/gir%3Dyes%3Bitag%3D140/sgovp/gir%3Dyes%3Bitag%3D299/rqh/1/hls_chunk_host/rr2---sn-25glenlz.googlevideo.com/xpc/EgVo2aDSNQ%3D%3D/playlist_duration/30/manifest_duration/30/bui/AY1jyLP4F-ScjqshwnLBPdqZr9WbYZ3YC9G0AJBSjhi6f3tAya6xpr0Jz0oayywrq33tiwkmKlOVmMzg/spc/l3OVKQe6THZ8u2jAxV2D-dOn_OyQRTFTPFIjNgD92paAB3gA5QuKCwc8kJCd5KLqWCw/vprv/1/playlist_type/DVR/initcwndbps/2353750/met/1751206913,/mh/Uq/mm/44/mn/sn-25glenlz/ms/lva/mv/m/mvi/2/pl/45/rms/lva,lva/dover/11/pacing/0/keepalive/yes/fexp/51355912,51514994/mt/1751206359/sparams/expire,ei,ip,id,itag,source,requiressl,ratebypass,live,sgoap,sgovp,rqh,xpc,playlist_duration,manifest_duration,bui,spc,vprv,playlist_type/sig/AJfQdSswRgIhAPK37j1kwxWNnwJCd6CtvklPieOrD1uoUxkxot0l8DGJAiEAggcZFNZvOJLDD9CQh-y4wJpGmzWsU2hyXauO8S20CMQ%3D/lsparams/hls_chunk_host,initcwndbps,met,mh,mm,mn,ms,mv,mvi,pl,rms/lsig/APaTxxMwRQIhAPSo_7jcPuc-yXvbo-t8lXKTdZSUyQmUfwRJCTz6eKXoAiB9I2itXCXNi6EjuS_E_sR5Fh4cm8swtzjrdGyjRP8fPQ%3D%3D/playlist/index.m3u8",
  "headers": {
    "User-Agent": "Mozilla/5.0 (Windows NT 10.0; Win64; x64) AppleWebKit/537.36 (KHTML, like Gecko) Chrome/134.0.0.0 Safari/537.36",
    "Accept-Encoding": "gzip, deflate, br, zstd",
    "Accept": "*/*",
    "Connection": "keep-alive"
  },
  "master": "https://manifest.googlevideo.com/api/manifest/hls_variant/expire/1751228513/ei/AUxhaLz5Beuri9oPwPiN2A8/ip/2a01%3Ae0a%3A8f1%3Aaac0%3A45d9%3A3371%3A721e%3A71e6/id/N73VRC1NVLE.1/source/yt_live_broadcast/requiressl/yes/xpc/EgVo2aDSNQ%3D%3D/hfr/1/playlist_duration/30/manifest_duration/30/maudio/1/bui/AY1jyLP4F-ScjqshwnLBPdqZr9WbYZ3YC9G0AJBSjhi6f3tAya6xpr0Jz0oayywrq33tiwkmKlOVmMzg/spc/l3OVKQe6THZ8u2jAxV2D-dOn_OyQRTFTPFIjNgD92paAB3gA5QuKCwc8kJCd5KLqWCw/vprv/1/go/1/rqh/5/pacing/0/nvgoi/1/ncsapi/1/keepalive/yes/fexp/51355912%2C51514994/dover/11/itag/0/playlist_type/DVR/sparams/expire%2Cei%2Cip%2Cid%2Csource%2Crequiressl%2Cxpc%2Chfr%2Cplaylist_duration%2Cmanifest_duration%2Cmaudio%2Cbui%2Cspc%2Cvprv%2Cgo%2Crqh%2Citag%2Cplaylist_type/sig/AJfQdSswRgIhAPYiH5cZH76xLRGg9VXQ-WtcrV4bXYqTS0TeKFuRpq89AiEAk3VQrCG2lVPdMf9biv0A60Xz_EtwbQSSgNIl40gXYcw%3D/file/index.m3u8",
  "metadata": {
    "id": "N73VRC1NVLE",
    "author": "Botan Ch.\u7345\u767d\u307c\u305f\u3093",
    "category": "Gaming",
    "title": "\u3010\u30ca\u30a4\u30c8\u30ec\u30a4\u30f3\u30113\u4eba\u3067\u591c\u3092\u6e21\u308b\uff01\uff0dELDEN RING NIGHTREIGN\u3010\u7345\u767d\u307c\u305f\u3093/\u30db\u30ed\u30e9\u30a4\u30d6\u3011"
  }
}

2025-06-29 16:21:26.176 +02:00 [INF] Récupération de l'URL du stream pour https://www.youtube.com/@ShishiroBotan
2025-06-29 16:21:28.717 +02:00 [INF] Démarrage de l'enregistrement pour Botan Ch.獅白ぼたん sur YouTube
2025-06-29 16:21:28.717 +02:00 [INF] URL du stream : https://manifest.googlevideo.com/api/manifest/hls_playlist/expire/1751228515/ei/A0xhaMPxIeagvdIP56uI8QI/ip/2a01:e0a:8f1:aac0:45d9:3371:721e:71e6/id/N73VRC1NVLE.1/itag/301/source/yt_live_broadcast/requiressl/yes/ratebypass/yes/live/1/sgoap/gir%3Dyes%3Bitag%3D140/sgovp/gir%3Dyes%3Bitag%3D299/rqh/1/hls_chunk_host/rr1---sn-25ge7nzr.googlevideo.com/xpc/EgVo2aDSNQ%3D%3D/playlist_duration/30/manifest_duration/30/bui/AY1jyLPY3t1vrMqqQlxnJWj0bc5xc5eSq7c3PZn28NU4qn2WYRCHzKJqoIEIEAb22QZfm7sDIrmxA384/spc/l3OVKQy3WHGCpKpAb0GjbcW3UMKxAwaGFQXyrm_PP-hiSlwCSsoyTa3RdGkpcrAw8zU/vprv/1/playlist_type/DVR/initcwndbps/2018750/met/1751206916,/mh/Uq/mm/44/mn/sn-25ge7nzr/ms/lva/mv/m/mvi/1/pl/45/rms/lva,lva/dover/11/pacing/0/keepalive/yes/fexp/51355912/mt/1751206359/sparams/expire,ei,ip,id,itag,source,requiressl,ratebypass,live,sgoap,sgovp,rqh,xpc,playlist_duration,manifest_duration,bui,spc,vprv,playlist_type/sig/AJfQdSswRQIhAPgevD6xR73MVtx8kAy2l0h9DWH0SxKto8MDlAFV62H_AiBhT_3cQAVub6aG3soEPKEuz3JOAIduaTWbKAAjEj2pmA%3D%3D/lsparams/hls_chunk_host,initcwndbps,met,mh,mm,mn,ms,mv,mvi,pl,rms/lsig/APaTxxMwRAIgehCA3IODyuCQp-PsNk7ihxhb5KQV4MuWs4LhZadRzjMCIF6_yrmf1N01o2GrHTbgjtgFtvJvJLFGmw21QvYZW5t9/playlist/index.m3u8
2025-06-29 16:21:28.718 +02:00 [INF] Chemin de sortie : C:\Users\terre\Documents\Strivea\Recordings\YouTube\Botan Ch.獅白ぼたん\Temp\【ナイトレイン】3人で夜を渡る！－ELDEN RING NIGHTREIGN【獅白ぼたん_ホロライブ】_20250629_162128.ts
2025-06-29 16:21:28.771 +02:00 [INF] Enregistrement démarré pour Botan Ch.獅白ぼたん sur YouTube
2025-06-29 16:21:28.772 +02:00 [INF] IsMonitoring a changé: True
2025-06-29 16:21:28.772 +02:00 [INF] CanStopMonitoring est évalué. IsMonitoring: True
2025-06-29 16:21:28.772 +02:00 [INF] CanStartMonitoring après changement: False
2025-06-29 16:21:28.772 +02:00 [INF] CanStopMonitoring est évalué. IsMonitoring: True
2025-06-29 16:21:28.772 +02:00 [INF] CanStopMonitoring après changement: True
2025-06-29 16:24:19.107 +02:00 [INF] Démarrage de l'application...
2025-06-29 16:24:19.153 +02:00 [INF] Initialisation de l'application...
2025-06-29 16:24:19.197 +02:00 [INF] Initialisation du framework terminée...
2025-06-29 16:24:19.197 +02:00 [INF] Application Avalonia construite
2025-06-29 16:24:19.198 +02:00 [INF] Configuration des services...
2025-06-29 16:24:19.208 +02:00 [INF] Construction du conteneur DI...
2025-06-29 16:24:19.687 +02:00 [INF] Démarrage de l'application...
2025-06-29 16:24:19.786 +02:00 [INF] Initialisation du framework terminée...
2025-06-29 16:24:20.167 +02:00 [INF] YouTubeStreamDetector initialisé
2025-06-29 16:24:20.171 +02:00 [INF] MainViewModel initialisé
2025-06-29 16:24:20.174 +02:00 [INF] CanStartMonitoring après changement: True
2025-06-29 16:24:20.174 +02:00 [INF] CanStopMonitoring est évalué. IsMonitoring: False
2025-06-29 16:24:20.174 +02:00 [INF] CanStopMonitoring après changement: False
2025-06-29 16:24:20.198 +02:00 [INF] CanStopMonitoring est évalué. IsMonitoring: False
2025-06-29 16:24:20.198 +02:00 [INF] CanStopMonitoring est évalué. IsMonitoring: False
2025-06-29 16:24:20.203 +02:00 [INF] Application démarrée avec succès
2025-06-29 16:24:24.370 +02:00 [INF] Début de la récupération des informations du stream YouTube pour : https://www.youtube.com/@ShishiroBotan
2025-06-29 16:24:25.152 +02:00 [INF] Streamlink trouvé à : C:\Program Files\Streamlink\bin\streamlink.exe
2025-06-29 16:24:25.152 +02:00 [INF] Exécution de streamlink avec les arguments : -j https://www.youtube.com/@ShishiroBotan best
2025-06-29 16:24:25.155 +02:00 [INF] Processus streamlink démarré
2025-06-29 16:24:27.666 +02:00 [INF] Processus streamlink terminé avec le code : 0
2025-06-29 16:24:27.666 +02:00 [INF] Sortie Streamlink (JSON) : {
  "type": "hls",
  "url": "https://manifest.googlevideo.com/api/manifest/hls_playlist/expire/1751228694/ei/tkxhaMrZIsSmp-oPiN-h0AE/ip/2a01:e0a:8f1:aac0:45d9:3371:721e:71e6/id/N73VRC1NVLE.1/itag/301/source/yt_live_broadcast/requiressl/yes/ratebypass/yes/live/1/sgoap/gir%3Dyes%3Bitag%3D140/sgovp/gir%3Dyes%3Bitag%3D299/rqh/1/hls_chunk_host/rr1---sn-25ge7nzr.googlevideo.com/xpc/EgVo2aDSNQ%3D%3D/playlist_duration/30/manifest_duration/30/bui/AY1jyLOdmiw5ULIEWVT8rXAZNjG7RtTtbgrcXvC_ozYCf0UILlGTTTSXdYoxXEfDbw3kd3yhhrXxIq0W/spc/l3OVKcEc9k5kDg_P0dby2Ua2j1jq-t74fBov2PuqQUeEj6nflFDMZ4MSQFReS0gGHdQ/vprv/1/playlist_type/DVR/initcwndbps/2141250/met/1751207095,/mh/Uq/mm/44/mn/sn-25ge7nzr/ms/lva/mv/m/mvi/1/pl/45/rms/lva,lva/dover/11/pacing/0/keepalive/yes/fexp/51355912/mt/1751206599/sparams/expire,ei,ip,id,itag,source,requiressl,ratebypass,live,sgoap,sgovp,rqh,xpc,playlist_duration,manifest_duration,bui,spc,vprv,playlist_type/sig/AJfQdSswRAIgWRKNsnnyW9vi4Vy2b51y06NNQb1A0T9P1JbzMdvVrsoCIGwOJ-NPYCi8ZEhsUfw8Y9TJBdHUUdmIyilhulYuG2jw/lsparams/hls_chunk_host,initcwndbps,met,mh,mm,mn,ms,mv,mvi,pl,rms/lsig/APaTxxMwRQIgNpB7XzEvR5scfieWN2Gc3OJir5W25FRgVYfNK2DbMf0CIQD2NQTuk48tQgwOERNK83GVBhD5ShZEO8ua7qhH_2D8Ig%3D%3D/playlist/index.m3u8",
  "headers": {
    "User-Agent": "Mozilla/5.0 (Windows NT 10.0; Win64; x64) AppleWebKit/537.36 (KHTML, like Gecko) Chrome/134.0.0.0 Safari/537.36",
    "Accept-Encoding": "gzip, deflate, br, zstd",
    "Accept": "*/*",
    "Connection": "keep-alive"
  },
  "master": "https://manifest.googlevideo.com/api/manifest/hls_variant/expire/1751228694/ei/tkxhaMrZIsSmp-oPiN-h0AE/ip/2a01%3Ae0a%3A8f1%3Aaac0%3A45d9%3A3371%3A721e%3A71e6/id/N73VRC1NVLE.1/source/yt_live_broadcast/requiressl/yes/xpc/EgVo2aDSNQ%3D%3D/tx/51478321/txs/51478320%2C51478321%2C51478322/hfr/1/playlist_duration/30/manifest_duration/30/maudio/1/bui/AY1jyLOdmiw5ULIEWVT8rXAZNjG7RtTtbgrcXvC_ozYCf0UILlGTTTSXdYoxXEfDbw3kd3yhhrXxIq0W/spc/l3OVKcEc9k5kDg_P0dby2Ua2j1jq-t74fBov2PuqQUeEj6nflFDMZ4MSQFReS0gGHdQ/vprv/1/go/1/rqh/5/pacing/0/nvgoi/1/ncsapi/1/keepalive/yes/fexp/51355912/dover/11/itag/0/playlist_type/DVR/sparams/expire%2Cei%2Cip%2Cid%2Csource%2Crequiressl%2Cxpc%2Ctx%2Ctxs%2Chfr%2Cplaylist_duration%2Cmanifest_duration%2Cmaudio%2Cbui%2Cspc%2Cvprv%2Cgo%2Crqh%2Citag%2Cplaylist_type/sig/AJfQdSswRAIgUIbWzLbatWoUZgRKJu7fbtUP3aM63gr5T4B-hoNn8xwCIA3PkgF2Umv-Bbo6lXx7wbLuz4SKbi2XkHhg2HDbNqrt/file/index.m3u8",
  "metadata": {
    "id": "N73VRC1NVLE",
    "author": "Botan Ch.\u7345\u767d\u307c\u305f\u3093",
    "category": "Gaming",
    "title": "\u3010\u30ca\u30a4\u30c8\u30ec\u30a4\u30f3\u30113\u4eba\u3067\u591c\u3092\u6e21\u308b\uff01\uff0dELDEN RING NIGHTREIGN\u3010\u7345\u767d\u307c\u305f\u3093/\u30db\u30ed\u30e9\u30a4\u30d6\u3011"
  }
}

2025-06-29 16:24:27.683 +02:00 [INF] Récupération de l'URL du stream pour https://www.youtube.com/@ShishiroBotan
2025-06-29 16:24:30.127 +02:00 [INF] IsMonitoring a changé: True
2025-06-29 16:24:30.127 +02:00 [INF] CanStopMonitoring est évalué. IsMonitoring: True
2025-06-29 16:24:30.127 +02:00 [INF] CanStartMonitoring après changement: False
2025-06-29 16:24:30.127 +02:00 [INF] CanStopMonitoring est évalué. IsMonitoring: True
2025-06-29 16:24:30.127 +02:00 [INF] CanStopMonitoring après changement: True
2025-06-29 16:24:30.129 +02:00 [INF] Démarrage de l'enregistrement pour Botan Ch.獅白ぼたん sur YouTube
2025-06-29 16:24:30.129 +02:00 [INF] URL du stream : https://manifest.googlevideo.com/api/manifest/hls_playlist/expire/1751228697/ei/uUxhaOqaDtOn6dsPqfyZ8A0/ip/2a01:e0a:8f1:aac0:45d9:3371:721e:71e6/id/N73VRC1NVLE.1/itag/301/source/yt_live_broadcast/requiressl/yes/ratebypass/yes/live/1/sgoap/gir%3Dyes%3Bitag%3D140/sgovp/gir%3Dyes%3Bitag%3D299/rqh/1/hls_chunk_host/rr2---sn-25glenlz.googlevideo.com/xpc/EgVo2aDSNQ%3D%3D/playlist_duration/30/manifest_duration/30/bui/AY1jyLPFdwNtPYdTjuLJZIDeLwbb0GxKnDnOSnsyygmSRrKOellA6wsu_8IbMWyv_1_hq8-hRz-EADjB/spc/l3OVKQ3vCQSiP6fDJI5lrnQNgnlfBMvKKMj36CTiYvJi6Ha9b-Eb5oKZ0nMzIYOkL1c/vprv/1/playlist_type/DVR/initcwndbps/2380000/met/1751207097,/mh/Uq/mm/44/mn/sn-25glenlz/ms/lva/mv/m/mvi/2/pl/45/rms/lva,lva/dover/11/pacing/0/keepalive/yes/fexp/51355912/mt/1751206599/sparams/expire,ei,ip,id,itag,source,requiressl,ratebypass,live,sgoap,sgovp,rqh,xpc,playlist_duration,manifest_duration,bui,spc,vprv,playlist_type/sig/AJfQdSswRAIga3HYs_AKwyK64I0GKVGabheBFWhJ-8Wv2KcClZ0VyH8CIC2IXkpxWkPhm_oh7NwTcLMyo7fd7qmpzT5Tpu7-1WEb/lsparams/hls_chunk_host,initcwndbps,met,mh,mm,mn,ms,mv,mvi,pl,rms/lsig/APaTxxMwRQIgGbm8kN3r626gSg9tEX9vd1JJSkQC2PPtuI0eKIJVd1ECIQD2h_cy1T0brIiUYapSoTwaFnEDE9PHdr7xukBpSXGyZg%3D%3D/playlist/index.m3u8
2025-06-29 16:24:30.129 +02:00 [INF] Chemin de sortie : C:\Users\terre\Documents\Strivea\Recordings\YouTube\Botan Ch.獅白ぼたん\Temp\【ナイトレイン】3人で夜を渡る！－ELDEN RING NIGHTREIGN【獅白ぼたん_ホロライブ】_20250629_162430.ts
2025-06-29 16:24:30.183 +02:00 [INF] Enregistrement démarré pour Botan Ch.獅白ぼたん sur YouTube
2025-06-29 16:28:09.790 +02:00 [INF] Démarrage de l'application...
2025-06-29 16:28:09.851 +02:00 [INF] Initialisation de l'application...
2025-06-29 16:28:09.905 +02:00 [INF] Initialisation du framework terminée...
2025-06-29 16:28:09.905 +02:00 [INF] Application Avalonia construite
2025-06-29 16:28:09.907 +02:00 [INF] Configuration des services...
2025-06-29 16:28:09.916 +02:00 [INF] Construction du conteneur DI...
2025-06-29 16:28:10.394 +02:00 [INF] Démarrage de l'application...
2025-06-29 16:28:10.493 +02:00 [INF] Initialisation du framework terminée...
2025-06-29 16:28:10.880 +02:00 [INF] YouTubeStreamDetector initialisé
2025-06-29 16:28:10.885 +02:00 [INF] MainViewModel initialisé
2025-06-29 16:28:10.888 +02:00 [INF] CanStartMonitoring après changement: True
2025-06-29 16:28:10.888 +02:00 [INF] CanStopMonitoring est évalué. IsMonitoring: False
2025-06-29 16:28:10.888 +02:00 [INF] CanStopMonitoring après changement: False
2025-06-29 16:28:10.908 +02:00 [INF] CanStopMonitoring est évalué. IsMonitoring: False
2025-06-29 16:28:10.911 +02:00 [INF] Application démarrée avec succès
2025-06-29 16:28:14.266 +02:00 [INF] Début de la récupération des informations du stream YouTube pour : https://www.youtube.com/@ShishiroBotan
2025-06-29 16:28:15.059 +02:00 [INF] Streamlink trouvé à : C:\Program Files\Streamlink\bin\streamlink.exe
2025-06-29 16:28:15.059 +02:00 [INF] Exécution de streamlink avec les arguments : -j https://www.youtube.com/@ShishiroBotan best
2025-06-29 16:28:15.063 +02:00 [INF] Processus streamlink démarré
2025-06-29 16:28:17.828 +02:00 [INF] Processus streamlink terminé avec le code : 0
2025-06-29 16:28:17.828 +02:00 [INF] Sortie Streamlink (JSON) : {
  "type": "hls",
  "url": "https://manifest.googlevideo.com/api/manifest/hls_playlist/expire/1751228924/ei/nE1haJrXHrSG9fgPyrjLwQ4/ip/2a01:e0a:8f1:aac0:45d9:3371:721e:71e6/id/N73VRC1NVLE.1/itag/301/source/yt_live_broadcast/requiressl/yes/ratebypass/yes/live/1/sgoap/gir%3Dyes%3Bitag%3D140/sgovp/gir%3Dyes%3Bitag%3D299/rqh/1/hls_chunk_host/rr1---sn-25ge7nzr.googlevideo.com/xpc/EgVo2aDSNQ%3D%3D/playlist_duration/30/manifest_duration/30/bui/AY1jyLM5-Jt0EkYy6blRHXmlL57A2Bscq6tp7WqdoQfLFxoIn-8U70FgkXpQtMPWlAN67-wthTcdm5eF/spc/l3OVKXcuHOctC_Q65UviotvN6U7adEA6vaig4BU-mysYt6lL8StLUTJu5EtoYRH4b4M/vprv/1/playlist_type/DVR/initcwndbps/2047500/met/1751207325,/mh/Uq/mm/44/mn/sn-25ge7nzr/ms/lva/mv/m/mvi/1/pl/45/rms/lva,lva/dover/11/pacing/0/keepalive/yes/fexp/51355912/mt/1751206846/sparams/expire,ei,ip,id,itag,source,requiressl,ratebypass,live,sgoap,sgovp,rqh,xpc,playlist_duration,manifest_duration,bui,spc,vprv,playlist_type/sig/AJfQdSswRQIgSubu4DN0R4T0h_7PqWo27va48UwsNwyduLhX7lm7mgYCIQDLaEC1SewVWNJ4oT3qoFZ0LRb91MNeFa81VzYZOO-jVQ%3D%3D/lsparams/hls_chunk_host,initcwndbps,met,mh,mm,mn,ms,mv,mvi,pl,rms/lsig/APaTxxMwRQIhAIAjat2qcu97zajvsWxsoBrXTX2iVEjnox43jBRURadJAiA88QybKm91BqRLJRRv8tJHf08Z5UqbZDD27sBh9rMvew%3D%3D/playlist/index.m3u8",
  "headers": {
    "User-Agent": "Mozilla/5.0 (Windows NT 10.0; Win64; x64) AppleWebKit/537.36 (KHTML, like Gecko) Chrome/134.0.0.0 Safari/537.36",
    "Accept-Encoding": "gzip, deflate, br, zstd",
    "Accept": "*/*",
    "Connection": "keep-alive"
  },
  "master": "https://manifest.googlevideo.com/api/manifest/hls_variant/expire/1751228924/ei/nE1haJrXHrSG9fgPyrjLwQ4/ip/2a01%3Ae0a%3A8f1%3Aaac0%3A45d9%3A3371%3A721e%3A71e6/id/N73VRC1NVLE.1/source/yt_live_broadcast/requiressl/yes/xpc/EgVo2aDSNQ%3D%3D/hfr/1/playlist_duration/30/manifest_duration/30/maudio/1/bui/AY1jyLM5-Jt0EkYy6blRHXmlL57A2Bscq6tp7WqdoQfLFxoIn-8U70FgkXpQtMPWlAN67-wthTcdm5eF/spc/l3OVKXcuHOctC_Q65UviotvN6U7adEA6vaig4BU-mysYt6lL8StLUTJu5EtoYRH4b4M/vprv/1/go/1/rqh/5/pacing/0/nvgoi/1/ncsapi/1/keepalive/yes/fexp/51355912/dover/11/itag/0/playlist_type/DVR/sparams/expire%2Cei%2Cip%2Cid%2Csource%2Crequiressl%2Cxpc%2Chfr%2Cplaylist_duration%2Cmanifest_duration%2Cmaudio%2Cbui%2Cspc%2Cvprv%2Cgo%2Crqh%2Citag%2Cplaylist_type/sig/AJfQdSswRAIgJsBVf9ejE6IWBT39CgmJZE_E7zDlu5xdBAF_E6aLny4CIBN8anAqFa_er4N0z_xK7seJ4p87UqRvyUXR75WJX7B9/file/index.m3u8",
  "metadata": {
    "id": "N73VRC1NVLE",
    "author": "Botan Ch.\u7345\u767d\u307c\u305f\u3093",
    "category": "Gaming",
    "title": "\u3010\u30ca\u30a4\u30c8\u30ec\u30a4\u30f3\u30113\u4eba\u3067\u591c\u3092\u6e21\u308b\uff01\uff0dELDEN RING NIGHTREIGN\u3010\u7345\u767d\u307c\u305f\u3093/\u30db\u30ed\u30e9\u30a4\u30d6\u3011"
  }
}

2025-06-29 16:28:17.830 +02:00 [INF] Récupération de l'URL du stream pour https://www.youtube.com/@ShishiroBotan
2025-06-29 16:28:20.148 +02:00 [INF] IsMonitoring a changé: True
2025-06-29 16:28:20.148 +02:00 [INF] CanStopMonitoring est évalué. IsMonitoring: True
2025-06-29 16:28:20.148 +02:00 [INF] CanStartMonitoring après changement: False
2025-06-29 16:28:20.148 +02:00 [INF] CanStopMonitoring est évalué. IsMonitoring: True
2025-06-29 16:28:20.148 +02:00 [INF] CanStopMonitoring après changement: True
2025-06-29 16:28:20.151 +02:00 [INF] Démarrage de l'enregistrement pour Botan Ch.獅白ぼたん sur YouTube
2025-06-29 16:28:20.151 +02:00 [INF] URL du stream : https://manifest.googlevideo.com/api/manifest/hls_playlist/expire/1751228927/ei/n01haMytDNHUxN8Pl_bo0AY/ip/2a01:e0a:8f1:aac0:45d9:3371:721e:71e6/id/N73VRC1NVLE.1/itag/301/source/yt_live_broadcast/requiressl/yes/ratebypass/yes/live/1/sgoap/gir%3Dyes%3Bitag%3D140/sgovp/gir%3Dyes%3Bitag%3D299/rqh/1/hls_chunk_host/rr2---sn-25glenlz.googlevideo.com/xpc/EgVo2aDSNQ%3D%3D/playlist_duration/30/manifest_duration/30/bui/AY1jyLOEcrVtdaaekyrnee9MvYoHlGH5h9KA1W0vYPUjcvEebBlLfoxwoRjE8RzrYUyQRRw541BgHm-M/spc/l3OVKcOfJBO4RK3LcDEuyiLvZjbte4xh6XO7PFaiZnAtdjT4ZbKf6Ivn5ZzcM2MGAqU/vprv/1/playlist_type/DVR/initcwndbps/2511250/met/1751207327,/mh/Uq/mm/44/mn/sn-25glenlz/ms/lva/mv/m/mvi/2/pl/45/rms/lva,lva/dover/11/pacing/0/keepalive/yes/fexp/51355912/mt/1751206846/sparams/expire,ei,ip,id,itag,source,requiressl,ratebypass,live,sgoap,sgovp,rqh,xpc,playlist_duration,manifest_duration,bui,spc,vprv,playlist_type/sig/AJfQdSswRAIgQpSdZwytfjTMC2f_TwmtMprmV48fn4BGpayuetoANxwCIHymeg1CQdYTJeIJ0SeJ24gZICnWU-CNiNexQ6tTGiGz/lsparams/hls_chunk_host,initcwndbps,met,mh,mm,mn,ms,mv,mvi,pl,rms/lsig/APaTxxMwRQIhAP7GUxbRk15TMDLGsQhOnZg1RZug_t6m7xZRH7p7EAl9AiBhgmsNrfPqIpL8JORzwJw3t1a7rbxXwyo6FsULzxLV3Q%3D%3D/playlist/index.m3u8
2025-06-29 16:28:20.151 +02:00 [INF] Chemin de sortie : C:\Users\terre\Documents\Strivea\Recordings\YouTube\Botan Ch.獅白ぼたん\Temp\【ナイトレイン】3人で夜を渡る！－ELDEN RING NIGHTREIGN【獅白ぼたん_ホロライブ】_20250629_162820.ts
2025-06-29 16:28:20.204 +02:00 [INF] Enregistrement démarré pour Botan Ch.獅白ぼたん sur YouTube
2025-06-29 16:28:31.348 +02:00 [INF] CanStopMonitoring est évalué. IsMonitoring: True
2025-06-29 16:28:31.349 +02:00 [INF] Arrêt de l'enregistrement pour Botan Ch.獅白ぼたん sur YouTube
2025-06-29 16:28:31.353 +02:00 [INF] Enregistrement terminé pour Botan Ch.獅白ぼたん sur YouTube
2025-06-29 16:28:31.353 +02:00 [INF] Durée : 00:00:11
2025-06-29 16:28:31.353 +02:00 [INF] Taille du fichier : 4 MB
2025-06-29 16:28:31.355 +02:00 [INF] [CONCAT] Début de la concaténation des segments vidéo...
2025-06-29 16:28:31.357 +02:00 [INF] [CONCAT] Fichiers .ts à concaténer (1) :
2025-06-29 16:28:31.357 +02:00 [INF] [CONCAT] - C:\Users\terre\Documents\Strivea\Recordings\YouTube\Botan Ch.獅白ぼたん\Temp\【ナイトレイン】3人で夜を渡る！－ELDEN RING NIGHTREIGN【獅白ぼたん_ホロライブ】_20250629_162820.ts
2025-06-29 16:28:31.360 +02:00 [INF] CanStopMonitoring est évalué. IsMonitoring: True
2025-06-29 16:28:31.361 +02:00 [INF] [CONCAT] Début de la conversion en mp4...
2025-06-29 16:28:31.361 +02:00 [INF] Commande FFmpeg concat+reencode : ffmpeg -f concat -safe 0 -i "C:\Users\terre\Documents\Strivea\Recordings\YouTube\Botan Ch.獅白ぼたん\Temp\TempConcat\concat.txt" -c:v libx264 -c:a aac "C:\Users\terre\Documents\Strivea\Recordings\YouTube\Botan Ch.獅白ぼたん\Temp\TempConcat\output.mp4"
2025-06-29 16:28:38.102 +02:00 [ERR] FFmpeg stderr : ffmpeg version 7.1.1-essentials_build-www.gyan.dev Copyright (c) 2000-2025 the FFmpeg developers
  built with gcc 14.2.0 (Rev1, Built by MSYS2 project)
  configuration: --enable-gpl --enable-version3 --enable-static --disable-w32threads --disable-autodetect --enable-fontconfig --enable-iconv --enable-gnutls --enable-libxml2 --enable-gmp --enable-bzlib --enable-lzma --enable-zlib --enable-libsrt --enable-libssh --enable-libzmq --enable-avisynth --enable-sdl2 --enable-libwebp --enable-libx264 --enable-libx265 --enable-libxvid --enable-libaom --enable-libopenjpeg --enable-libvpx --enable-mediafoundation --enable-libass --enable-libfreetype --enable-libfribidi --enable-libharfbuzz --enable-libvidstab --enable-libvmaf --enable-libzimg --enable-amf --enable-cuda-llvm --enable-cuvid --enable-dxva2 --enable-d3d11va --enable-d3d12va --enable-ffnvcodec --enable-libvpl --enable-nvdec --enable-nvenc --enable-vaapi --enable-libgme --enable-libopenmpt --enable-libopencore-amrwb --enable-libmp3lame --enable-libtheora --enable-libvo-amrwbenc --enable-libgsm --enable-libopencore-amrnb --enable-libopus --enable-libspeex --enable-libvorbis --enable-librubberband
  libavutil      59. 39.100 / 59. 39.100
  libavcodec     61. 19.101 / 61. 19.101
  libavformat    61.  7.100 / 61.  7.100
  libavdevice    61.  3.100 / 61.  3.100
  libavfilter    10.  4.100 / 10.  4.100
  libswscale      8.  3.100 /  8.  3.100
  libswresample   5.  3.100 /  5.  3.100
  libpostproc    58.  3.100 / 58.  3.100
[mpegts @ 0000023a854ab6c0] PES packet size mismatch
[mpegts @ 0000023a854ab6c0] Packet corrupt (stream = 1, dts = 1118466000).
Input #0, concat, from 'C:\Users\terre\Documents\Strivea\Recordings\YouTube\Botan Ch.ç…ç™½ã¼ãŸã‚“\Temp\TempConcat\concat.txt':
  Duration: N/A, start: 0.000000, bitrate: 130 kb/s
  Stream #0:0: Audio: aac (LC) ([15][0][0][0] / 0x000F), 44100 Hz, stereo, fltp, 130 kb/s
  Stream #0:1: Video: h264 (Main) ([27][0][0][0] / 0x001B), yuv420p(tv, bt709, progressive), 1920x1080 [SAR 1:1 DAR 16:9], 60 fps, 60 tbr, 90k tbn
Stream mapping:
  Stream #0:1 -> #0:0 (h264 (native) -> h264 (libx264))
  Stream #0:0 -> #0:1 (aac (native) -> aac (native))
Press [q] to stop, [?] for help
[libx264 @ 0000023a85fd0c00] using SAR=1/1
[libx264 @ 0000023a85fd0c00] using cpu capabilities: MMX2 SSE2Fast SSSE3 SSE4.2 AVX FMA3 BMI2 AVX2 AVX512
[libx264 @ 0000023a85fd0c00] profile High, level 4.2, 4:2:0, 8-bit
[libx264 @ 0000023a85fd0c00] 264 - core 164 r3204 373697b - H.264/MPEG-4 AVC codec - Copyleft 2003-2025 - http://www.videolan.org/x264.html - options: cabac=1 ref=3 deblock=1:0:0 analyse=0x3:0x113 me=hex subme=7 psy=1 psy_rd=1.00:0.00 mixed_ref=1 me_range=16 chroma_me=1 trellis=1 8x8dct=1 cqm=0 deadzone=21,11 fast_pskip=1 chroma_qp_offset=-2 threads=24 lookahead_threads=4 sliced_threads=0 nr=0 decimate=1 interlaced=0 bluray_compat=0 constrained_intra=0 bframes=3 b_pyramid=2 b_adapt=1 b_bias=0 direct=1 weightb=1 open_gop=0 weightp=2 keyint=250 keyint_min=25 scenecut=40 intra_refresh=0 rc_lookahead=40 rc=crf mbtree=1 crf=23.0 qcomp=0.60 qpmin=0 qpmax=69 qpstep=4 ip_ratio=1.40 aq=1:1.00
Output #0, mp4, to 'C:\Users\terre\Documents\Strivea\Recordings\YouTube\Botan Ch.ç…ç™½ã¼ãŸã‚“\Temp\TempConcat\output.mp4':
  Metadata:
    encoder         : Lavf61.7.100
  Stream #0:0: Video: h264 (avc1 / 0x31637661), yuv420p(tv, bt709, progressive), 1920x1080 [SAR 1:1 DAR 16:9], q=2-31, 60 fps, 15360 tbn
      Metadata:
        encoder         : Lavc61.19.101 libx264
      Side data:
        cpb: bitrate max/min/avg: 0/0/0 buffer size: 0 vbv_delay: N/A
  Stream #0:1: Audio: aac (LC) (mp4a / 0x6134706D), 44100 Hz, stereo, fltp, 128 kb/s
      Metadata:
        encoder         : Lavc61.19.101 aac
frame=   15 fps=0.0 q=31.0 size=     256KiB time=00:00:00.21 bitrate=9680.9kbits/s speed=0.425x    
frame=   82 fps= 80 q=31.0 size=    1024KiB time=00:00:01.33 bitrate=6291.7kbits/s speed=1.29x    
frame=  140 fps= 91 q=31.0 size=    1792KiB time=00:00:02.30 bitrate=6382.8kbits/s speed=1.49x    
frame=  194 fps= 94 q=31.0 size=    2304KiB time=00:00:03.20 bitrate=5898.4kbits/s speed=1.55x    
frame=  257 fps=100 q=31.0 size=    3328KiB time=00:00:04.25 bitrate=6414.9kbits/s speed=1.65x    
frame=  326 fps=105 q=31.0 size=    4096KiB time=00:00:05.40 bitrate=6213.9kbits/s speed=1.74x    
frame=  393 fps=109 q=31.0 size=    4864KiB time=00:00:06.51 bitrate=6114.5kbits/s speed=1.81x    
frame=  480 fps=117 q=31.0 size=    5376KiB time=00:00:07.96 bitrate=5528.1kbits/s speed=1.93x    
frame=  575 fps=124 q=31.0 size=    6144KiB time=00:00:09.55 bitrate=5270.4kbits/s speed=2.06x    
frame=  667 fps=130 q=31.0 size=    6400KiB time=00:00:11.08 bitrate=4730.5kbits/s speed=2.15x    
[mpegts @ 0000023a854ab6c0] PES packet size mismatch
[mpegts @ 0000023a854ab6c0] Packet corrupt (stream = 1, dts = 1118466000).
[concat @ 0000023a8549f580] Packet corrupt (stream = 1, dts = 1255500).
[in#0/concat @ 0000023a8549f1c0] corrupt input packet in stream 1
[h264 @ 0000023a8556db80] error while decoding MB 22 22, bytestream -5
[h264 @ 0000023a8556db80] concealing 5547 DC, 5547 AC, 5547 MV errors in P frame
[vist#0:1/h264 @ 0000023a854b2640] [dec:h264 @ 0000023a857703c0] corrupt decoded frame
frame=  758 fps=134 q=31.0 size=    7168KiB time=00:00:12.60 bitrate=4660.4kbits/s speed=2.22x    
[out#0/mp4 @ 0000023a854b39c0] video:7489KiB audio:219KiB subtitle:0KiB other streams:0KiB global headers:0KiB muxing overhead: 0.267600%
frame=  839 fps=141 q=-1.0 Lsize=    7728KiB time=00:00:13.95 bitrate=4538.2kbits/s speed=2.34x    
[libx264 @ 0000023a85fd0c00] frame I:4     Avg QP:21.04  size:132706
[libx264 @ 0000023a85fd0c00] frame P:533   Avg QP:24.78  size: 12041
[libx264 @ 0000023a85fd0c00] frame B:302   Avg QP:29.38  size:  2381
[libx264 @ 0000023a85fd0c00] consecutive B-frames: 50.8%  2.1%  4.6% 42.4%
[libx264 @ 0000023a85fd0c00] mb I  I16..4: 12.8% 57.7% 29.5%
[libx264 @ 0000023a85fd0c00] mb P  I16..4:  2.7%  4.5%  0.3%  P16..4: 25.4%  2.0%  0.8%  0.0%  0.0%    skip:64.2%
[libx264 @ 0000023a85fd0c00] mb B  I16..4:  0.0%  0.1%  0.0%  B16..8: 20.8%  0.4%  0.1%  direct: 0.2%  skip:78.4%  L0:52.0% L1:47.4% BI: 0.6%
[libx264 @ 0000023a85fd0c00] 8x8 transform intra:59.7% inter:78.5%
[libx264 @ 0000023a85fd0c00] coded y,uvDC,uvAC intra: 43.6% 41.7% 4.4% inter: 3.9% 2.9% 0.1%
[libx264 @ 0000023a85fd0c00] i16 v,h,dc,p: 19% 35% 14% 32%
[libx264 @ 0000023a85fd0c00] i8 v,h,dc,ddl,ddr,vr,hd,vl,hu: 23% 26% 22%  4%  4%  4%  5%  5%  7%
[libx264 @ 0000023a85fd0c00] i4 v,h,dc,ddl,ddr,vr,hd,vl,hu: 30% 22% 16%  5%  5%  6%  5%  6%  4%
[libx264 @ 0000023a85fd0c00] i8c dc,h,v,p: 52% 26% 17%  5%
[libx264 @ 0000023a85fd0c00] Weighted P-Frames: Y:0.0% UV:0.0%
[libx264 @ 0000023a85fd0c00] ref P L0: 77.9% 11.7%  8.3%  2.2%
[libx264 @ 0000023a85fd0c00] ref B L0: 89.3% 10.0%  0.7%
[libx264 @ 0000023a85fd0c00] ref B L1: 96.0%  4.0%
[libx264 @ 0000023a85fd0c00] kb/s:4386.69
[aac @ 0000023a8553b4c0] Qavg: 487.275

2025-06-29 16:28:38.115 +02:00 [INF] FFmpeg terminé avec code 0
2025-06-29 16:28:38.115 +02:00 [INF] FFmpeg concat+reencode result: 
[stderr]
ffmpeg version 7.1.1-essentials_build-www.gyan.dev Copyright (c) 2000-2025 the FFmpeg developers
  built with gcc 14.2.0 (Rev1, Built by MSYS2 project)
  configuration: --enable-gpl --enable-version3 --enable-static --disable-w32threads --disable-autodetect --enable-fontconfig --enable-iconv --enable-gnutls --enable-libxml2 --enable-gmp --enable-bzlib --enable-lzma --enable-zlib --enable-libsrt --enable-libssh --enable-libzmq --enable-avisynth --enable-sdl2 --enable-libwebp --enable-libx264 --enable-libx265 --enable-libxvid --enable-libaom --enable-libopenjpeg --enable-libvpx --enable-mediafoundation --enable-libass --enable-libfreetype --enable-libfribidi --enable-libharfbuzz --enable-libvidstab --enable-libvmaf --enable-libzimg --enable-amf --enable-cuda-llvm --enable-cuvid --enable-dxva2 --enable-d3d11va --enable-d3d12va --enable-ffnvcodec --enable-libvpl --enable-nvdec --enable-nvenc --enable-vaapi --enable-libgme --enable-libopenmpt --enable-libopencore-amrwb --enable-libmp3lame --enable-libtheora --enable-libvo-amrwbenc --enable-libgsm --enable-libopencore-amrnb --enable-libopus --enable-libspeex --enable-libvorbis --enable-librubberband
  libavutil      59. 39.100 / 59. 39.100
  libavcodec     61. 19.101 / 61. 19.101
  libavformat    61.  7.100 / 61.  7.100
  libavdevice    61.  3.100 / 61.  3.100
  libavfilter    10.  4.100 / 10.  4.100
  libswscale      8.  3.100 /  8.  3.100
  libswresample   5.  3.100 /  5.  3.100
  libpostproc    58.  3.100 / 58.  3.100
[mpegts @ 0000023a854ab6c0] PES packet size mismatch
[mpegts @ 0000023a854ab6c0] Packet corrupt (stream = 1, dts = 1118466000).
Input #0, concat, from 'C:\Users\terre\Documents\Strivea\Recordings\YouTube\Botan Ch.ç…ç™½ã¼ãŸã‚“\Temp\TempConcat\concat.txt':
  Duration: N/A, start: 0.000000, bitrate: 130 kb/s
  Stream #0:0: Audio: aac (LC) ([15][0][0][0] / 0x000F), 44100 Hz, stereo, fltp, 130 kb/s
  Stream #0:1: Video: h264 (Main) ([27][0][0][0] / 0x001B), yuv420p(tv, bt709, progressive), 1920x1080 [SAR 1:1 DAR 16:9], 60 fps, 60 tbr, 90k tbn
Stream mapping:
  Stream #0:1 -> #0:0 (h264 (native) -> h264 (libx264))
  Stream #0:0 -> #0:1 (aac (native) -> aac (native))
Press [q] to stop, [?] for help
[libx264 @ 0000023a85fd0c00] using SAR=1/1
[libx264 @ 0000023a85fd0c00] using cpu capabilities: MMX2 SSE2Fast SSSE3 SSE4.2 AVX FMA3 BMI2 AVX2 AVX512
[libx264 @ 0000023a85fd0c00] profile High, level 4.2, 4:2:0, 8-bit
[libx264 @ 0000023a85fd0c00] 264 - core 164 r3204 373697b - H.264/MPEG-4 AVC codec - Copyleft 2003-2025 - http://www.videolan.org/x264.html - options: cabac=1 ref=3 deblock=1:0:0 analyse=0x3:0x113 me=hex subme=7 psy=1 psy_rd=1.00:0.00 mixed_ref=1 me_range=16 chroma_me=1 trellis=1 8x8dct=1 cqm=0 deadzone=21,11 fast_pskip=1 chroma_qp_offset=-2 threads=24 lookahead_threads=4 sliced_threads=0 nr=0 decimate=1 interlaced=0 bluray_compat=0 constrained_intra=0 bframes=3 b_pyramid=2 b_adapt=1 b_bias=0 direct=1 weightb=1 open_gop=0 weightp=2 keyint=250 keyint_min=25 scenecut=40 intra_refresh=0 rc_lookahead=40 rc=crf mbtree=1 crf=23.0 qcomp=0.60 qpmin=0 qpmax=69 qpstep=4 ip_ratio=1.40 aq=1:1.00
Output #0, mp4, to 'C:\Users\terre\Documents\Strivea\Recordings\YouTube\Botan Ch.ç…ç™½ã¼ãŸã‚“\Temp\TempConcat\output.mp4':
  Metadata:
    encoder         : Lavf61.7.100
  Stream #0:0: Video: h264 (avc1 / 0x31637661), yuv420p(tv, bt709, progressive), 1920x1080 [SAR 1:1 DAR 16:9], q=2-31, 60 fps, 15360 tbn
      Metadata:
        encoder         : Lavc61.19.101 libx264
      Side data:
        cpb: bitrate max/min/avg: 0/0/0 buffer size: 0 vbv_delay: N/A
  Stream #0:1: Audio: aac (LC) (mp4a / 0x6134706D), 44100 Hz, stereo, fltp, 128 kb/s
      Metadata:
        encoder         : Lavc61.19.101 aac
frame=   15 fps=0.0 q=31.0 size=     256KiB time=00:00:00.21 bitrate=9680.9kbits/s speed=0.425x    
frame=   82 fps= 80 q=31.0 size=    1024KiB time=00:00:01.33 bitrate=6291.7kbits/s speed=1.29x    
frame=  140 fps= 91 q=31.0 size=    1792KiB time=00:00:02.30 bitrate=6382.8kbits/s speed=1.49x    
frame=  194 fps= 94 q=31.0 size=    2304KiB time=00:00:03.20 bitrate=5898.4kbits/s speed=1.55x    
frame=  257 fps=100 q=31.0 size=    3328KiB time=00:00:04.25 bitrate=6414.9kbits/s speed=1.65x    
frame=  326 fps=105 q=31.0 size=    4096KiB time=00:00:05.40 bitrate=6213.9kbits/s speed=1.74x    
frame=  393 fps=109 q=31.0 size=    4864KiB time=00:00:06.51 bitrate=6114.5kbits/s speed=1.81x    
frame=  480 fps=117 q=31.0 size=    5376KiB time=00:00:07.96 bitrate=5528.1kbits/s speed=1.93x    
frame=  575 fps=124 q=31.0 size=    6144KiB time=00:00:09.55 bitrate=5270.4kbits/s speed=2.06x    
frame=  667 fps=130 q=31.0 size=    6400KiB time=00:00:11.08 bitrate=4730.5kbits/s speed=2.15x    
[mpegts @ 0000023a854ab6c0] PES packet size mismatch
[mpegts @ 0000023a854ab6c0] Packet corrupt (stream = 1, dts = 1118466000).
[concat @ 0000023a8549f580] Packet corrupt (stream = 1, dts = 1255500).
[in#0/concat @ 0000023a8549f1c0] corrupt input packet in stream 1
[h264 @ 0000023a8556db80] error while decoding MB 22 22, bytestream -5
[h264 @ 0000023a8556db80] concealing 5547 DC, 5547 AC, 5547 MV errors in P frame
[vist#0:1/h264 @ 0000023a854b2640] [dec:h264 @ 0000023a857703c0] corrupt decoded frame
frame=  758 fps=134 q=31.0 size=    7168KiB time=00:00:12.60 bitrate=4660.4kbits/s speed=2.22x    
[out#0/mp4 @ 0000023a854b39c0] video:7489KiB audio:219KiB subtitle:0KiB other streams:0KiB global headers:0KiB muxing overhead: 0.267600%
frame=  839 fps=141 q=-1.0 Lsize=    7728KiB time=00:00:13.95 bitrate=4538.2kbits/s speed=2.34x    
[libx264 @ 0000023a85fd0c00] frame I:4     Avg QP:21.04  size:132706
[libx264 @ 0000023a85fd0c00] frame P:533   Avg QP:24.78  size: 12041
[libx264 @ 0000023a85fd0c00] frame B:302   Avg QP:29.38  size:  2381
[libx264 @ 0000023a85fd0c00] consecutive B-frames: 50.8%  2.1%  4.6% 42.4%
[libx264 @ 0000023a85fd0c00] mb I  I16..4: 12.8% 57.7% 29.5%
[libx264 @ 0000023a85fd0c00] mb P  I16..4:  2.7%  4.5%  0.3%  P16..4: 25.4%  2.0%  0.8%  0.0%  0.0%    skip:64.2%
[libx264 @ 0000023a85fd0c00] mb B  I16..4:  0.0%  0.1%  0.0%  B16..8: 20.8%  0.4%  0.1%  direct: 0.2%  skip:78.4%  L0:52.0% L1:47.4% BI: 0.6%
[libx264 @ 0000023a85fd0c00] 8x8 transform intra:59.7% inter:78.5%
[libx264 @ 0000023a85fd0c00] coded y,uvDC,uvAC intra: 43.6% 41.7% 4.4% inter: 3.9% 2.9% 0.1%
[libx264 @ 0000023a85fd0c00] i16 v,h,dc,p: 19% 35% 14% 32%
[libx264 @ 0000023a85fd0c00] i8 v,h,dc,ddl,ddr,vr,hd,vl,hu: 23% 26% 22%  4%  4%  4%  5%  5%  7%
[libx264 @ 0000023a85fd0c00] i4 v,h,dc,ddl,ddr,vr,hd,vl,hu: 30% 22% 16%  5%  5%  6%  5%  6%  4%
[libx264 @ 0000023a85fd0c00] i8c dc,h,v,p: 52% 26% 17%  5%
[libx264 @ 0000023a85fd0c00] Weighted P-Frames: Y:0.0% UV:0.0%
[libx264 @ 0000023a85fd0c00] ref P L0: 77.9% 11.7%  8.3%  2.2%
[libx264 @ 0000023a85fd0c00] ref B L0: 89.3% 10.0%  0.7%
[libx264 @ 0000023a85fd0c00] ref B L1: 96.0%  4.0%
[libx264 @ 0000023a85fd0c00] kb/s:4386.69
[aac @ 0000023a8553b4c0] Qavg: 487.275

2025-06-29 16:28:38.117 +02:00 [INF] [CONCAT] Déplacement du fichier final vers : C:\Users\terre\Documents\Strivea\Recordings\YouTube\Botan Ch.獅白ぼたん\【ナイトレイン】3人で夜を渡る！－ELDEN RING NIGHTREIGN【獅白ぼたん_ホロライブ】.mp4
2025-06-29 16:28:38.117 +02:00 [INF] [CONCAT] Fichier final déplacé vers : C:\Users\terre\Documents\Strivea\Recordings\YouTube\Botan Ch.獅白ぼたん\【ナイトレイン】3人で夜を渡る！－ELDEN RING NIGHTREIGN【獅白ぼたん_ホロライブ】.mp4
2025-06-29 16:28:38.117 +02:00 [INF] [CONCAT] Concaténation et conversion terminées avec succès.
2025-06-29 16:28:38.118 +02:00 [INF] CanStopMonitoring est évalué. IsMonitoring: True
2025-06-29 16:28:38.120 +02:00 [INF] IsMonitoring a changé: False
2025-06-29 16:28:38.120 +02:00 [INF] CanStopMonitoring est évalué. IsMonitoring: False
2025-06-29 16:28:38.120 +02:00 [INF] CanStartMonitoring après changement: True
2025-06-29 16:28:38.120 +02:00 [INF] CanStopMonitoring est évalué. IsMonitoring: False
2025-06-29 16:28:38.120 +02:00 [INF] CanStopMonitoring après changement: False
2025-06-29 16:28:38.120 +02:00 [INF] [DEBUG] IsMonitoring forcé à False dans finally StopMonitoringAsync
2025-06-29 16:28:38.120 +02:00 [INF] CanStopMonitoring est évalué. IsMonitoring: False
2025-06-29 16:28:50.768 +02:00 [INF] Début de la récupération des informations du stream YouTube pour : https://www.youtube.com/watch?v=N73VRC1NVLE
2025-06-29 16:28:50.922 +02:00 [INF] Streamlink trouvé à : C:\Program Files\Streamlink\bin\streamlink.exe
2025-06-29 16:28:50.923 +02:00 [INF] Exécution de streamlink avec les arguments : -j https://www.youtube.com/watch?v=N73VRC1NVLE best
2025-06-29 16:28:50.926 +02:00 [INF] Processus streamlink démarré
2025-06-29 16:28:52.855 +02:00 [INF] Processus streamlink terminé avec le code : 0
2025-06-29 16:28:52.855 +02:00 [INF] Sortie Streamlink (JSON) : {
  "type": "hls",
  "url": "https://manifest.googlevideo.com/api/manifest/hls_playlist/expire/1751228959/ei/v01haKvVMf2ip-oPgO-WUQ/ip/2a01:e0a:8f1:aac0:45d9:3371:721e:71e6/id/N73VRC1NVLE.1/itag/301/source/yt_live_broadcast/requiressl/yes/ratebypass/yes/live/1/sgoap/gir%3Dyes%3Bitag%3D140/sgovp/gir%3Dyes%3Bitag%3D299/rqh/1/hls_chunk_host/rr2---sn-25glenlz.googlevideo.com/xpc/EgVo2aDSNQ%3D%3D/playlist_duration/30/manifest_duration/30/bui/AY1jyLPelKK_PsRU-euHTl46ljq63oKajnI74dmvM89m6vcEd7iIooxfgLzSNRFY7I36qSpueoj8euna/spc/l3OVKeLKuu881INK7M1Aw2hEcc1Gceffwl9716x5ZEBvnPaFLS-6ryBOuFO8dRTgDLx5A9gTQ5o/vprv/1/playlist_type/DVR/initcwndbps/2492500/met/1751207360,/mh/Uq/mm/44/mn/sn-25glenlz/ms/lva/mv/m/mvi/2/pl/45/rms/lva,lva/dover/11/pacing/0/keepalive/yes/fexp/51355912/mt/1751206846/sparams/expire,ei,ip,id,itag,source,requiressl,ratebypass,live,sgoap,sgovp,rqh,xpc,playlist_duration,manifest_duration,bui,spc,vprv,playlist_type/sig/AJfQdSswRgIhAOcOT6ftEGUpdbHwCAeCI0mrze_-zeMxq77N3y4zHejiAiEA0nkgUSjcPl6SXbaHcFHfRVf6ExJ-tt4eRaUvACDnly4%3D/lsparams/hls_chunk_host,initcwndbps,met,mh,mm,mn,ms,mv,mvi,pl,rms/lsig/APaTxxMwRQIhAPcZ1FoeLVqokLn4taKKqeQNaXGxEVpmbkKb9-GTxw8GAiAxvEXQGX72VxqFyjp01daetlwm39z6lvYVedRZaKEOYQ%3D%3D/playlist/index.m3u8",
  "headers": {
    "User-Agent": "Mozilla/5.0 (Windows NT 10.0; Win64; x64) AppleWebKit/537.36 (KHTML, like Gecko) Chrome/134.0.0.0 Safari/537.36",
    "Accept-Encoding": "gzip, deflate, br, zstd",
    "Accept": "*/*",
    "Connection": "keep-alive"
  },
  "master": "https://manifest.googlevideo.com/api/manifest/hls_variant/expire/1751228959/ei/v01haKvVMf2ip-oPgO-WUQ/ip/2a01%3Ae0a%3A8f1%3Aaac0%3A45d9%3A3371%3A721e%3A71e6/id/N73VRC1NVLE.1/source/yt_live_broadcast/requiressl/yes/xpc/EgVo2aDSNQ%3D%3D/hfr/1/playlist_duration/30/manifest_duration/30/maudio/1/bui/AY1jyLPelKK_PsRU-euHTl46ljq63oKajnI74dmvM89m6vcEd7iIooxfgLzSNRFY7I36qSpueoj8euna/spc/l3OVKeLKuu881INK7M1Aw2hEcc1Gceffwl9716x5ZEBvnPaFLS-6ryBOuFO8dRTgDLx5A9gTQ5o/vprv/1/go/1/rqh/5/pacing/0/nvgoi/1/ncsapi/1/keepalive/yes/fexp/51355912/dover/11/itag/0/playlist_type/DVR/sparams/expire%2Cei%2Cip%2Cid%2Csource%2Crequiressl%2Cxpc%2Chfr%2Cplaylist_duration%2Cmanifest_duration%2Cmaudio%2Cbui%2Cspc%2Cvprv%2Cgo%2Crqh%2Citag%2Cplaylist_type/sig/AJfQdSswRAIgdUUYR3gO7zIFQqQ_S2BhTTJ5Svayfm8BCN30PSr2r_sCIB0Z7Ru0rfflfbxIwv3IIxmFBFHROlxYAEPf14CpHvSc/file/index.m3u8",
  "metadata": {
    "id": "N73VRC1NVLE",
    "author": "Botan Ch.\u7345\u767d\u307c\u305f\u3093",
    "category": "Gaming",
    "title": "\u3010\u30ca\u30a4\u30c8\u30ec\u30a4\u30f3\u30113\u4eba\u3067\u591c\u3092\u6e21\u308b\uff01\uff0dELDEN RING NIGHTREIGN\u3010\u7345\u767d\u307c\u305f\u3093/\u30db\u30ed\u30e9\u30a4\u30d6\u3011"
  }
}

2025-06-29 16:28:52.865 +02:00 [INF] Récupération de l'URL du stream pour https://www.youtube.com/watch?v=N73VRC1NVLE
2025-06-29 16:28:54.550 +02:00 [INF] IsMonitoring a changé: True
2025-06-29 16:28:54.550 +02:00 [INF] CanStopMonitoring est évalué. IsMonitoring: True
2025-06-29 16:28:54.550 +02:00 [INF] CanStartMonitoring après changement: False
2025-06-29 16:28:54.550 +02:00 [INF] CanStopMonitoring est évalué. IsMonitoring: True
2025-06-29 16:28:54.550 +02:00 [INF] CanStopMonitoring après changement: True
2025-06-29 16:28:54.550 +02:00 [INF] Démarrage de l'enregistrement pour Botan Ch.獅白ぼたん sur YouTube
2025-06-29 16:28:54.551 +02:00 [INF] URL du stream : https://manifest.googlevideo.com/api/manifest/hls_playlist/expire/1751228961/ei/wU1haLHSIumIvdIPmd-F6Aw/ip/2a01:e0a:8f1:aac0:45d9:3371:721e:71e6/id/N73VRC1NVLE.1/itag/301/source/yt_live_broadcast/requiressl/yes/ratebypass/yes/live/1/sgoap/gir%3Dyes%3Bitag%3D140/sgovp/gir%3Dyes%3Bitag%3D299/rqh/1/hls_chunk_host/rr1---sn-25ge7nzr.googlevideo.com/xpc/EgVo2aDSNQ%3D%3D/playlist_duration/30/manifest_duration/30/bui/AY1jyLMesQEDLBSV8U4-DL7y5_2MHTLKr85LzZOXQ94dCYt5WsH_QyQwm6cEqPKfIngiRk4ppgUyF5aF/spc/l3OVKZo9oXWsFVUI7QcYqlGQOivdGNhDBgvrTiBfo2pWkxIqSN6zS9O_lp2iMUguNjjDPERF9Rc/vprv/1/playlist_type/DVR/initcwndbps/2421250/met/1751207362,/mh/Uq/mm/44/mn/sn-25ge7nzr/ms/lva/mv/m/mvi/1/pl/45/rms/lva,lva/dover/11/pacing/0/keepalive/yes/fexp/51355912,51476175/mt/1751206846/sparams/expire,ei,ip,id,itag,source,requiressl,ratebypass,live,sgoap,sgovp,rqh,xpc,playlist_duration,manifest_duration,bui,spc,vprv,playlist_type/sig/AJfQdSswRQIhAMjashJmfRhs4T4iQGm9lQHAz2kK6pN6eEcC0q6CmAVYAiB4tbLgbMZQo28ASo1SG9DiCrJM6-rEE46JxtM9PSX1CA%3D%3D/lsparams/hls_chunk_host,initcwndbps,met,mh,mm,mn,ms,mv,mvi,pl,rms/lsig/APaTxxMwRQIhAIOx8aKgYiF0Ql60LDsd83rj1pyXjtCIv0FoZ9OTQJ9hAiBZDEuVAYtHLKOAQwwP0aEiLQ0QARw_gJF2UBSRrF0-ZA%3D%3D/playlist/index.m3u8
2025-06-29 16:28:54.551 +02:00 [INF] Chemin de sortie : C:\Users\terre\Documents\Strivea\Recordings\YouTube\Botan Ch.獅白ぼたん\Temp\【ナイトレイン】3人で夜を渡る！－ELDEN RING NIGHTREIGN【獅白ぼたん_ホロライブ】_20250629_162854.ts
2025-06-29 16:28:54.610 +02:00 [INF] Enregistrement démarré pour Botan Ch.獅白ぼたん sur YouTube
2025-06-29 16:29:03.103 +02:00 [INF] CanStopMonitoring est évalué. IsMonitoring: True
2025-06-29 16:29:03.103 +02:00 [INF] Arrêt de l'enregistrement pour Botan Ch.獅白ぼたん sur YouTube
2025-06-29 16:29:03.104 +02:00 [INF] Enregistrement terminé pour Botan Ch.獅白ぼたん sur YouTube
2025-06-29 16:29:03.104 +02:00 [INF] Durée : 00:00:08
2025-06-29 16:29:03.104 +02:00 [INF] Taille du fichier : 5 MB
2025-06-29 16:29:03.104 +02:00 [INF] [CONCAT] Début de la concaténation des segments vidéo...
2025-06-29 16:29:03.105 +02:00 [INF] [CONCAT] Fichiers .ts à concaténer (2) :
2025-06-29 16:29:03.105 +02:00 [INF] [CONCAT] - C:\Users\terre\Documents\Strivea\Recordings\YouTube\Botan Ch.獅白ぼたん\Temp\【ナイトレイン】3人で夜を渡る！－ELDEN RING NIGHTREIGN【獅白ぼたん_ホロライブ】_20250629_162820.ts
2025-06-29 16:29:03.105 +02:00 [INF] [CONCAT] - C:\Users\terre\Documents\Strivea\Recordings\YouTube\Botan Ch.獅白ぼたん\Temp\【ナイトレイン】3人で夜を渡る！－ELDEN RING NIGHTREIGN【獅白ぼたん_ホロライブ】_20250629_162854.ts
2025-06-29 16:29:03.111 +02:00 [INF] CanStopMonitoring est évalué. IsMonitoring: True
2025-06-29 16:29:03.111 +02:00 [INF] [CONCAT] Début de la conversion en mp4...
2025-06-29 16:29:03.111 +02:00 [INF] Commande FFmpeg concat+reencode : ffmpeg -f concat -safe 0 -i "C:\Users\terre\Documents\Strivea\Recordings\YouTube\Botan Ch.獅白ぼたん\Temp\TempConcat\concat.txt" -c:v libx264 -c:a aac "C:\Users\terre\Documents\Strivea\Recordings\YouTube\Botan Ch.獅白ぼたん\Temp\TempConcat\output.mp4"
2025-06-29 16:29:17.310 +02:00 [ERR] FFmpeg stderr : ffmpeg version 7.1.1-essentials_build-www.gyan.dev Copyright (c) 2000-2025 the FFmpeg developers
  built with gcc 14.2.0 (Rev1, Built by MSYS2 project)
  configuration: --enable-gpl --enable-version3 --enable-static --disable-w32threads --disable-autodetect --enable-fontconfig --enable-iconv --enable-gnutls --enable-libxml2 --enable-gmp --enable-bzlib --enable-lzma --enable-zlib --enable-libsrt --enable-libssh --enable-libzmq --enable-avisynth --enable-sdl2 --enable-libwebp --enable-libx264 --enable-libx265 --enable-libxvid --enable-libaom --enable-libopenjpeg --enable-libvpx --enable-mediafoundation --enable-libass --enable-libfreetype --enable-libfribidi --enable-libharfbuzz --enable-libvidstab --enable-libvmaf --enable-libzimg --enable-amf --enable-cuda-llvm --enable-cuvid --enable-dxva2 --enable-d3d11va --enable-d3d12va --enable-ffnvcodec --enable-libvpl --enable-nvdec --enable-nvenc --enable-vaapi --enable-libgme --enable-libopenmpt --enable-libopencore-amrwb --enable-libmp3lame --enable-libtheora --enable-libvo-amrwbenc --enable-libgsm --enable-libopencore-amrnb --enable-libopus --enable-libspeex --enable-libvorbis --enable-librubberband
  libavutil      59. 39.100 / 59. 39.100
  libavcodec     61. 19.101 / 61. 19.101
  libavformat    61.  7.100 / 61.  7.100
  libavdevice    61.  3.100 / 61.  3.100
  libavfilter    10.  4.100 / 10.  4.100
  libswscale      8.  3.100 /  8.  3.100
  libswresample   5.  3.100 /  5.  3.100
  libpostproc    58.  3.100 / 58.  3.100
[mpegts @ 000001f7101db6c0] PES packet size mismatch
[mpegts @ 000001f7101db6c0] Packet corrupt (stream = 1, dts = 1118466000).
Input #0, concat, from 'C:\Users\terre\Documents\Strivea\Recordings\YouTube\Botan Ch.ç…ç™½ã¼ãŸã‚“\Temp\TempConcat\concat.txt':
  Duration: N/A, start: 0.000000, bitrate: 130 kb/s
  Stream #0:0: Audio: aac (LC) ([15][0][0][0] / 0x000F), 44100 Hz, stereo, fltp, 130 kb/s
  Stream #0:1: Video: h264 (Main) ([27][0][0][0] / 0x001B), yuv420p(tv, bt709, progressive), 1920x1080 [SAR 1:1 DAR 16:9], 60 fps, 60 tbr, 90k tbn
Stream mapping:
  Stream #0:1 -> #0:0 (h264 (native) -> h264 (libx264))
  Stream #0:0 -> #0:1 (aac (native) -> aac (native))
Press [q] to stop, [?] for help
[libx264 @ 000001f71089e840] using SAR=1/1
[libx264 @ 000001f71089e840] using cpu capabilities: MMX2 SSE2Fast SSSE3 SSE4.2 AVX FMA3 BMI2 AVX2 AVX512
[libx264 @ 000001f71089e840] profile High, level 4.2, 4:2:0, 8-bit
[libx264 @ 000001f71089e840] 264 - core 164 r3204 373697b - H.264/MPEG-4 AVC codec - Copyleft 2003-2025 - http://www.videolan.org/x264.html - options: cabac=1 ref=3 deblock=1:0:0 analyse=0x3:0x113 me=hex subme=7 psy=1 psy_rd=1.00:0.00 mixed_ref=1 me_range=16 chroma_me=1 trellis=1 8x8dct=1 cqm=0 deadzone=21,11 fast_pskip=1 chroma_qp_offset=-2 threads=24 lookahead_threads=4 sliced_threads=0 nr=0 decimate=1 interlaced=0 bluray_compat=0 constrained_intra=0 bframes=3 b_pyramid=2 b_adapt=1 b_bias=0 direct=1 weightb=1 open_gop=0 weightp=2 keyint=250 keyint_min=25 scenecut=40 intra_refresh=0 rc_lookahead=40 rc=crf mbtree=1 crf=23.0 qcomp=0.60 qpmin=0 qpmax=69 qpstep=4 ip_ratio=1.40 aq=1:1.00
Output #0, mp4, to 'C:\Users\terre\Documents\Strivea\Recordings\YouTube\Botan Ch.ç…ç™½ã¼ãŸã‚“\Temp\TempConcat\output.mp4':
  Metadata:
    encoder         : Lavf61.7.100
  Stream #0:0: Video: h264 (avc1 / 0x31637661), yuv420p(tv, bt709, progressive), 1920x1080 [SAR 1:1 DAR 16:9], q=2-31, 60 fps, 15360 tbn
      Metadata:
        encoder         : Lavc61.19.101 libx264
      Side data:
        cpb: bitrate max/min/avg: 0/0/0 buffer size: 0 vbv_delay: N/A
  Stream #0:1: Audio: aac (LC) (mp4a / 0x6134706D), 44100 Hz, stereo, fltp, 128 kb/s
      Metadata:
        encoder         : Lavc61.19.101 aac
frame=   13 fps=0.0 q=31.0 size=       0KiB time=00:00:00.18 bitrate=   2.1kbits/s speed=0.349x    
frame=   63 fps= 61 q=31.0 size=     768KiB time=00:00:01.01 bitrate=6188.7kbits/s speed=0.981x    
frame=  110 fps= 71 q=31.0 size=    1280KiB time=00:00:01.80 bitrate=5825.6kbits/s speed=1.16x    
frame=  160 fps= 78 q=31.0 size=    1792KiB time=00:00:02.63 bitrate=5574.9kbits/s speed=1.28x    
frame=  214 fps= 83 q=31.0 size=    2560KiB time=00:00:03.53 bitrate=5935.4kbits/s speed=1.37x    
frame=  265 fps= 86 q=31.0 size=    3328KiB time=00:00:04.38 bitrate=6219.8kbits/s speed=1.42x    
frame=  321 fps= 89 q=31.0 size=    3840KiB time=00:00:05.31 bitrate=5916.8kbits/s speed=1.47x    
frame=  378 fps= 92 q=31.0 size=    4608KiB time=00:00:06.26 bitrate=6023.8kbits/s speed=1.52x    
frame=  445 fps= 96 q=31.0 size=    5120KiB time=00:00:07.38 bitrate=5680.8kbits/s speed=1.59x    
frame=  519 fps=100 q=31.0 size=    5888KiB time=00:00:08.61 bitrate=5597.9kbits/s speed=1.67x    
frame=  598 fps=105 q=31.0 size=    6144KiB time=00:00:09.93 bitrate=5067.0kbits/s speed=1.75x    
frame=  679 fps=110 q=31.0 size=    6656KiB time=00:00:11.28 bitrate=4832.5kbits/s speed=1.82x    
[mpegts @ 000001f7101db6c0] PES packet size mismatch
[mpegts @ 000001f7101db6c0] Packet corrupt (stream = 1, dts = 1118466000).
[concat @ 000001f7101cf580] Packet corrupt (stream = 1, dts = 1255500).
[in#0/concat @ 000001f7101cf1c0] corrupt input packet in stream 1
[h264 @ 000001f710e325c0] error while decoding MB 22 22, bytestream -5
[h264 @ 000001f710e325c0] concealing 5547 DC, 5547 AC, 5547 MV errors in P frame
frame=  743 fps=111 q=31.0 size=    6912KiB time=00:00:12.35 bitrate=4584.9kbits/s speed=1.84x    
[vist#0:1/h264 @ 000001f710e29040] [dec:h264 @ 000001f71029b0c0] corrupt decoded frame
frame=  801 fps=111 q=31.0 size=    7424KiB time=00:00:13.31 bitrate=4567.0kbits/s speed=1.84x    
frame=  860 fps=111 q=31.0 size=    7936KiB time=00:00:14.30 bitrate=4546.3kbits/s speed=1.84x    
frame=  913 fps=110 q=31.0 size=    8448KiB time=00:00:15.18 bitrate=4558.1kbits/s speed=1.84x    
frame=  968 fps=110 q=31.0 size=    9216KiB time=00:00:16.10 bitrate=4689.3kbits/s speed=1.83x    
frame= 1019 fps=109 q=31.0 size=    9728KiB time=00:00:16.95 bitrate=4701.6kbits/s speed=1.82x    
frame= 1078 fps=110 q=31.0 size=   10496KiB time=00:00:17.93 bitrate=4794.6kbits/s speed=1.82x    
frame= 1127 fps=109 q=31.0 size=   11264KiB time=00:00:18.75 bitrate=4921.3kbits/s speed=1.81x    
frame= 1182 fps=109 q=31.0 size=   12032KiB time=00:00:19.66 bitrate=5011.9kbits/s speed=1.81x    
frame= 1237 fps=109 q=31.0 size=   12544KiB time=00:00:20.58 bitrate=4992.4kbits/s speed=1.81x    
frame= 1298 fps=109 q=31.0 size=   13312KiB time=00:00:21.60 bitrate=5048.7kbits/s speed=1.82x    
frame= 1354 fps=109 q=31.0 size=   14080KiB time=00:00:22.53 bitrate=5118.8kbits/s speed=1.82x    
frame= 1418 fps=110 q=31.0 size=   14592KiB time=00:00:23.60 bitrate=5065.2kbits/s speed=1.83x    
frame= 1462 fps=109 q=31.0 size=   15104KiB time=00:00:24.33 bitrate=5084.9kbits/s speed=1.81x    
frame= 1552 fps=111 q=-1.0 size=   16128KiB time=N/A bitrate=N/A speed=N/A    
[out#0/mp4 @ 000001f7101e2b80] video:15944KiB audio:406KiB subtitle:0KiB other streams:0KiB global headers:0KiB muxing overhead: 0.215763%
frame= 1559 fps=111 q=-1.0 Lsize=   16385KiB time=00:00:25.95 bitrate=5172.6kbits/s speed=1.86x    
[libx264 @ 000001f71089e840] frame I:7     Avg QP:21.41  size:138534
[libx264 @ 000001f71089e840] frame P:1166  Avg QP:25.31  size: 12198
[libx264 @ 000001f71089e840] frame B:386   Avg QP:29.47  size:  2934
[libx264 @ 000001f71089e840] consecutive B-frames: 65.3%  3.1%  6.0% 25.7%
[libx264 @ 000001f71089e840] mb I  I16..4: 11.0% 60.6% 28.4%
[libx264 @ 000001f71089e840] mb P  I16..4:  2.2%  3.9%  0.3%  P16..4: 27.2%  2.0%  0.9%  0.0%  0.0%    skip:63.4%
[libx264 @ 000001f71089e840] mb B  I16..4:  0.1%  0.1%  0.0%  B16..8: 23.2%  0.5%  0.1%  direct: 0.2%  skip:75.7%  L0:52.9% L1:46.2% BI: 0.8%
[libx264 @ 000001f71089e840] 8x8 transform intra:60.4% inter:77.8%
[libx264 @ 000001f71089e840] coded y,uvDC,uvAC intra: 45.4% 43.1% 4.3% inter: 4.8% 3.3% 0.1%
[libx264 @ 000001f71089e840] i16 v,h,dc,p: 20% 35% 14% 31%
[libx264 @ 000001f71089e840] i8 v,h,dc,ddl,ddr,vr,hd,vl,hu: 23% 25% 22%  5%  4%  4%  5%  5%  7%
[libx264 @ 000001f71089e840] i4 v,h,dc,ddl,ddr,vr,hd,vl,hu: 31% 21% 16%  5%  5%  6%  5%  6%  4%
[libx264 @ 000001f71089e840] i8c dc,h,v,p: 52% 26% 17%  5%
[libx264 @ 000001f71089e840] Weighted P-Frames: Y:0.0% UV:0.0%
[libx264 @ 000001f71089e840] ref P L0: 78.6% 12.7%  6.9%  1.8%
[libx264 @ 000001f71089e840] ref B L0: 91.1%  8.3%  0.6%
[libx264 @ 000001f71089e840] ref B L1: 96.9%  3.1%
[libx264 @ 000001f71089e840] kb/s:5026.49
[aac @ 000001f710496d80] Qavg: 504.520

2025-06-29 16:29:17.314 +02:00 [INF] FFmpeg terminé avec code 0
2025-06-29 16:29:17.314 +02:00 [INF] FFmpeg concat+reencode result: 
[stderr]
ffmpeg version 7.1.1-essentials_build-www.gyan.dev Copyright (c) 2000-2025 the FFmpeg developers
  built with gcc 14.2.0 (Rev1, Built by MSYS2 project)
  configuration: --enable-gpl --enable-version3 --enable-static --disable-w32threads --disable-autodetect --enable-fontconfig --enable-iconv --enable-gnutls --enable-libxml2 --enable-gmp --enable-bzlib --enable-lzma --enable-zlib --enable-libsrt --enable-libssh --enable-libzmq --enable-avisynth --enable-sdl2 --enable-libwebp --enable-libx264 --enable-libx265 --enable-libxvid --enable-libaom --enable-libopenjpeg --enable-libvpx --enable-mediafoundation --enable-libass --enable-libfreetype --enable-libfribidi --enable-libharfbuzz --enable-libvidstab --enable-libvmaf --enable-libzimg --enable-amf --enable-cuda-llvm --enable-cuvid --enable-dxva2 --enable-d3d11va --enable-d3d12va --enable-ffnvcodec --enable-libvpl --enable-nvdec --enable-nvenc --enable-vaapi --enable-libgme --enable-libopenmpt --enable-libopencore-amrwb --enable-libmp3lame --enable-libtheora --enable-libvo-amrwbenc --enable-libgsm --enable-libopencore-amrnb --enable-libopus --enable-libspeex --enable-libvorbis --enable-librubberband
  libavutil      59. 39.100 / 59. 39.100
  libavcodec     61. 19.101 / 61. 19.101
  libavformat    61.  7.100 / 61.  7.100
  libavdevice    61.  3.100 / 61.  3.100
  libavfilter    10.  4.100 / 10.  4.100
  libswscale      8.  3.100 /  8.  3.100
  libswresample   5.  3.100 /  5.  3.100
  libpostproc    58.  3.100 / 58.  3.100
[mpegts @ 000001f7101db6c0] PES packet size mismatch
[mpegts @ 000001f7101db6c0] Packet corrupt (stream = 1, dts = 1118466000).
Input #0, concat, from 'C:\Users\terre\Documents\Strivea\Recordings\YouTube\Botan Ch.ç…ç™½ã¼ãŸã‚“\Temp\TempConcat\concat.txt':
  Duration: N/A, start: 0.000000, bitrate: 130 kb/s
  Stream #0:0: Audio: aac (LC) ([15][0][0][0] / 0x000F), 44100 Hz, stereo, fltp, 130 kb/s
  Stream #0:1: Video: h264 (Main) ([27][0][0][0] / 0x001B), yuv420p(tv, bt709, progressive), 1920x1080 [SAR 1:1 DAR 16:9], 60 fps, 60 tbr, 90k tbn
Stream mapping:
  Stream #0:1 -> #0:0 (h264 (native) -> h264 (libx264))
  Stream #0:0 -> #0:1 (aac (native) -> aac (native))
Press [q] to stop, [?] for help
[libx264 @ 000001f71089e840] using SAR=1/1
[libx264 @ 000001f71089e840] using cpu capabilities: MMX2 SSE2Fast SSSE3 SSE4.2 AVX FMA3 BMI2 AVX2 AVX512
[libx264 @ 000001f71089e840] profile High, level 4.2, 4:2:0, 8-bit
[libx264 @ 000001f71089e840] 264 - core 164 r3204 373697b - H.264/MPEG-4 AVC codec - Copyleft 2003-2025 - http://www.videolan.org/x264.html - options: cabac=1 ref=3 deblock=1:0:0 analyse=0x3:0x113 me=hex subme=7 psy=1 psy_rd=1.00:0.00 mixed_ref=1 me_range=16 chroma_me=1 trellis=1 8x8dct=1 cqm=0 deadzone=21,11 fast_pskip=1 chroma_qp_offset=-2 threads=24 lookahead_threads=4 sliced_threads=0 nr=0 decimate=1 interlaced=0 bluray_compat=0 constrained_intra=0 bframes=3 b_pyramid=2 b_adapt=1 b_bias=0 direct=1 weightb=1 open_gop=0 weightp=2 keyint=250 keyint_min=25 scenecut=40 intra_refresh=0 rc_lookahead=40 rc=crf mbtree=1 crf=23.0 qcomp=0.60 qpmin=0 qpmax=69 qpstep=4 ip_ratio=1.40 aq=1:1.00
Output #0, mp4, to 'C:\Users\terre\Documents\Strivea\Recordings\YouTube\Botan Ch.ç…ç™½ã¼ãŸã‚“\Temp\TempConcat\output.mp4':
  Metadata:
    encoder         : Lavf61.7.100
  Stream #0:0: Video: h264 (avc1 / 0x31637661), yuv420p(tv, bt709, progressive), 1920x1080 [SAR 1:1 DAR 16:9], q=2-31, 60 fps, 15360 tbn
      Metadata:
        encoder         : Lavc61.19.101 libx264
      Side data:
        cpb: bitrate max/min/avg: 0/0/0 buffer size: 0 vbv_delay: N/A
  Stream #0:1: Audio: aac (LC) (mp4a / 0x6134706D), 44100 Hz, stereo, fltp, 128 kb/s
      Metadata:
        encoder         : Lavc61.19.101 aac
frame=   13 fps=0.0 q=31.0 size=       0KiB time=00:00:00.18 bitrate=   2.1kbits/s speed=0.349x    
frame=   63 fps= 61 q=31.0 size=     768KiB time=00:00:01.01 bitrate=6188.7kbits/s speed=0.981x    
frame=  110 fps= 71 q=31.0 size=    1280KiB time=00:00:01.80 bitrate=5825.6kbits/s speed=1.16x    
frame=  160 fps= 78 q=31.0 size=    1792KiB time=00:00:02.63 bitrate=5574.9kbits/s speed=1.28x    
frame=  214 fps= 83 q=31.0 size=    2560KiB time=00:00:03.53 bitrate=5935.4kbits/s speed=1.37x    
frame=  265 fps= 86 q=31.0 size=    3328KiB time=00:00:04.38 bitrate=6219.8kbits/s speed=1.42x    
frame=  321 fps= 89 q=31.0 size=    3840KiB time=00:00:05.31 bitrate=5916.8kbits/s speed=1.47x    
frame=  378 fps= 92 q=31.0 size=    4608KiB time=00:00:06.26 bitrate=6023.8kbits/s speed=1.52x    
frame=  445 fps= 96 q=31.0 size=    5120KiB time=00:00:07.38 bitrate=5680.8kbits/s speed=1.59x    
frame=  519 fps=100 q=31.0 size=    5888KiB time=00:00:08.61 bitrate=5597.9kbits/s speed=1.67x    
frame=  598 fps=105 q=31.0 size=    6144KiB time=00:00:09.93 bitrate=5067.0kbits/s speed=1.75x    
frame=  679 fps=110 q=31.0 size=    6656KiB time=00:00:11.28 bitrate=4832.5kbits/s speed=1.82x    
[mpegts @ 000001f7101db6c0] PES packet size mismatch
[mpegts @ 000001f7101db6c0] Packet corrupt (stream = 1, dts = 1118466000).
[concat @ 000001f7101cf580] Packet corrupt (stream = 1, dts = 1255500).
[in#0/concat @ 000001f7101cf1c0] corrupt input packet in stream 1
[h264 @ 000001f710e325c0] error while decoding MB 22 22, bytestream -5
[h264 @ 000001f710e325c0] concealing 5547 DC, 5547 AC, 5547 MV errors in P frame
frame=  743 fps=111 q=31.0 size=    6912KiB time=00:00:12.35 bitrate=4584.9kbits/s speed=1.84x    
[vist#0:1/h264 @ 000001f710e29040] [dec:h264 @ 000001f71029b0c0] corrupt decoded frame
frame=  801 fps=111 q=31.0 size=    7424KiB time=00:00:13.31 bitrate=4567.0kbits/s speed=1.84x    
frame=  860 fps=111 q=31.0 size=    7936KiB time=00:00:14.30 bitrate=4546.3kbits/s speed=1.84x    
frame=  913 fps=110 q=31.0 size=    8448KiB time=00:00:15.18 bitrate=4558.1kbits/s speed=1.84x    
frame=  968 fps=110 q=31.0 size=    9216KiB time=00:00:16.10 bitrate=4689.3kbits/s speed=1.83x    
frame= 1019 fps=109 q=31.0 size=    9728KiB time=00:00:16.95 bitrate=4701.6kbits/s speed=1.82x    
frame= 1078 fps=110 q=31.0 size=   10496KiB time=00:00:17.93 bitrate=4794.6kbits/s speed=1.82x    
frame= 1127 fps=109 q=31.0 size=   11264KiB time=00:00:18.75 bitrate=4921.3kbits/s speed=1.81x    
frame= 1182 fps=109 q=31.0 size=   12032KiB time=00:00:19.66 bitrate=5011.9kbits/s speed=1.81x    
frame= 1237 fps=109 q=31.0 size=   12544KiB time=00:00:20.58 bitrate=4992.4kbits/s speed=1.81x    
frame= 1298 fps=109 q=31.0 size=   13312KiB time=00:00:21.60 bitrate=5048.7kbits/s speed=1.82x    
frame= 1354 fps=109 q=31.0 size=   14080KiB time=00:00:22.53 bitrate=5118.8kbits/s speed=1.82x    
frame= 1418 fps=110 q=31.0 size=   14592KiB time=00:00:23.60 bitrate=5065.2kbits/s speed=1.83x    
frame= 1462 fps=109 q=31.0 size=   15104KiB time=00:00:24.33 bitrate=5084.9kbits/s speed=1.81x    
frame= 1552 fps=111 q=-1.0 size=   16128KiB time=N/A bitrate=N/A speed=N/A    
[out#0/mp4 @ 000001f7101e2b80] video:15944KiB audio:406KiB subtitle:0KiB other streams:0KiB global headers:0KiB muxing overhead: 0.215763%
frame= 1559 fps=111 q=-1.0 Lsize=   16385KiB time=00:00:25.95 bitrate=5172.6kbits/s speed=1.86x    
[libx264 @ 000001f71089e840] frame I:7     Avg QP:21.41  size:138534
[libx264 @ 000001f71089e840] frame P:1166  Avg QP:25.31  size: 12198
[libx264 @ 000001f71089e840] frame B:386   Avg QP:29.47  size:  2934
[libx264 @ 000001f71089e840] consecutive B-frames: 65.3%  3.1%  6.0% 25.7%
[libx264 @ 000001f71089e840] mb I  I16..4: 11.0% 60.6% 28.4%
[libx264 @ 000001f71089e840] mb P  I16..4:  2.2%  3.9%  0.3%  P16..4: 27.2%  2.0%  0.9%  0.0%  0.0%    skip:63.4%
[libx264 @ 000001f71089e840] mb B  I16..4:  0.1%  0.1%  0.0%  B16..8: 23.2%  0.5%  0.1%  direct: 0.2%  skip:75.7%  L0:52.9% L1:46.2% BI: 0.8%
[libx264 @ 000001f71089e840] 8x8 transform intra:60.4% inter:77.8%
[libx264 @ 000001f71089e840] coded y,uvDC,uvAC intra: 45.4% 43.1% 4.3% inter: 4.8% 3.3% 0.1%
[libx264 @ 000001f71089e840] i16 v,h,dc,p: 20% 35% 14% 31%
[libx264 @ 000001f71089e840] i8 v,h,dc,ddl,ddr,vr,hd,vl,hu: 23% 25% 22%  5%  4%  4%  5%  5%  7%
[libx264 @ 000001f71089e840] i4 v,h,dc,ddl,ddr,vr,hd,vl,hu: 31% 21% 16%  5%  5%  6%  5%  6%  4%
[libx264 @ 000001f71089e840] i8c dc,h,v,p: 52% 26% 17%  5%
[libx264 @ 000001f71089e840] Weighted P-Frames: Y:0.0% UV:0.0%
[libx264 @ 000001f71089e840] ref P L0: 78.6% 12.7%  6.9%  1.8%
[libx264 @ 000001f71089e840] ref B L0: 91.1%  8.3%  0.6%
[libx264 @ 000001f71089e840] ref B L1: 96.9%  3.1%
[libx264 @ 000001f71089e840] kb/s:5026.49
[aac @ 000001f710496d80] Qavg: 504.520

2025-06-29 16:29:17.316 +02:00 [INF] [CONCAT] Déplacement du fichier final vers : C:\Users\terre\Documents\Strivea\Recordings\YouTube\Botan Ch.獅白ぼたん\【ナイトレイン】3人で夜を渡る！－ELDEN RING NIGHTREIGN【獅白ぼたん_ホロライブ】.mp4
2025-06-29 16:29:17.318 +02:00 [INF] [CONCAT] Fichier final déplacé vers : C:\Users\terre\Documents\Strivea\Recordings\YouTube\Botan Ch.獅白ぼたん\【ナイトレイン】3人で夜を渡る！－ELDEN RING NIGHTREIGN【獅白ぼたん_ホロライブ】.mp4
2025-06-29 16:29:17.318 +02:00 [INF] [CONCAT] Concaténation et conversion terminées avec succès.
2025-06-29 16:29:17.319 +02:00 [INF] CanStopMonitoring est évalué. IsMonitoring: True
2025-06-29 16:29:17.321 +02:00 [INF] IsMonitoring a changé: False
2025-06-29 16:29:17.322 +02:00 [INF] CanStopMonitoring est évalué. IsMonitoring: False
2025-06-29 16:29:17.322 +02:00 [INF] CanStartMonitoring après changement: True
2025-06-29 16:29:17.322 +02:00 [INF] CanStopMonitoring est évalué. IsMonitoring: False
2025-06-29 16:29:17.322 +02:00 [INF] CanStopMonitoring après changement: False
2025-06-29 16:29:17.322 +02:00 [INF] [DEBUG] IsMonitoring forcé à False dans finally StopMonitoringAsync
2025-06-29 16:29:17.322 +02:00 [INF] CanStopMonitoring est évalué. IsMonitoring: False
2025-06-29 19:48:28.262 +02:00 [INF] Démarrage de l'application...
2025-06-29 19:48:28.304 +02:00 [INF] Initialisation de l'application...
2025-06-29 19:48:28.344 +02:00 [INF] Initialisation du framework terminée...
2025-06-29 19:48:28.344 +02:00 [INF] Application Avalonia construite
2025-06-29 19:48:28.346 +02:00 [INF] Configuration des services...
2025-06-29 19:48:28.354 +02:00 [INF] Construction du conteneur DI...
2025-06-29 19:48:28.740 +02:00 [INF] Démarrage de l'application...
2025-06-29 19:48:28.841 +02:00 [INF] Initialisation du framework terminée...
2025-06-29 19:48:29.212 +02:00 [INF] YouTubeStreamDetector initialisé
2025-06-29 19:48:29.216 +02:00 [INF] MainViewModel initialisé
2025-06-29 19:48:29.218 +02:00 [INF] CanStartMonitoring après changement: True
2025-06-29 19:48:29.218 +02:00 [INF] CanStopMonitoring est évalué. IsMonitoring: False
2025-06-29 19:48:29.218 +02:00 [INF] CanStopMonitoring après changement: False
2025-06-29 19:48:29.235 +02:00 [INF] CanStopMonitoring est évalué. IsMonitoring: False
2025-06-29 19:48:29.237 +02:00 [INF] Application démarrée avec succès
2025-06-29 21:05:26.408 +02:00 [INF] Démarrage de l'application...
2025-06-29 21:05:26.446 +02:00 [INF] Initialisation de l'application...
2025-06-29 21:05:26.485 +02:00 [INF] Initialisation du framework terminée...
2025-06-29 21:05:26.485 +02:00 [INF] Application Avalonia construite
2025-06-29 21:05:26.486 +02:00 [INF] Configuration des services...
2025-06-29 21:05:26.493 +02:00 [INF] Construction du conteneur DI...
2025-06-29 21:05:26.868 +02:00 [INF] Démarrage de l'application...
2025-06-29 21:05:26.965 +02:00 [INF] Initialisation du framework terminée...
2025-06-29 21:05:27.312 +02:00 [INF] YouTubeStreamDetector initialisé
2025-06-29 21:05:27.315 +02:00 [INF] MainViewModel initialisé
2025-06-29 21:05:27.317 +02:00 [INF] CanStartMonitoring après changement: True
2025-06-29 21:05:27.317 +02:00 [INF] CanStopMonitoring est évalué. IsMonitoring: False
2025-06-29 21:05:27.317 +02:00 [INF] CanStopMonitoring après changement: False
2025-06-29 21:05:27.339 +02:00 [INF] CanStopMonitoring est évalué. IsMonitoring: False
2025-06-29 21:05:27.341 +02:00 [INF] Application démarrée avec succès
2025-06-29 21:20:41.728 +02:00 [INF] Démarrage de l'application...
2025-06-29 21:20:41.767 +02:00 [INF] Initialisation de l'application...
2025-06-29 21:20:41.804 +02:00 [INF] Initialisation du framework terminée...
2025-06-29 21:20:41.804 +02:00 [INF] Application Avalonia construite
2025-06-29 21:20:41.805 +02:00 [INF] Configuration des services...
2025-06-29 21:20:41.813 +02:00 [INF] Construction du conteneur DI...
2025-06-29 21:20:42.258 +02:00 [INF] Démarrage de l'application...
2025-06-29 21:20:42.373 +02:00 [INF] Initialisation du framework terminée...
2025-06-29 21:20:42.754 +02:00 [INF] YouTubeStreamDetector initialisé
2025-06-29 21:20:42.758 +02:00 [INF] MainViewModel initialisé
2025-06-29 21:20:42.760 +02:00 [INF] CanStartMonitoring après changement: True
2025-06-29 21:20:42.760 +02:00 [INF] CanStopMonitoring est évalué. IsMonitoring: False
2025-06-29 21:20:42.760 +02:00 [INF] CanStopMonitoring après changement: False
2025-06-29 21:20:42.778 +02:00 [INF] CanStopMonitoring est évalué. IsMonitoring: False
2025-06-29 21:20:42.781 +02:00 [INF] Application démarrée avec succès
2025-06-29 21:20:49.376 +02:00 [INF] Début de la récupération des informations du stream YouTube pour : https://www.youtube.com/@TakanashiKiara
2025-06-29 21:20:50.256 +02:00 [INF] Streamlink trouvé à : C:\Program Files\Streamlink\bin\streamlink.exe
2025-06-29 21:20:50.256 +02:00 [INF] Exécution de streamlink avec les arguments : -j https://www.youtube.com/@TakanashiKiara best
2025-06-29 21:20:50.261 +02:00 [INF] Processus streamlink démarré
2025-06-29 21:20:53.686 +02:00 [INF] Processus streamlink terminé avec le code : 0
2025-06-29 21:20:53.686 +02:00 [INF] Sortie Streamlink (JSON) : {
  "type": "hls",
  "url": "https://manifest.googlevideo.com/api/manifest/hls_playlist/expire/1751246481/ei/MZJhaIz4KaPmxN8PxPib-QY/ip/2a01:e0a:8f1:aac0:53b:a603:3714:1c77/id/1uGO5HAfgFE.1/itag/301/source/yt_live_broadcast/requiressl/yes/ratebypass/yes/live/1/sgoap/gir%3Dyes%3Bitag%3D140/sgovp/gir%3Dyes%3Bitag%3D299/rqh/1/hls_chunk_host/rr4---sn-25glenlz.googlevideo.com/xpc/EgVo2aDSNQ%3D%3D/bui/AY1jyLOsPCaPzvZvx_v-PBsMB-q3llbM8X-GY8gC0lrOx6AzWaWwFOuAOjQCN1xaW-75syUmd2826iPu/spc/l3OVKfOMq922diARUa_fIHJ9G-CEj8n9rJf93_2-esrIkL9-pjPcifFTzCf75nqa7go/vprv/1/playlist_type/LIVE/initcwndbps/1945000/met/1751224882,/mh/RU/mm/44/mn/sn-25glenlz/ms/lva/mv/m/mvi/4/pl/45/rms/lva,lva/dover/11/pacing/0/keepalive/yes/fexp/51355912/mt/1751224361/sparams/expire,ei,ip,id,itag,source,requiressl,ratebypass,live,sgoap,sgovp,rqh,xpc,bui,spc,vprv,playlist_type/sig/AJfQdSswRQIhAIInKo0FOCRtCH8jhslxVq6Iw-o0u_bHI3kAWgq6nHElAiBoTsa8pf6b99_oQvTRGKiCAlzEd0Mf8BraD1uXaYu3Gg%3D%3D/lsparams/hls_chunk_host,initcwndbps,met,mh,mm,mn,ms,mv,mvi,pl,rms/lsig/APaTxxMwRQIgKptOC-kM9oiItFrxj251ycstso4KD7pfEn_skWoRZBMCIQCuuQV_iwgQqTed654_epQaonSGCNKI82blV7XaEGP1gw%3D%3D/playlist/index.m3u8",
  "headers": {
    "User-Agent": "Mozilla/5.0 (Windows NT 10.0; Win64; x64) AppleWebKit/537.36 (KHTML, like Gecko) Chrome/134.0.0.0 Safari/537.36",
    "Accept-Encoding": "gzip, deflate, br, zstd",
    "Accept": "*/*",
    "Connection": "keep-alive"
  },
  "master": "https://manifest.googlevideo.com/api/manifest/hls_variant/expire/1751246481/ei/MZJhaIz4KaPmxN8PxPib-QY/ip/2a01%3Ae0a%3A8f1%3Aaac0%3A53b%3Aa603%3A3714%3A1c77/id/1uGO5HAfgFE.1/source/yt_live_broadcast/requiressl/yes/xpc/EgVo2aDSNQ%3D%3D/hfr/1/maudio/1/bui/AY1jyLOsPCaPzvZvx_v-PBsMB-q3llbM8X-GY8gC0lrOx6AzWaWwFOuAOjQCN1xaW-75syUmd2826iPu/spc/l3OVKfOMq922diARUa_fIHJ9G-CEj8n9rJf93_2-esrIkL9-pjPcifFTzCf75nqa7go/vprv/1/go/1/rqh/5/pacing/0/nvgoi/1/ncsapi/1/keepalive/yes/fexp/51355912/dover/11/itag/0/playlist_type/LIVE/sparams/expire%2Cei%2Cip%2Cid%2Csource%2Crequiressl%2Cxpc%2Chfr%2Cmaudio%2Cbui%2Cspc%2Cvprv%2Cgo%2Crqh%2Citag%2Cplaylist_type/sig/AJfQdSswRAIgC0v63x6HJmm7HURpFXZ3bbdtizey0UvtUBhTrT4Kj9cCIFvCgDSJ2OIb6ZSsJlpFYqTguDTquo5IrqKYp_jDasMv/file/index.m3u8",
  "metadata": {
    "id": "1uGO5HAfgFE",
    "author": "Takanashi Kiara Ch. hololive-EN",
    "category": "Music",
    "title": "\u3010UNARCHIVED KARAOKE\u3011Marathon to 1.600.000 Subs PART 2! In my PERFUME SWIMSUIT! #kfp #\u30ad\u30a2\u30e9\u30a4\u30d6"
  }
}

2025-06-29 21:20:53.691 +02:00 [INF] Récupération de l'URL du stream pour https://www.youtube.com/@TakanashiKiara
2025-06-29 21:20:55.797 +02:00 [INF] IsMonitoring a changé: True
2025-06-29 21:20:55.797 +02:00 [INF] CanStopMonitoring est évalué. IsMonitoring: True
2025-06-29 21:20:55.797 +02:00 [INF] CanStartMonitoring après changement: False
2025-06-29 21:20:55.797 +02:00 [INF] CanStopMonitoring est évalué. IsMonitoring: True
2025-06-29 21:20:55.797 +02:00 [INF] CanStopMonitoring après changement: True
2025-06-29 21:20:55.801 +02:00 [INF] Démarrage de l'enregistrement pour TakanashiKiara sur YouTube
2025-06-29 21:20:55.801 +02:00 [INF] URL du stream : https://manifest.googlevideo.com/api/manifest/hls_playlist/expire/1751246483/ei/M5JhaJaUObvOp-oPseGf0A0/ip/2a01:e0a:8f1:aac0:53b:a603:3714:1c77/id/1uGO5HAfgFE.1/itag/301/source/yt_live_broadcast/requiressl/yes/ratebypass/yes/live/1/sgoap/gir%3Dyes%3Bitag%3D140/sgovp/gir%3Dyes%3Bitag%3D299/rqh/1/hls_chunk_host/rr4---sn-25glenlz.googlevideo.com/xpc/EgVo2aDSNQ%3D%3D/bui/AY1jyLNBWcQG2jlf7kYGb6pdqkYseQbUEqsF_a_STnXfCCpzN5zIuAmR3iOHk_OpqrNQL6vZ6YlaBLBv/spc/l3OVKUOeOkjf575KaCAcbswJnRxiTMyLIfNSLdXnEO8iFPQNtJBLXXz9D1RZafecapU/vprv/1/playlist_type/LIVE/initcwndbps/1080000/met/1751224884,/mh/RU/mm/44/mn/sn-25glenlz/ms/lva/mv/m/mvi/4/pl/45/rms/lva,lva/dover/11/pacing/0/keepalive/yes/fexp/51355912/mt/1751224361/sparams/expire,ei,ip,id,itag,source,requiressl,ratebypass,live,sgoap,sgovp,rqh,xpc,bui,spc,vprv,playlist_type/sig/AJfQdSswRQIhALZDdsWGAwAUfk9o0taJx_f9LbCIsYHnthWc8N0S1SbNAiBYrq9vJAW-fYFyyeVsmY41BoIW9nAqYIxt6hUkLuGqaQ%3D%3D/lsparams/hls_chunk_host,initcwndbps,met,mh,mm,mn,ms,mv,mvi,pl,rms/lsig/APaTxxMwRQIhAIwT8U5TjWnjPyDFDyBkabQgJzROqG5KlZ7AJdjOV4HyAiA1vknJbdFfPJy7w9SYP2kAQ-9UIfUNUltMvxhTsrmXPg%3D%3D/playlist/index.m3u8
2025-06-29 21:20:55.801 +02:00 [INF] Chemin de sortie : C:\Users\terre\Documents\Strivea\Recordings\YouTube\TakanashiKiara\Temp\YouTube_Takanashi Kiara Ch. hololive-EN_20250629_212055\【UNARCHIVED KARAOKE】Marathon to 1.600.000 Subs PART 2! In my PERFUME SWIMSUIT! #kfp #キアライブ_20250629_212055.ts
2025-06-29 21:20:55.846 +02:00 [INF] Enregistrement démarré pour TakanashiKiara sur YouTube
2025-06-29 21:21:13.576 +02:00 [INF] CanStopMonitoring est évalué. IsMonitoring: True
2025-06-29 21:21:13.577 +02:00 [INF] Arrêt de l'enregistrement pour TakanashiKiara sur YouTube
2025-06-29 21:21:13.580 +02:00 [INF] Enregistrement terminé pour TakanashiKiara sur YouTube
2025-06-29 21:21:13.580 +02:00 [INF] Durée : 00:00:17
2025-06-29 21:21:13.580 +02:00 [INF] Taille du fichier : 10 MB
2025-06-29 21:21:13.582 +02:00 [INF] [CONCAT] Début de la concaténation des segments vidéo...
2025-06-29 21:21:13.584 +02:00 [INF] [CONCAT] Fichiers .ts à concaténer (1) :
2025-06-29 21:21:13.584 +02:00 [INF] [CONCAT] - C:\Users\terre\Documents\Strivea\Recordings\YouTube\TakanashiKiara\Temp\YouTube_Takanashi Kiara Ch. hololive-EN_20250629_212055\【UNARCHIVED KARAOKE】Marathon to 1.600.000 Subs PART 2! In my PERFUME SWIMSUIT! #kfp #キアライブ_20250629_212055.ts
2025-06-29 21:21:13.590 +02:00 [INF] CanStopMonitoring est évalué. IsMonitoring: True
2025-06-29 21:21:13.590 +02:00 [INF] [CONCAT] Début de la conversion en mp4...
2025-06-29 21:21:13.590 +02:00 [INF] Commande FFmpeg concat+reencode : ffmpeg -f concat -safe 0 -i "C:\Users\terre\Documents\Strivea\Recordings\YouTube\TakanashiKiara\Temp\YouTube_Takanashi Kiara Ch. hololive-EN_20250629_212055\TempConcat\concat.txt" -c:v libx264 -c:a aac "C:\Users\terre\Documents\Strivea\Recordings\YouTube\TakanashiKiara\Temp\YouTube_Takanashi Kiara Ch. hololive-EN_20250629_212055\TempConcat\output.mp4"
2025-06-29 21:21:21.195 +02:00 [ERR] FFmpeg stderr : ffmpeg version 7.1.1-essentials_build-www.gyan.dev Copyright (c) 2000-2025 the FFmpeg developers
  built with gcc 14.2.0 (Rev1, Built by MSYS2 project)
  configuration: --enable-gpl --enable-version3 --enable-static --disable-w32threads --disable-autodetect --enable-fontconfig --enable-iconv --enable-gnutls --enable-libxml2 --enable-gmp --enable-bzlib --enable-lzma --enable-zlib --enable-libsrt --enable-libssh --enable-libzmq --enable-avisynth --enable-sdl2 --enable-libwebp --enable-libx264 --enable-libx265 --enable-libxvid --enable-libaom --enable-libopenjpeg --enable-libvpx --enable-mediafoundation --enable-libass --enable-libfreetype --enable-libfribidi --enable-libharfbuzz --enable-libvidstab --enable-libvmaf --enable-libzimg --enable-amf --enable-cuda-llvm --enable-cuvid --enable-dxva2 --enable-d3d11va --enable-d3d12va --enable-ffnvcodec --enable-libvpl --enable-nvdec --enable-nvenc --enable-vaapi --enable-libgme --enable-libopenmpt --enable-libopencore-amrwb --enable-libmp3lame --enable-libtheora --enable-libvo-amrwbenc --enable-libgsm --enable-libopencore-amrnb --enable-libopus --enable-libspeex --enable-libvorbis --enable-librubberband
  libavutil      59. 39.100 / 59. 39.100
  libavcodec     61. 19.101 / 61. 19.101
  libavformat    61.  7.100 / 61.  7.100
  libavdevice    61.  3.100 / 61.  3.100
  libavfilter    10.  4.100 / 10.  4.100
  libswscale      8.  3.100 /  8.  3.100
  libswresample   5.  3.100 /  5.  3.100
  libpostproc    58.  3.100 / 58.  3.100
Input #0, concat, from 'C:\Users\terre\Documents\Strivea\Recordings\YouTube\TakanashiKiara\Temp\YouTube_Takanashi Kiara Ch. hololive-EN_20250629_212055\TempConcat\concat.txt':
  Duration: N/A, start: 0.000000, bitrate: 130 kb/s
  Stream #0:0: Audio: aac (LC) ([15][0][0][0] / 0x000F), 44100 Hz, stereo, fltp, 130 kb/s
  Stream #0:1: Video: h264 (Main) ([27][0][0][0] / 0x001B), yuv420p(tv, bt709, progressive), 1920x1080 [SAR 1:1 DAR 16:9], 60 fps, 60 tbr, 90k tbn
Stream mapping:
  Stream #0:1 -> #0:0 (h264 (native) -> h264 (libx264))
  Stream #0:0 -> #0:1 (aac (native) -> aac (native))
Press [q] to stop, [?] for help
[libx264 @ 000002a75e2a5680] using SAR=1/1
[libx264 @ 000002a75e2a5680] using cpu capabilities: MMX2 SSE2Fast SSSE3 SSE4.2 AVX FMA3 BMI2 AVX2 AVX512
[libx264 @ 000002a75e2a5680] profile High, level 4.2, 4:2:0, 8-bit
[libx264 @ 000002a75e2a5680] 264 - core 164 r3204 373697b - H.264/MPEG-4 AVC codec - Copyleft 2003-2025 - http://www.videolan.org/x264.html - options: cabac=1 ref=3 deblock=1:0:0 analyse=0x3:0x113 me=hex subme=7 psy=1 psy_rd=1.00:0.00 mixed_ref=1 me_range=16 chroma_me=1 trellis=1 8x8dct=1 cqm=0 deadzone=21,11 fast_pskip=1 chroma_qp_offset=-2 threads=24 lookahead_threads=4 sliced_threads=0 nr=0 decimate=1 interlaced=0 bluray_compat=0 constrained_intra=0 bframes=3 b_pyramid=2 b_adapt=1 b_bias=0 direct=1 weightb=1 open_gop=0 weightp=2 keyint=250 keyint_min=25 scenecut=40 intra_refresh=0 rc_lookahead=40 rc=crf mbtree=1 crf=23.0 qcomp=0.60 qpmin=0 qpmax=69 qpstep=4 ip_ratio=1.40 aq=1:1.00
Output #0, mp4, to 'C:\Users\terre\Documents\Strivea\Recordings\YouTube\TakanashiKiara\Temp\YouTube_Takanashi Kiara Ch. hololive-EN_20250629_212055\TempConcat\output.mp4':
  Metadata:
    encoder         : Lavf61.7.100
  Stream #0:0: Video: h264 (avc1 / 0x31637661), yuv420p(tv, bt709, progressive), 1920x1080 [SAR 1:1 DAR 16:9], q=2-31, 60 fps, 15360 tbn
      Metadata:
        encoder         : Lavc61.19.101 libx264
      Side data:
        cpb: bitrate max/min/avg: 0/0/0 buffer size: 0 vbv_delay: N/A
  Stream #0:1: Audio: aac (LC) (mp4a / 0x6134706D), 44100 Hz, stereo, fltp, 128 kb/s
      Metadata:
        encoder         : Lavc61.19.101 aac
frame=   47 fps=0.0 q=31.0 size=     256KiB time=00:00:00.75 bitrate=2796.7kbits/s speed=1.43x    
frame=  133 fps=127 q=31.0 size=     768KiB time=00:00:02.18 bitrate=2881.8kbits/s speed=2.09x    
frame=  222 fps=144 q=31.0 size=    1280KiB time=00:00:03.66 bitrate=2859.9kbits/s speed=2.37x    
frame=  311 fps=150 q=31.0 size=    1792KiB time=00:00:05.15 bitrate=2850.6kbits/s speed=2.48x    
frame=  406 fps=156 q=31.0 size=    2560KiB time=00:00:06.73 bitrate=3114.6kbits/s speed=2.58x    
frame=  500 fps=160 q=31.0 size=    3072KiB time=00:00:08.30 bitrate=3032.1kbits/s speed=2.66x    
frame=  597 fps=163 q=31.0 size=    3584KiB time=00:00:09.91 bitrate=2960.7kbits/s speed=2.72x    
frame=  691 fps=166 q=31.0 size=    4096KiB time=00:00:11.48 bitrate=2922.0kbits/s speed=2.76x    
frame=  782 fps=167 q=31.0 size=    4864KiB time=00:00:13.00 bitrate=3065.1kbits/s speed=2.77x    
frame=  857 fps=164 q=31.0 size=    5376KiB time=00:00:14.25 bitrate=3090.6kbits/s speed=2.73x    
frame=  927 fps=162 q=31.0 size=    5888KiB time=00:00:15.41 bitrate=3128.7kbits/s speed=2.69x    
frame= 1005 fps=161 q=31.0 size=    6400KiB time=00:00:16.71 bitrate=3136.3kbits/s speed=2.68x    
frame= 1078 fps=160 q=31.0 size=    6912KiB time=N/A bitrate=N/A speed=N/A    
[out#0/mp4 @ 000002a75ed30400] video:7070KiB audio:297KiB subtitle:0KiB other streams:0KiB global headers:0KiB muxing overhead: 0.430904%
frame= 1140 fps=163 q=-1.0 Lsize=    7399KiB time=00:00:18.96 bitrate=3195.8kbits/s speed=2.72x    
[libx264 @ 000002a75e2a5680] frame I:5     Avg QP:19.88  size:102244
[libx264 @ 000002a75e2a5680] frame P:303   Avg QP:23.22  size: 15049
[libx264 @ 000002a75e2a5680] frame B:832   Avg QP:28.38  size:  2606
[libx264 @ 000002a75e2a5680] consecutive B-frames:  1.7%  1.6%  4.5% 92.3%
[libx264 @ 000002a75e2a5680] mb I  I16..4: 28.1% 51.6% 20.3%
[libx264 @ 000002a75e2a5680] mb P  I16..4:  4.7%  5.3%  0.3%  P16..4: 30.7%  5.4%  2.8%  0.0%  0.0%    skip:50.7%
[libx264 @ 000002a75e2a5680] mb B  I16..4:  0.2%  0.2%  0.0%  B16..8: 23.8%  0.7%  0.1%  direct: 0.4%  skip:74.7%  L0:48.8% L1:49.9% BI: 1.2%
[libx264 @ 000002a75e2a5680] 8x8 transform intra:50.7% inter:76.6%
[libx264 @ 000002a75e2a5680] coded y,uvDC,uvAC intra: 13.0% 35.7% 8.7% inter: 2.1% 4.3% 0.5%
[libx264 @ 000002a75e2a5680] i16 v,h,dc,p: 17% 51%  9% 23%
[libx264 @ 000002a75e2a5680] i8 v,h,dc,ddl,ddr,vr,hd,vl,hu: 18% 25% 52%  1%  1%  1%  1%  1%  1%
[libx264 @ 000002a75e2a5680] i4 v,h,dc,ddl,ddr,vr,hd,vl,hu: 28% 30% 16%  4%  4%  4%  5%  4%  4%
[libx264 @ 000002a75e2a5680] i8c dc,h,v,p: 47% 34% 14%  5%
[libx264 @ 000002a75e2a5680] Weighted P-Frames: Y:0.0% UV:0.0%
[libx264 @ 000002a75e2a5680] ref P L0: 66.9%  8.7% 18.9%  5.6%
[libx264 @ 000002a75e2a5680] ref B L0: 91.1%  7.6%  1.3%
[libx264 @ 000002a75e2a5680] ref B L1: 96.8%  3.2%
[libx264 @ 000002a75e2a5680] kb/s:3047.99
[aac @ 000002a75e673500] Qavg: 688.233

2025-06-29 21:21:21.198 +02:00 [INF] FFmpeg terminé avec code 0
2025-06-29 21:21:21.199 +02:00 [INF] FFmpeg concat+reencode result: 
[stderr]
ffmpeg version 7.1.1-essentials_build-www.gyan.dev Copyright (c) 2000-2025 the FFmpeg developers
  built with gcc 14.2.0 (Rev1, Built by MSYS2 project)
  configuration: --enable-gpl --enable-version3 --enable-static --disable-w32threads --disable-autodetect --enable-fontconfig --enable-iconv --enable-gnutls --enable-libxml2 --enable-gmp --enable-bzlib --enable-lzma --enable-zlib --enable-libsrt --enable-libssh --enable-libzmq --enable-avisynth --enable-sdl2 --enable-libwebp --enable-libx264 --enable-libx265 --enable-libxvid --enable-libaom --enable-libopenjpeg --enable-libvpx --enable-mediafoundation --enable-libass --enable-libfreetype --enable-libfribidi --enable-libharfbuzz --enable-libvidstab --enable-libvmaf --enable-libzimg --enable-amf --enable-cuda-llvm --enable-cuvid --enable-dxva2 --enable-d3d11va --enable-d3d12va --enable-ffnvcodec --enable-libvpl --enable-nvdec --enable-nvenc --enable-vaapi --enable-libgme --enable-libopenmpt --enable-libopencore-amrwb --enable-libmp3lame --enable-libtheora --enable-libvo-amrwbenc --enable-libgsm --enable-libopencore-amrnb --enable-libopus --enable-libspeex --enable-libvorbis --enable-librubberband
  libavutil      59. 39.100 / 59. 39.100
  libavcodec     61. 19.101 / 61. 19.101
  libavformat    61.  7.100 / 61.  7.100
  libavdevice    61.  3.100 / 61.  3.100
  libavfilter    10.  4.100 / 10.  4.100
  libswscale      8.  3.100 /  8.  3.100
  libswresample   5.  3.100 /  5.  3.100
  libpostproc    58.  3.100 / 58.  3.100
Input #0, concat, from 'C:\Users\terre\Documents\Strivea\Recordings\YouTube\TakanashiKiara\Temp\YouTube_Takanashi Kiara Ch. hololive-EN_20250629_212055\TempConcat\concat.txt':
  Duration: N/A, start: 0.000000, bitrate: 130 kb/s
  Stream #0:0: Audio: aac (LC) ([15][0][0][0] / 0x000F), 44100 Hz, stereo, fltp, 130 kb/s
  Stream #0:1: Video: h264 (Main) ([27][0][0][0] / 0x001B), yuv420p(tv, bt709, progressive), 1920x1080 [SAR 1:1 DAR 16:9], 60 fps, 60 tbr, 90k tbn
Stream mapping:
  Stream #0:1 -> #0:0 (h264 (native) -> h264 (libx264))
  Stream #0:0 -> #0:1 (aac (native) -> aac (native))
Press [q] to stop, [?] for help
[libx264 @ 000002a75e2a5680] using SAR=1/1
[libx264 @ 000002a75e2a5680] using cpu capabilities: MMX2 SSE2Fast SSSE3 SSE4.2 AVX FMA3 BMI2 AVX2 AVX512
[libx264 @ 000002a75e2a5680] profile High, level 4.2, 4:2:0, 8-bit
[libx264 @ 000002a75e2a5680] 264 - core 164 r3204 373697b - H.264/MPEG-4 AVC codec - Copyleft 2003-2025 - http://www.videolan.org/x264.html - options: cabac=1 ref=3 deblock=1:0:0 analyse=0x3:0x113 me=hex subme=7 psy=1 psy_rd=1.00:0.00 mixed_ref=1 me_range=16 chroma_me=1 trellis=1 8x8dct=1 cqm=0 deadzone=21,11 fast_pskip=1 chroma_qp_offset=-2 threads=24 lookahead_threads=4 sliced_threads=0 nr=0 decimate=1 interlaced=0 bluray_compat=0 constrained_intra=0 bframes=3 b_pyramid=2 b_adapt=1 b_bias=0 direct=1 weightb=1 open_gop=0 weightp=2 keyint=250 keyint_min=25 scenecut=40 intra_refresh=0 rc_lookahead=40 rc=crf mbtree=1 crf=23.0 qcomp=0.60 qpmin=0 qpmax=69 qpstep=4 ip_ratio=1.40 aq=1:1.00
Output #0, mp4, to 'C:\Users\terre\Documents\Strivea\Recordings\YouTube\TakanashiKiara\Temp\YouTube_Takanashi Kiara Ch. hololive-EN_20250629_212055\TempConcat\output.mp4':
  Metadata:
    encoder         : Lavf61.7.100
  Stream #0:0: Video: h264 (avc1 / 0x31637661), yuv420p(tv, bt709, progressive), 1920x1080 [SAR 1:1 DAR 16:9], q=2-31, 60 fps, 15360 tbn
      Metadata:
        encoder         : Lavc61.19.101 libx264
      Side data:
        cpb: bitrate max/min/avg: 0/0/0 buffer size: 0 vbv_delay: N/A
  Stream #0:1: Audio: aac (LC) (mp4a / 0x6134706D), 44100 Hz, stereo, fltp, 128 kb/s
      Metadata:
        encoder         : Lavc61.19.101 aac
frame=   47 fps=0.0 q=31.0 size=     256KiB time=00:00:00.75 bitrate=2796.7kbits/s speed=1.43x    
frame=  133 fps=127 q=31.0 size=     768KiB time=00:00:02.18 bitrate=2881.8kbits/s speed=2.09x    
frame=  222 fps=144 q=31.0 size=    1280KiB time=00:00:03.66 bitrate=2859.9kbits/s speed=2.37x    
frame=  311 fps=150 q=31.0 size=    1792KiB time=00:00:05.15 bitrate=2850.6kbits/s speed=2.48x    
frame=  406 fps=156 q=31.0 size=    2560KiB time=00:00:06.73 bitrate=3114.6kbits/s speed=2.58x    
frame=  500 fps=160 q=31.0 size=    3072KiB time=00:00:08.30 bitrate=3032.1kbits/s speed=2.66x    
frame=  597 fps=163 q=31.0 size=    3584KiB time=00:00:09.91 bitrate=2960.7kbits/s speed=2.72x    
frame=  691 fps=166 q=31.0 size=    4096KiB time=00:00:11.48 bitrate=2922.0kbits/s speed=2.76x    
frame=  782 fps=167 q=31.0 size=    4864KiB time=00:00:13.00 bitrate=3065.1kbits/s speed=2.77x    
frame=  857 fps=164 q=31.0 size=    5376KiB time=00:00:14.25 bitrate=3090.6kbits/s speed=2.73x    
frame=  927 fps=162 q=31.0 size=    5888KiB time=00:00:15.41 bitrate=3128.7kbits/s speed=2.69x    
frame= 1005 fps=161 q=31.0 size=    6400KiB time=00:00:16.71 bitrate=3136.3kbits/s speed=2.68x    
frame= 1078 fps=160 q=31.0 size=    6912KiB time=N/A bitrate=N/A speed=N/A    
[out#0/mp4 @ 000002a75ed30400] video:7070KiB audio:297KiB subtitle:0KiB other streams:0KiB global headers:0KiB muxing overhead: 0.430904%
frame= 1140 fps=163 q=-1.0 Lsize=    7399KiB time=00:00:18.96 bitrate=3195.8kbits/s speed=2.72x    
[libx264 @ 000002a75e2a5680] frame I:5     Avg QP:19.88  size:102244
[libx264 @ 000002a75e2a5680] frame P:303   Avg QP:23.22  size: 15049
[libx264 @ 000002a75e2a5680] frame B:832   Avg QP:28.38  size:  2606
[libx264 @ 000002a75e2a5680] consecutive B-frames:  1.7%  1.6%  4.5% 92.3%
[libx264 @ 000002a75e2a5680] mb I  I16..4: 28.1% 51.6% 20.3%
[libx264 @ 000002a75e2a5680] mb P  I16..4:  4.7%  5.3%  0.3%  P16..4: 30.7%  5.4%  2.8%  0.0%  0.0%    skip:50.7%
[libx264 @ 000002a75e2a5680] mb B  I16..4:  0.2%  0.2%  0.0%  B16..8: 23.8%  0.7%  0.1%  direct: 0.4%  skip:74.7%  L0:48.8% L1:49.9% BI: 1.2%
[libx264 @ 000002a75e2a5680] 8x8 transform intra:50.7% inter:76.6%
[libx264 @ 000002a75e2a5680] coded y,uvDC,uvAC intra: 13.0% 35.7% 8.7% inter: 2.1% 4.3% 0.5%
[libx264 @ 000002a75e2a5680] i16 v,h,dc,p: 17% 51%  9% 23%
[libx264 @ 000002a75e2a5680] i8 v,h,dc,ddl,ddr,vr,hd,vl,hu: 18% 25% 52%  1%  1%  1%  1%  1%  1%
[libx264 @ 000002a75e2a5680] i4 v,h,dc,ddl,ddr,vr,hd,vl,hu: 28% 30% 16%  4%  4%  4%  5%  4%  4%
[libx264 @ 000002a75e2a5680] i8c dc,h,v,p: 47% 34% 14%  5%
[libx264 @ 000002a75e2a5680] Weighted P-Frames: Y:0.0% UV:0.0%
[libx264 @ 000002a75e2a5680] ref P L0: 66.9%  8.7% 18.9%  5.6%
[libx264 @ 000002a75e2a5680] ref B L0: 91.1%  7.6%  1.3%
[libx264 @ 000002a75e2a5680] ref B L1: 96.8%  3.2%
[libx264 @ 000002a75e2a5680] kb/s:3047.99
[aac @ 000002a75e673500] Qavg: 688.233

2025-06-29 21:21:21.200 +02:00 [INF] [CONCAT] Déplacement du fichier final vers : C:\Users\terre\Documents\Strivea\Recordings\YouTube\TakanashiKiara\Temp\【UNARCHIVED KARAOKE】Marathon to 1.600.000 Subs PART 2! In my PERFUME SWIMSUIT! #kfp #キアライブ.mp4
2025-06-29 21:21:21.201 +02:00 [INF] [CONCAT] Fichier final déplacé vers : C:\Users\terre\Documents\Strivea\Recordings\YouTube\TakanashiKiara\Temp\【UNARCHIVED KARAOKE】Marathon to 1.600.000 Subs PART 2! In my PERFUME SWIMSUIT! #kfp #キアライブ.mp4
2025-06-29 21:21:21.201 +02:00 [INF] [CONCAT] Concaténation et conversion terminées avec succès.
2025-06-29 21:21:21.202 +02:00 [INF] CanStopMonitoring est évalué. IsMonitoring: True
2025-06-29 21:21:21.205 +02:00 [INF] IsMonitoring a changé: False
2025-06-29 21:21:21.205 +02:00 [INF] CanStopMonitoring est évalué. IsMonitoring: False
2025-06-29 21:21:21.205 +02:00 [INF] CanStartMonitoring après changement: True
2025-06-29 21:21:21.205 +02:00 [INF] CanStopMonitoring est évalué. IsMonitoring: False
2025-06-29 21:21:21.205 +02:00 [INF] CanStopMonitoring après changement: False
2025-06-29 21:21:21.205 +02:00 [INF] [DEBUG] IsMonitoring forcé à False dans finally StopMonitoringAsync
2025-06-29 21:21:21.205 +02:00 [INF] CanStopMonitoring est évalué. IsMonitoring: False
2025-06-29 21:21:26.979 +02:00 [INF] Début de la récupération des informations du stream YouTube pour : https://www.youtube.com/watch?v=1uGO5HAfgFE
2025-06-29 21:21:27.160 +02:00 [INF] Streamlink trouvé à : C:\Program Files\Streamlink\bin\streamlink.exe
2025-06-29 21:21:27.160 +02:00 [INF] Exécution de streamlink avec les arguments : -j https://www.youtube.com/watch?v=1uGO5HAfgFE best
2025-06-29 21:21:27.163 +02:00 [INF] Processus streamlink démarré
2025-06-29 21:21:29.185 +02:00 [INF] Processus streamlink terminé avec le code : 0
2025-06-29 21:21:29.185 +02:00 [INF] Sortie Streamlink (JSON) : {
  "type": "hls",
  "url": "https://manifest.googlevideo.com/api/manifest/hls_playlist/expire/1751246517/ei/VZJhaOvCCIPLp-oP8ZXW8A0/ip/2a01:e0a:8f1:aac0:53b:a603:3714:1c77/id/1uGO5HAfgFE.1/itag/301/source/yt_live_broadcast/requiressl/yes/ratebypass/yes/live/1/sgoap/gir%3Dyes%3Bitag%3D140/sgovp/gir%3Dyes%3Bitag%3D299/rqh/1/hls_chunk_host/rr4---sn-25glenlz.googlevideo.com/xpc/EgVo2aDSNQ%3D%3D/bui/AY1jyLPeLcr-xF9JeETcd9Tpxnbk_6WzbiSj_8_oDT9IrvYPIH06IKWCt6yNaw8lDltCY2XP14XElSLB/spc/l3OVKVf5dXu4wFOPvF3aJ-T7xYo93fzJw7FBpAA3IrvSr3cB6_63GY3h4gF--UowycUMVlqB7rA/vprv/1/playlist_type/LIVE/initcwndbps/1827500/met/1751224918,/mh/RU/mm/44/mn/sn-25glenlz/ms/lva/mv/m/mvi/4/pl/45/rms/lva,lva/dover/11/pacing/0/keepalive/yes/fexp/51355912/mt/1751224361/sparams/expire,ei,ip,id,itag,source,requiressl,ratebypass,live,sgoap,sgovp,rqh,xpc,bui,spc,vprv,playlist_type/sig/AJfQdSswRgIhAJxG2uX2FBo-Q3q84VvYbtRCsxCYF1upv1PTND-AX6vbAiEAw7U9BOXfjBbc_VBJjE0O7C8EkT8at94MptQcsTQsIew%3D/lsparams/hls_chunk_host,initcwndbps,met,mh,mm,mn,ms,mv,mvi,pl,rms/lsig/APaTxxMwRAIgb4KhZ-q7L_odnTM6ll6qqsyIGx8au8sr91KKlfijcsACIESai4N9JiKyilBSCaW67aBLbwdQGxets-tI6nx6jQB5/playlist/index.m3u8",
  "headers": {
    "User-Agent": "Mozilla/5.0 (Windows NT 10.0; Win64; x64) AppleWebKit/537.36 (KHTML, like Gecko) Chrome/134.0.0.0 Safari/537.36",
    "Accept-Encoding": "gzip, deflate, br, zstd",
    "Accept": "*/*",
    "Connection": "keep-alive"
  },
  "master": "https://manifest.googlevideo.com/api/manifest/hls_variant/expire/1751246517/ei/VZJhaOvCCIPLp-oP8ZXW8A0/ip/2a01%3Ae0a%3A8f1%3Aaac0%3A53b%3Aa603%3A3714%3A1c77/id/1uGO5HAfgFE.1/source/yt_live_broadcast/requiressl/yes/xpc/EgVo2aDSNQ%3D%3D/hfr/1/maudio/1/bui/AY1jyLPeLcr-xF9JeETcd9Tpxnbk_6WzbiSj_8_oDT9IrvYPIH06IKWCt6yNaw8lDltCY2XP14XElSLB/spc/l3OVKVf5dXu4wFOPvF3aJ-T7xYo93fzJw7FBpAA3IrvSr3cB6_63GY3h4gF--UowycUMVlqB7rA/vprv/1/go/1/rqh/5/pacing/0/nvgoi/1/ncsapi/1/keepalive/yes/fexp/51355912/dover/11/itag/0/playlist_type/LIVE/sparams/expire%2Cei%2Cip%2Cid%2Csource%2Crequiressl%2Cxpc%2Chfr%2Cmaudio%2Cbui%2Cspc%2Cvprv%2Cgo%2Crqh%2Citag%2Cplaylist_type/sig/AJfQdSswRgIhAJRhOL_mjdfS8BPXm2d0ol_iZ1ohSSbK1WNzxWHJYWe3AiEA2WjywPtscKj4MXqRZrl12G-EwuGS6s8VXG7_R5gmipA%3D/file/index.m3u8",
  "metadata": {
    "id": "1uGO5HAfgFE",
    "author": "Takanashi Kiara Ch. hololive-EN",
    "category": "Music",
    "title": "\u3010UNARCHIVED KARAOKE\u3011Marathon to 1.600.000 Subs PART 2! In my PERFUME SWIMSUIT! #kfp #\u30ad\u30a2\u30e9\u30a4\u30d6"
  }
}

2025-06-29 21:21:29.187 +02:00 [INF] Récupération de l'URL du stream pour https://www.youtube.com/watch?v=1uGO5HAfgFE
2025-06-29 21:21:30.950 +02:00 [INF] IsMonitoring a changé: True
2025-06-29 21:21:30.950 +02:00 [INF] CanStopMonitoring est évalué. IsMonitoring: True
2025-06-29 21:21:30.950 +02:00 [INF] CanStartMonitoring après changement: False
2025-06-29 21:21:30.950 +02:00 [INF] CanStopMonitoring est évalué. IsMonitoring: True
2025-06-29 21:21:30.950 +02:00 [INF] CanStopMonitoring après changement: True
2025-06-29 21:21:30.952 +02:00 [INF] Démarrage de l'enregistrement pour Takanashi Kiara Ch. hololive-EN sur YouTube
2025-06-29 21:21:30.952 +02:00 [INF] URL du stream : https://manifest.googlevideo.com/api/manifest/hls_playlist/expire/1751246519/ei/VpJhaKbLOoXa6dsP4I_ikA4/ip/2a01:e0a:8f1:aac0:53b:a603:3714:1c77/id/1uGO5HAfgFE.1/itag/301/source/yt_live_broadcast/requiressl/yes/ratebypass/yes/live/1/sgoap/gir%3Dyes%3Bitag%3D140/sgovp/gir%3Dyes%3Bitag%3D299/rqh/1/hls_chunk_host/rr4---sn-25glenlz.googlevideo.com/xpc/EgVo2aDSNQ%3D%3D/bui/AY1jyLOH5hnVAEA9soDtc5aTaMm3WxS_N-4VwsrMb2TXp1ORNGF-akSqq1pQOzFKl8jVoew9C_KxnxBj/spc/l3OVKSA6A3QhGTZJgMGIy7UsvVTopvahFjRhqSHWxiChVGXXYYrqLLlX77BXMCtZFek/vprv/1/playlist_type/LIVE/initcwndbps/1827500/met/1751224919,/mh/RU/mm/44/mn/sn-25glenlz/ms/lva/mv/m/mvi/4/pl/45/rms/lva,lva/dover/11/pacing/0/keepalive/yes/fexp/51355912,51476174/mt/1751224361/sparams/expire,ei,ip,id,itag,source,requiressl,ratebypass,live,sgoap,sgovp,rqh,xpc,bui,spc,vprv,playlist_type/sig/AJfQdSswRAIge77k_lqmxVzvE3CE4VSjgDDXupTFCpHnBYkgsShtDo8CIBflYtdn-FlkuWRxQAFgwfX8lF36Zy6YdCl8xXMAzbPh/lsparams/hls_chunk_host,initcwndbps,met,mh,mm,mn,ms,mv,mvi,pl,rms/lsig/APaTxxMwRgIhALjvhGib1-1AoyelenPssHEfwVazUhC3ohZDqvdcYrCOAiEA53POiEILi8PyzoHpxgh8UoAfLcOnrzN5Q2ovZiz7_2g%3D/playlist/index.m3u8
2025-06-29 21:21:30.952 +02:00 [INF] Chemin de sortie : C:\Users\terre\Documents\Strivea\Recordings\YouTube\Takanashi Kiara Ch. hololive-EN\Temp\YouTube_Takanashi Kiara Ch. hololive-EN_20250629_212130\【UNARCHIVED KARAOKE】Marathon to 1.600.000 Subs PART 2! In my PERFUME SWIMSUIT! #kfp #キアライブ_20250629_212130.ts
2025-06-29 21:21:31.026 +02:00 [INF] Enregistrement démarré pour Takanashi Kiara Ch. hololive-EN sur YouTube
2025-06-29 21:21:43.301 +02:00 [INF] CanStopMonitoring est évalué. IsMonitoring: True
2025-06-29 21:21:43.301 +02:00 [INF] Arrêt de l'enregistrement pour Takanashi Kiara Ch. hololive-EN sur YouTube
2025-06-29 21:21:43.303 +02:00 [INF] Enregistrement terminé pour Takanashi Kiara Ch. hololive-EN sur YouTube
2025-06-29 21:21:43.303 +02:00 [INF] Durée : 00:00:12
2025-06-29 21:21:43.303 +02:00 [INF] Taille du fichier : 8 MB
2025-06-29 21:21:43.303 +02:00 [INF] [CONCAT] Début de la concaténation des segments vidéo...
2025-06-29 21:21:43.303 +02:00 [INF] [CONCAT] Fichiers .ts à concaténer (1) :
2025-06-29 21:21:43.303 +02:00 [INF] [CONCAT] - C:\Users\terre\Documents\Strivea\Recordings\YouTube\Takanashi Kiara Ch. hololive-EN\Temp\YouTube_Takanashi Kiara Ch. hololive-EN_20250629_212130\【UNARCHIVED KARAOKE】Marathon to 1.600.000 Subs PART 2! In my PERFUME SWIMSUIT! #kfp #キアライブ_20250629_212130.ts
2025-06-29 21:21:43.308 +02:00 [INF] CanStopMonitoring est évalué. IsMonitoring: True
2025-06-29 21:21:43.309 +02:00 [INF] [CONCAT] Début de la conversion en mp4...
2025-06-29 21:21:43.309 +02:00 [INF] Commande FFmpeg concat+reencode : ffmpeg -f concat -safe 0 -i "C:\Users\terre\Documents\Strivea\Recordings\YouTube\Takanashi Kiara Ch. hololive-EN\Temp\YouTube_Takanashi Kiara Ch. hololive-EN_20250629_212130\TempConcat\concat.txt" -c:v libx264 -c:a aac "C:\Users\terre\Documents\Strivea\Recordings\YouTube\Takanashi Kiara Ch. hololive-EN\Temp\YouTube_Takanashi Kiara Ch. hololive-EN_20250629_212130\TempConcat\output.mp4"
2025-06-29 21:21:48.814 +02:00 [ERR] FFmpeg stderr : ffmpeg version 7.1.1-essentials_build-www.gyan.dev Copyright (c) 2000-2025 the FFmpeg developers
  built with gcc 14.2.0 (Rev1, Built by MSYS2 project)
  configuration: --enable-gpl --enable-version3 --enable-static --disable-w32threads --disable-autodetect --enable-fontconfig --enable-iconv --enable-gnutls --enable-libxml2 --enable-gmp --enable-bzlib --enable-lzma --enable-zlib --enable-libsrt --enable-libssh --enable-libzmq --enable-avisynth --enable-sdl2 --enable-libwebp --enable-libx264 --enable-libx265 --enable-libxvid --enable-libaom --enable-libopenjpeg --enable-libvpx --enable-mediafoundation --enable-libass --enable-libfreetype --enable-libfribidi --enable-libharfbuzz --enable-libvidstab --enable-libvmaf --enable-libzimg --enable-amf --enable-cuda-llvm --enable-cuvid --enable-dxva2 --enable-d3d11va --enable-d3d12va --enable-ffnvcodec --enable-libvpl --enable-nvdec --enable-nvenc --enable-vaapi --enable-libgme --enable-libopenmpt --enable-libopencore-amrwb --enable-libmp3lame --enable-libtheora --enable-libvo-amrwbenc --enable-libgsm --enable-libopencore-amrnb --enable-libopus --enable-libspeex --enable-libvorbis --enable-librubberband
  libavutil      59. 39.100 / 59. 39.100
  libavcodec     61. 19.101 / 61. 19.101
  libavformat    61.  7.100 / 61.  7.100
  libavdevice    61.  3.100 / 61.  3.100
  libavfilter    10.  4.100 / 10.  4.100
  libswscale      8.  3.100 /  8.  3.100
  libswresample   5.  3.100 /  5.  3.100
  libpostproc    58.  3.100 / 58.  3.100
[mpegts @ 000001825eec0940] PES packet size mismatch
[mpegts @ 000001825eec0940] Packet corrupt (stream = 1, dts = 602908500).
Input #0, concat, from 'C:\Users\terre\Documents\Strivea\Recordings\YouTube\Takanashi Kiara Ch. hololive-EN\Temp\YouTube_Takanashi Kiara Ch. hololive-EN_20250629_212130\TempConcat\concat.txt':
  Duration: N/A, start: 0.000000, bitrate: 133 kb/s
  Stream #0:0: Audio: aac (LC) ([15][0][0][0] / 0x000F), 44100 Hz, stereo, fltp, 133 kb/s
  Stream #0:1: Video: h264 (Main) ([27][0][0][0] / 0x001B), yuv420p(tv, bt709, progressive), 1920x1080 [SAR 1:1 DAR 16:9], 60 fps, 60 tbr, 90k tbn
Stream mapping:
  Stream #0:1 -> #0:0 (h264 (native) -> h264 (libx264))
  Stream #0:0 -> #0:1 (aac (native) -> aac (native))
Press [q] to stop, [?] for help
[libx264 @ 000001825f190540] using SAR=1/1
[libx264 @ 000001825f190540] using cpu capabilities: MMX2 SSE2Fast SSSE3 SSE4.2 AVX FMA3 BMI2 AVX2 AVX512
[libx264 @ 000001825f190540] profile High, level 4.2, 4:2:0, 8-bit
[libx264 @ 000001825f190540] 264 - core 164 r3204 373697b - H.264/MPEG-4 AVC codec - Copyleft 2003-2025 - http://www.videolan.org/x264.html - options: cabac=1 ref=3 deblock=1:0:0 analyse=0x3:0x113 me=hex subme=7 psy=1 psy_rd=1.00:0.00 mixed_ref=1 me_range=16 chroma_me=1 trellis=1 8x8dct=1 cqm=0 deadzone=21,11 fast_pskip=1 chroma_qp_offset=-2 threads=24 lookahead_threads=4 sliced_threads=0 nr=0 decimate=1 interlaced=0 bluray_compat=0 constrained_intra=0 bframes=3 b_pyramid=2 b_adapt=1 b_bias=0 direct=1 weightb=1 open_gop=0 weightp=2 keyint=250 keyint_min=25 scenecut=40 intra_refresh=0 rc_lookahead=40 rc=crf mbtree=1 crf=23.0 qcomp=0.60 qpmin=0 qpmax=69 qpstep=4 ip_ratio=1.40 aq=1:1.00
Output #0, mp4, to 'C:\Users\terre\Documents\Strivea\Recordings\YouTube\Takanashi Kiara Ch. hololive-EN\Temp\YouTube_Takanashi Kiara Ch. hololive-EN_20250629_212130\TempConcat\output.mp4':
  Metadata:
    encoder         : Lavf61.7.100
  Stream #0:0: Video: h264 (avc1 / 0x31637661), yuv420p(tv, bt709, progressive), 1920x1080 [SAR 1:1 DAR 16:9], q=2-31, 60 fps, 15360 tbn
      Metadata:
        encoder         : Lavc61.19.101 libx264
      Side data:
        cpb: bitrate max/min/avg: 0/0/0 buffer size: 0 vbv_delay: N/A
  Stream #0:1: Audio: aac (LC) (mp4a / 0x6134706D), 44100 Hz, stereo, fltp, 128 kb/s
      Metadata:
        encoder         : Lavc61.19.101 aac
frame=   30 fps=0.0 q=31.0 size=     256KiB time=00:00:00.46 bitrate=4494.7kbits/s speed=0.91x    
frame=   97 fps= 94 q=31.0 size=     768KiB time=00:00:01.58 bitrate=3973.8kbits/s speed=1.53x    
frame=  173 fps=112 q=31.0 size=    1280KiB time=00:00:02.85 bitrate=3679.3kbits/s speed=1.84x    
frame=  248 fps=120 q=31.0 size=    1792KiB time=00:00:04.10 bitrate=3580.6kbits/s speed=1.99x    
frame=  324 fps=126 q=31.0 size=    2560KiB time=00:00:05.36 bitrate=3907.8kbits/s speed=2.08x    
frame=  398 fps=129 q=31.0 size=    3072KiB time=00:00:06.60 bitrate=3813.1kbits/s speed=2.14x    
frame=  477 fps=132 q=31.0 size=    3840KiB time=00:00:07.91 bitrate=3973.6kbits/s speed= 2.2x    
frame=  554 fps=135 q=31.0 size=    4352KiB time=00:00:09.20 bitrate=3875.2kbits/s speed=2.23x    
frame=  638 fps=138 q=31.0 size=    4864KiB time=00:00:10.60 bitrate=3759.1kbits/s speed=2.29x    
[mpegts @ 000001825eec0940] PES packet size mismatch
[mpegts @ 000001825eec0940] Packet corrupt (stream = 1, dts = 602908500).
[concat @ 000001825eebf400] Packet corrupt (stream = 1, dts = 1167000).
[in#0/concat @ 000001825eec2e40] corrupt input packet in stream 1
[h264 @ 0000018260321b40] error while decoding MB 12 16, bytestream -11
[h264 @ 0000018260321b40] concealing 6277 DC, 6277 AC, 6277 MV errors in P frame
[vist#0:1/h264 @ 000001825fb30400] [dec:h264 @ 000001825fb57e00] corrupt decoded frame
frame=  738 fps=143 q=31.0 size=    5632KiB time=N/A bitrate=N/A speed=N/A    
[out#0/mp4 @ 000001825f580780] video:5807KiB audio:204KiB subtitle:0KiB other streams:0KiB global headers:0KiB muxing overhead: 0.370286%
frame=  780 fps=147 q=-1.0 Lsize=    6033KiB time=00:00:12.96 bitrate=3811.6kbits/s speed=2.44x    
[libx264 @ 000001825f190540] frame I:4     Avg QP:20.46  size: 97556
[libx264 @ 000001825f190540] frame P:200   Avg QP:23.79  size: 18305
[libx264 @ 000001825f190540] frame B:576   Avg QP:28.83  size:  3289
[libx264 @ 000001825f190540] consecutive B-frames:  1.3%  0.3%  1.5% 96.9%
[libx264 @ 000001825f190540] mb I  I16..4: 29.7% 50.6% 19.7%
[libx264 @ 000001825f190540] mb P  I16..4:  5.4%  4.9%  0.8%  P16..4: 34.2%  6.4%  3.1%  0.0%  0.0%    skip:45.2%
[libx264 @ 000001825f190540] mb B  I16..4:  0.2%  0.2%  0.0%  B16..8: 26.7%  1.1%  0.1%  direct: 0.3%  skip:71.5%  L0:49.3% L1:49.3% BI: 1.4%
[libx264 @ 000001825f190540] 8x8 transform intra:45.4% inter:77.6%
[libx264 @ 000001825f190540] coded y,uvDC,uvAC intra: 16.7% 42.9% 11.9% inter: 2.4% 4.9% 0.4%
[libx264 @ 000001825f190540] i16 v,h,dc,p: 18% 46% 10% 27%
[libx264 @ 000001825f190540] i8 v,h,dc,ddl,ddr,vr,hd,vl,hu: 19% 26% 46%  1%  1%  1%  2%  1%  1%
[libx264 @ 000001825f190540] i4 v,h,dc,ddl,ddr,vr,hd,vl,hu: 26% 28% 18%  5%  4%  5%  5%  4%  5%
[libx264 @ 000001825f190540] i8c dc,h,v,p: 45% 34% 16%  6%
[libx264 @ 000001825f190540] Weighted P-Frames: Y:0.0% UV:0.0%
[libx264 @ 000001825f190540] ref P L0: 65.8%  8.8% 19.7%  5.6%
[libx264 @ 000001825f190540] ref B L0: 91.8%  7.0%  1.3%
[libx264 @ 000001825f190540] ref B L1: 96.8%  3.2%
[libx264 @ 000001825f190540] kb/s:3659.03
[aac @ 0000018260320c80] Qavg: 631.883

2025-06-29 21:21:48.818 +02:00 [INF] FFmpeg terminé avec code 0
2025-06-29 21:21:48.818 +02:00 [INF] FFmpeg concat+reencode result: 
[stderr]
ffmpeg version 7.1.1-essentials_build-www.gyan.dev Copyright (c) 2000-2025 the FFmpeg developers
  built with gcc 14.2.0 (Rev1, Built by MSYS2 project)
  configuration: --enable-gpl --enable-version3 --enable-static --disable-w32threads --disable-autodetect --enable-fontconfig --enable-iconv --enable-gnutls --enable-libxml2 --enable-gmp --enable-bzlib --enable-lzma --enable-zlib --enable-libsrt --enable-libssh --enable-libzmq --enable-avisynth --enable-sdl2 --enable-libwebp --enable-libx264 --enable-libx265 --enable-libxvid --enable-libaom --enable-libopenjpeg --enable-libvpx --enable-mediafoundation --enable-libass --enable-libfreetype --enable-libfribidi --enable-libharfbuzz --enable-libvidstab --enable-libvmaf --enable-libzimg --enable-amf --enable-cuda-llvm --enable-cuvid --enable-dxva2 --enable-d3d11va --enable-d3d12va --enable-ffnvcodec --enable-libvpl --enable-nvdec --enable-nvenc --enable-vaapi --enable-libgme --enable-libopenmpt --enable-libopencore-amrwb --enable-libmp3lame --enable-libtheora --enable-libvo-amrwbenc --enable-libgsm --enable-libopencore-amrnb --enable-libopus --enable-libspeex --enable-libvorbis --enable-librubberband
  libavutil      59. 39.100 / 59. 39.100
  libavcodec     61. 19.101 / 61. 19.101
  libavformat    61.  7.100 / 61.  7.100
  libavdevice    61.  3.100 / 61.  3.100
  libavfilter    10.  4.100 / 10.  4.100
  libswscale      8.  3.100 /  8.  3.100
  libswresample   5.  3.100 /  5.  3.100
  libpostproc    58.  3.100 / 58.  3.100
[mpegts @ 000001825eec0940] PES packet size mismatch
[mpegts @ 000001825eec0940] Packet corrupt (stream = 1, dts = 602908500).
Input #0, concat, from 'C:\Users\terre\Documents\Strivea\Recordings\YouTube\Takanashi Kiara Ch. hololive-EN\Temp\YouTube_Takanashi Kiara Ch. hololive-EN_20250629_212130\TempConcat\concat.txt':
  Duration: N/A, start: 0.000000, bitrate: 133 kb/s
  Stream #0:0: Audio: aac (LC) ([15][0][0][0] / 0x000F), 44100 Hz, stereo, fltp, 133 kb/s
  Stream #0:1: Video: h264 (Main) ([27][0][0][0] / 0x001B), yuv420p(tv, bt709, progressive), 1920x1080 [SAR 1:1 DAR 16:9], 60 fps, 60 tbr, 90k tbn
Stream mapping:
  Stream #0:1 -> #0:0 (h264 (native) -> h264 (libx264))
  Stream #0:0 -> #0:1 (aac (native) -> aac (native))
Press [q] to stop, [?] for help
[libx264 @ 000001825f190540] using SAR=1/1
[libx264 @ 000001825f190540] using cpu capabilities: MMX2 SSE2Fast SSSE3 SSE4.2 AVX FMA3 BMI2 AVX2 AVX512
[libx264 @ 000001825f190540] profile High, level 4.2, 4:2:0, 8-bit
[libx264 @ 000001825f190540] 264 - core 164 r3204 373697b - H.264/MPEG-4 AVC codec - Copyleft 2003-2025 - http://www.videolan.org/x264.html - options: cabac=1 ref=3 deblock=1:0:0 analyse=0x3:0x113 me=hex subme=7 psy=1 psy_rd=1.00:0.00 mixed_ref=1 me_range=16 chroma_me=1 trellis=1 8x8dct=1 cqm=0 deadzone=21,11 fast_pskip=1 chroma_qp_offset=-2 threads=24 lookahead_threads=4 sliced_threads=0 nr=0 decimate=1 interlaced=0 bluray_compat=0 constrained_intra=0 bframes=3 b_pyramid=2 b_adapt=1 b_bias=0 direct=1 weightb=1 open_gop=0 weightp=2 keyint=250 keyint_min=25 scenecut=40 intra_refresh=0 rc_lookahead=40 rc=crf mbtree=1 crf=23.0 qcomp=0.60 qpmin=0 qpmax=69 qpstep=4 ip_ratio=1.40 aq=1:1.00
Output #0, mp4, to 'C:\Users\terre\Documents\Strivea\Recordings\YouTube\Takanashi Kiara Ch. hololive-EN\Temp\YouTube_Takanashi Kiara Ch. hololive-EN_20250629_212130\TempConcat\output.mp4':
  Metadata:
    encoder         : Lavf61.7.100
  Stream #0:0: Video: h264 (avc1 / 0x31637661), yuv420p(tv, bt709, progressive), 1920x1080 [SAR 1:1 DAR 16:9], q=2-31, 60 fps, 15360 tbn
      Metadata:
        encoder         : Lavc61.19.101 libx264
      Side data:
        cpb: bitrate max/min/avg: 0/0/0 buffer size: 0 vbv_delay: N/A
  Stream #0:1: Audio: aac (LC) (mp4a / 0x6134706D), 44100 Hz, stereo, fltp, 128 kb/s
      Metadata:
        encoder         : Lavc61.19.101 aac
frame=   30 fps=0.0 q=31.0 size=     256KiB time=00:00:00.46 bitrate=4494.7kbits/s speed=0.91x    
frame=   97 fps= 94 q=31.0 size=     768KiB time=00:00:01.58 bitrate=3973.8kbits/s speed=1.53x    
frame=  173 fps=112 q=31.0 size=    1280KiB time=00:00:02.85 bitrate=3679.3kbits/s speed=1.84x    
frame=  248 fps=120 q=31.0 size=    1792KiB time=00:00:04.10 bitrate=3580.6kbits/s speed=1.99x    
frame=  324 fps=126 q=31.0 size=    2560KiB time=00:00:05.36 bitrate=3907.8kbits/s speed=2.08x    
frame=  398 fps=129 q=31.0 size=    3072KiB time=00:00:06.60 bitrate=3813.1kbits/s speed=2.14x    
frame=  477 fps=132 q=31.0 size=    3840KiB time=00:00:07.91 bitrate=3973.6kbits/s speed= 2.2x    
frame=  554 fps=135 q=31.0 size=    4352KiB time=00:00:09.20 bitrate=3875.2kbits/s speed=2.23x    
frame=  638 fps=138 q=31.0 size=    4864KiB time=00:00:10.60 bitrate=3759.1kbits/s speed=2.29x    
[mpegts @ 000001825eec0940] PES packet size mismatch
[mpegts @ 000001825eec0940] Packet corrupt (stream = 1, dts = 602908500).
[concat @ 000001825eebf400] Packet corrupt (stream = 1, dts = 1167000).
[in#0/concat @ 000001825eec2e40] corrupt input packet in stream 1
[h264 @ 0000018260321b40] error while decoding MB 12 16, bytestream -11
[h264 @ 0000018260321b40] concealing 6277 DC, 6277 AC, 6277 MV errors in P frame
[vist#0:1/h264 @ 000001825fb30400] [dec:h264 @ 000001825fb57e00] corrupt decoded frame
frame=  738 fps=143 q=31.0 size=    5632KiB time=N/A bitrate=N/A speed=N/A    
[out#0/mp4 @ 000001825f580780] video:5807KiB audio:204KiB subtitle:0KiB other streams:0KiB global headers:0KiB muxing overhead: 0.370286%
frame=  780 fps=147 q=-1.0 Lsize=    6033KiB time=00:00:12.96 bitrate=3811.6kbits/s speed=2.44x    
[libx264 @ 000001825f190540] frame I:4     Avg QP:20.46  size: 97556
[libx264 @ 000001825f190540] frame P:200   Avg QP:23.79  size: 18305
[libx264 @ 000001825f190540] frame B:576   Avg QP:28.83  size:  3289
[libx264 @ 000001825f190540] consecutive B-frames:  1.3%  0.3%  1.5% 96.9%
[libx264 @ 000001825f190540] mb I  I16..4: 29.7% 50.6% 19.7%
[libx264 @ 000001825f190540] mb P  I16..4:  5.4%  4.9%  0.8%  P16..4: 34.2%  6.4%  3.1%  0.0%  0.0%    skip:45.2%
[libx264 @ 000001825f190540] mb B  I16..4:  0.2%  0.2%  0.0%  B16..8: 26.7%  1.1%  0.1%  direct: 0.3%  skip:71.5%  L0:49.3% L1:49.3% BI: 1.4%
[libx264 @ 000001825f190540] 8x8 transform intra:45.4% inter:77.6%
[libx264 @ 000001825f190540] coded y,uvDC,uvAC intra: 16.7% 42.9% 11.9% inter: 2.4% 4.9% 0.4%
[libx264 @ 000001825f190540] i16 v,h,dc,p: 18% 46% 10% 27%
[libx264 @ 000001825f190540] i8 v,h,dc,ddl,ddr,vr,hd,vl,hu: 19% 26% 46%  1%  1%  1%  2%  1%  1%
[libx264 @ 000001825f190540] i4 v,h,dc,ddl,ddr,vr,hd,vl,hu: 26% 28% 18%  5%  4%  5%  5%  4%  5%
[libx264 @ 000001825f190540] i8c dc,h,v,p: 45% 34% 16%  6%
[libx264 @ 000001825f190540] Weighted P-Frames: Y:0.0% UV:0.0%
[libx264 @ 000001825f190540] ref P L0: 65.8%  8.8% 19.7%  5.6%
[libx264 @ 000001825f190540] ref B L0: 91.8%  7.0%  1.3%
[libx264 @ 000001825f190540] ref B L1: 96.8%  3.2%
[libx264 @ 000001825f190540] kb/s:3659.03
[aac @ 0000018260320c80] Qavg: 631.883

2025-06-29 21:21:48.819 +02:00 [INF] [CONCAT] Déplacement du fichier final vers : C:\Users\terre\Documents\Strivea\Recordings\YouTube\Takanashi Kiara Ch. hololive-EN\Temp\【UNARCHIVED KARAOKE】Marathon to 1.600.000 Subs PART 2! In my PERFUME SWIMSUIT! #kfp #キアライブ.mp4
2025-06-29 21:21:48.820 +02:00 [INF] [CONCAT] Fichier final déplacé vers : C:\Users\terre\Documents\Strivea\Recordings\YouTube\Takanashi Kiara Ch. hololive-EN\Temp\【UNARCHIVED KARAOKE】Marathon to 1.600.000 Subs PART 2! In my PERFUME SWIMSUIT! #kfp #キアライブ.mp4
2025-06-29 21:21:48.821 +02:00 [INF] [CONCAT] Concaténation et conversion terminées avec succès.
2025-06-29 21:21:48.822 +02:00 [INF] CanStopMonitoring est évalué. IsMonitoring: True
2025-06-29 21:21:48.824 +02:00 [INF] IsMonitoring a changé: False
2025-06-29 21:21:48.824 +02:00 [INF] CanStopMonitoring est évalué. IsMonitoring: False
2025-06-29 21:21:48.824 +02:00 [INF] CanStartMonitoring après changement: True
2025-06-29 21:21:48.824 +02:00 [INF] CanStopMonitoring est évalué. IsMonitoring: False
2025-06-29 21:21:48.824 +02:00 [INF] CanStopMonitoring après changement: False
2025-06-29 21:21:48.824 +02:00 [INF] [DEBUG] IsMonitoring forcé à False dans finally StopMonitoringAsync
2025-06-29 21:21:48.824 +02:00 [INF] CanStopMonitoring est évalué. IsMonitoring: False
2025-06-29 21:22:37.879 +02:00 [INF] Début de la récupération des informations du stream YouTube pour : https://www.youtube.com/watch?v=1uGO5HAfgFE
2025-06-29 21:22:38.098 +02:00 [INF] Streamlink trouvé à : C:\Program Files\Streamlink\bin\streamlink.exe
2025-06-29 21:22:38.098 +02:00 [INF] Exécution de streamlink avec les arguments : -j https://www.youtube.com/watch?v=1uGO5HAfgFE best
2025-06-29 21:22:38.099 +02:00 [INF] Processus streamlink démarré
2025-06-29 21:22:39.557 +02:00 [INF] Processus streamlink terminé avec le code : 0
2025-06-29 21:22:39.557 +02:00 [INF] Sortie Streamlink (JSON) : {
  "type": "hls",
  "url": "https://manifest.googlevideo.com/api/manifest/hls_playlist/expire/1751246587/ei/m5JhaJmvMI_b9fgP8s_YoA4/ip/2a01:e0a:8f1:aac0:53b:a603:3714:1c77/id/1uGO5HAfgFE.1/itag/301/source/yt_live_broadcast/requiressl/yes/ratebypass/yes/live/1/sgoap/gir%3Dyes%3Bitag%3D140/sgovp/gir%3Dyes%3Bitag%3D299/rqh/1/hls_chunk_host/rr4---sn-25ge7nsk.googlevideo.com/xpc/EgVo2aDSNQ%3D%3D/bui/AY1jyLOCGxtfUPDZNHPT-gnLnyMiAwjkvl1A54yC45rBHnX0bGsSS_JG_6Usy4mXZj9tburBHt_VN6gE/spc/l3OVKWOpu4mro8sMn5ZHsvHvxR4juggwntM3gPJU5cI7k2Zsizx_MaKsudt1-wmidXQg8kkG0XU/vprv/1/playlist_type/LIVE/initcwndbps/1541250/met/1751224988,/mh/RU/mm/44/mn/sn-25ge7nsk/ms/lva/mv/m/mvi/4/pl/45/rms/lva,lva/dover/11/pacing/0/keepalive/yes/fexp/51355912/mt/1751224603/sparams/expire,ei,ip,id,itag,source,requiressl,ratebypass,live,sgoap,sgovp,rqh,xpc,bui,spc,vprv,playlist_type/sig/AJfQdSswRAIgRqLaZPQ_Vh37imVf7eFRUvOmD86Qs7WhL9jItHw9SJ8CICcAqK97tLFiDm1W22-GopeH5ODmjgoM9wlQZ9k77fZS/lsparams/hls_chunk_host,initcwndbps,met,mh,mm,mn,ms,mv,mvi,pl,rms/lsig/APaTxxMwRAIgembMfbo3GFk9per2xIZHxfkKJqy3WyxJPlMOMcQfJEECIGOoqvH7piYBrRVPTMUlNpLk23BIHV0bFYxXHw8bTK6i/playlist/index.m3u8",
  "headers": {
    "User-Agent": "Mozilla/5.0 (Windows NT 10.0; Win64; x64) AppleWebKit/537.36 (KHTML, like Gecko) Chrome/134.0.0.0 Safari/537.36",
    "Accept-Encoding": "gzip, deflate, br, zstd",
    "Accept": "*/*",
    "Connection": "keep-alive"
  },
  "master": "https://manifest.googlevideo.com/api/manifest/hls_variant/expire/1751246587/ei/m5JhaJmvMI_b9fgP8s_YoA4/ip/2a01%3Ae0a%3A8f1%3Aaac0%3A53b%3Aa603%3A3714%3A1c77/id/1uGO5HAfgFE.1/source/yt_live_broadcast/requiressl/yes/xpc/EgVo2aDSNQ%3D%3D/hfr/1/maudio/1/bui/AY1jyLOCGxtfUPDZNHPT-gnLnyMiAwjkvl1A54yC45rBHnX0bGsSS_JG_6Usy4mXZj9tburBHt_VN6gE/spc/l3OVKWOpu4mro8sMn5ZHsvHvxR4juggwntM3gPJU5cI7k2Zsizx_MaKsudt1-wmidXQg8kkG0XU/vprv/1/go/1/rqh/5/pacing/0/nvgoi/1/ncsapi/1/keepalive/yes/fexp/51355912/dover/11/itag/0/playlist_type/LIVE/sparams/expire%2Cei%2Cip%2Cid%2Csource%2Crequiressl%2Cxpc%2Chfr%2Cmaudio%2Cbui%2Cspc%2Cvprv%2Cgo%2Crqh%2Citag%2Cplaylist_type/sig/AJfQdSswRgIhAILgUE5AfSNsT25t44RTqVqkqRiBC8QQZbakmuS9ZS9FAiEA2faOGF1qgMiSrYGaPiS5SQpO77QQ-6GZgK5-emX8mvI%3D/file/index.m3u8",
  "metadata": {
    "id": "1uGO5HAfgFE",
    "author": "Takanashi Kiara Ch. hololive-EN",
    "category": "Music",
    "title": "\u3010UNARCHIVED KARAOKE\u3011Marathon to 1.600.000 Subs PART 2! In my PERFUME SWIMSUIT! #kfp #\u30ad\u30a2\u30e9\u30a4\u30d6"
  }
}

2025-06-29 21:22:39.558 +02:00 [INF] Récupération de l'URL du stream pour https://www.youtube.com/watch?v=1uGO5HAfgFE
2025-06-29 21:22:41.205 +02:00 [INF] IsMonitoring a changé: True
2025-06-29 21:22:41.205 +02:00 [INF] CanStopMonitoring est évalué. IsMonitoring: True
2025-06-29 21:22:41.205 +02:00 [INF] CanStartMonitoring après changement: False
2025-06-29 21:22:41.205 +02:00 [INF] CanStopMonitoring est évalué. IsMonitoring: True
2025-06-29 21:22:41.205 +02:00 [INF] CanStopMonitoring après changement: True
2025-06-29 21:22:41.205 +02:00 [INF] Démarrage de l'enregistrement pour Takanashi Kiara Ch. hololive-EN sur YouTube
2025-06-29 21:22:41.205 +02:00 [INF] URL du stream : https://manifest.googlevideo.com/api/manifest/hls_playlist/expire/1751246589/ei/nZJhaPzVE9GIvdIPn97FUQ/ip/2a01:e0a:8f1:aac0:53b:a603:3714:1c77/id/1uGO5HAfgFE.1/itag/301/source/yt_live_broadcast/requiressl/yes/ratebypass/yes/live/1/sgoap/gir%3Dyes%3Bitag%3D140/sgovp/gir%3Dyes%3Bitag%3D299/rqh/1/hls_chunk_host/rr4---sn-25ge7nsk.googlevideo.com/xpc/EgVo2aDSNQ%3D%3D/bui/AY1jyLOVXHbLVe-P1MLedJH-rNQSD7uuqhSQzw3kYZoLHoONPLJ7KD8SJgzRNC3baLY1wQgiy1rs8-rk/spc/l3OVKZ_a36_IeIiDg4VkwQlTW8VlnrJh7QtAYtSFP49t236Udd74qYUe0QrWi5wMyzobhSjGp4Y/vprv/1/playlist_type/LIVE/initcwndbps/1541250/met/1751224990,/mh/RU/mm/44/mn/sn-25ge7nsk/ms/lva/mv/m/mvi/4/pl/45/rms/lva,lva/dover/11/pacing/0/keepalive/yes/fexp/51355912/mt/1751224603/sparams/expire,ei,ip,id,itag,source,requiressl,ratebypass,live,sgoap,sgovp,rqh,xpc,bui,spc,vprv,playlist_type/sig/AJfQdSswRAIgKSEolAwnbpDVD1vancsXmSOJKZ4AcCfonv_YMFWDFWoCIEj1KWr5FxqXc8LqxRbDWJid81SMAkkqv8iN5wBocuza/lsparams/hls_chunk_host,initcwndbps,met,mh,mm,mn,ms,mv,mvi,pl,rms/lsig/APaTxxMwRAIgL76u5lDZGJylDDcPSErT6Slwew4y3CmfAD0IzUfqFZQCIBQztL8AdU9mccjNhMRA0jjl5aPdfwXYbdj1_5jWFWcT/playlist/index.m3u8
2025-06-29 21:22:41.206 +02:00 [INF] Chemin de sortie : C:\Users\terre\Documents\Strivea\Recordings\YouTube\Takanashi Kiara Ch. hololive-EN\Temp\YouTube_Takanashi Kiara Ch. hololive-EN_20250629_212241\【UNARCHIVED KARAOKE】Marathon to 1.600.000 Subs PART 2! In my PERFUME SWIMSUIT! #kfp #キアライブ_20250629_212241.ts
2025-06-29 21:22:41.258 +02:00 [INF] Enregistrement démarré pour Takanashi Kiara Ch. hololive-EN sur YouTube
2025-06-29 21:23:52.993 +02:00 [INF] CanStopMonitoring est évalué. IsMonitoring: True
2025-06-29 21:23:52.993 +02:00 [INF] Arrêt de l'enregistrement pour Takanashi Kiara Ch. hololive-EN sur YouTube
2025-06-29 21:23:52.994 +02:00 [INF] Enregistrement terminé pour Takanashi Kiara Ch. hololive-EN sur YouTube
2025-06-29 21:23:52.994 +02:00 [INF] Durée : 00:01:11
2025-06-29 21:23:52.994 +02:00 [INF] Taille du fichier : 41 MB
2025-06-29 21:23:52.994 +02:00 [INF] [CONCAT] Début de la concaténation des segments vidéo...
2025-06-29 21:23:52.994 +02:00 [INF] [CONCAT] Fichiers .ts à concaténer (1) :
2025-06-29 21:23:52.995 +02:00 [INF] [CONCAT] - C:\Users\terre\Documents\Strivea\Recordings\YouTube\Takanashi Kiara Ch. hololive-EN\Temp\YouTube_Takanashi Kiara Ch. hololive-EN_20250629_212241\【UNARCHIVED KARAOKE】Marathon to 1.600.000 Subs PART 2! In my PERFUME SWIMSUIT! #kfp #キアライブ_20250629_212241.ts
2025-06-29 21:23:53.007 +02:00 [INF] CanStopMonitoring est évalué. IsMonitoring: True
2025-06-29 21:23:53.008 +02:00 [INF] [CONCAT] Début de la conversion en mp4...
2025-06-29 21:23:53.008 +02:00 [INF] Commande FFmpeg concat+reencode : ffmpeg -f concat -safe 0 -i "C:\Users\terre\Documents\Strivea\Recordings\YouTube\Takanashi Kiara Ch. hololive-EN\Temp\YouTube_Takanashi Kiara Ch. hololive-EN_20250629_212241\TempConcat\concat.txt" -c:v libx264 -c:a aac "C:\Users\terre\Documents\Strivea\Recordings\YouTube\Takanashi Kiara Ch. hololive-EN\Temp\YouTube_Takanashi Kiara Ch. hololive-EN_20250629_212241\TempConcat\output.mp4"
2025-06-29 21:25:16.011 +02:00 [INF] Démarrage de l'application...
2025-06-29 21:25:16.044 +02:00 [INF] Initialisation de l'application...
2025-06-29 21:25:16.082 +02:00 [INF] Initialisation du framework terminée...
2025-06-29 21:25:16.082 +02:00 [INF] Application Avalonia construite
2025-06-29 21:25:16.083 +02:00 [INF] Configuration des services...
2025-06-29 21:25:16.091 +02:00 [INF] Construction du conteneur DI...
2025-06-29 21:25:16.398 +02:00 [INF] Démarrage de l'application...
2025-06-29 21:25:16.481 +02:00 [INF] Initialisation du framework terminée...
2025-06-29 21:25:16.824 +02:00 [INF] YouTubeStreamDetector initialisé
2025-06-29 21:25:16.827 +02:00 [INF] MainViewModel initialisé
2025-06-29 21:25:16.829 +02:00 [INF] CanStartMonitoring après changement: True
2025-06-29 21:25:16.829 +02:00 [INF] CanStopMonitoring est évalué. IsMonitoring: False
2025-06-29 21:25:16.830 +02:00 [INF] CanStopMonitoring après changement: False
2025-06-29 21:25:16.844 +02:00 [INF] CanStopMonitoring est évalué. IsMonitoring: False
2025-06-29 21:25:16.847 +02:00 [INF] Application démarrée avec succès
2025-06-29 21:25:23.098 +02:00 [INF] Début de la récupération des informations du stream YouTube pour : https://www.youtube.com/@TakanashiKiara
2025-06-29 21:25:23.878 +02:00 [INF] Streamlink trouvé à : C:\Program Files\Streamlink\bin\streamlink.exe
2025-06-29 21:25:23.878 +02:00 [INF] Exécution de streamlink avec les arguments : -j https://www.youtube.com/@TakanashiKiara best
2025-06-29 21:25:23.880 +02:00 [INF] Processus streamlink démarré
2025-06-29 21:25:25.974 +02:00 [INF] Processus streamlink terminé avec le code : 0
2025-06-29 21:25:25.975 +02:00 [INF] Sortie Streamlink (JSON) : {
  "type": "hls",
  "url": "https://manifest.googlevideo.com/api/manifest/hls_playlist/expire/1751246754/ei/QpNhaN_MAuukzPsP6NLC6QI/ip/2a01:e0a:8f1:aac0:53b:a603:3714:1c77/id/1uGO5HAfgFE.1/itag/301/source/yt_live_broadcast/requiressl/yes/ratebypass/yes/live/1/sgoap/gir%3Dyes%3Bitag%3D140/sgovp/gir%3Dyes%3Bitag%3D299/rqh/1/hls_chunk_host/rr4---sn-25glenlz.googlevideo.com/xpc/EgVo2aDSNQ%3D%3D/bui/AY1jyLOSjbEXdvLCuKxWCYZ9XbAlY6_MVvYS0WGf1WXu8Xd5-y8IZg3QHGOrB7PfZQDJQ9495vyJYmtm/spc/l3OVKUkvRAHnGm-iizWV8ctxErWBHykkbawh9K4rH3AQhto_E7899XIQT6EUZqfYb9I/vprv/1/playlist_type/LIVE/initcwndbps/2130000/met/1751225154,/mh/RU/mm/44/mn/sn-25glenlz/ms/lva/mv/m/mvi/4/pl/45/rms/lva,lva/dover/11/pacing/0/keepalive/yes/fexp/51355912/mt/1751224603/sparams/expire,ei,ip,id,itag,source,requiressl,ratebypass,live,sgoap,sgovp,rqh,xpc,bui,spc,vprv,playlist_type/sig/AJfQdSswRgIhAKjTC5xAjcIXZ55z09lI762m1l5TIi_FuEjsMgu-_vz8AiEA8eNta74_j96GIva9AGb9igox4zbJRBihHj-PQkiM6wo%3D/lsparams/hls_chunk_host,initcwndbps,met,mh,mm,mn,ms,mv,mvi,pl,rms/lsig/APaTxxMwRgIhAIhgaik0eHbp5dntjnw0Gi1wO1ZozhVXqJBYeoM_HuRdAiEA58be_-bJ7n0Em-OP-6NyOkAFBvHkfMMVk4Xo-uooYPk%3D/playlist/index.m3u8",
  "headers": {
    "User-Agent": "Mozilla/5.0 (Windows NT 10.0; Win64; x64) AppleWebKit/537.36 (KHTML, like Gecko) Chrome/134.0.0.0 Safari/537.36",
    "Accept-Encoding": "gzip, deflate, br, zstd",
    "Accept": "*/*",
    "Connection": "keep-alive"
  },
  "master": "https://manifest.googlevideo.com/api/manifest/hls_variant/expire/1751246754/ei/QpNhaN_MAuukzPsP6NLC6QI/ip/2a01%3Ae0a%3A8f1%3Aaac0%3A53b%3Aa603%3A3714%3A1c77/id/1uGO5HAfgFE.1/source/yt_live_broadcast/requiressl/yes/xpc/EgVo2aDSNQ%3D%3D/hfr/1/maudio/1/bui/AY1jyLOSjbEXdvLCuKxWCYZ9XbAlY6_MVvYS0WGf1WXu8Xd5-y8IZg3QHGOrB7PfZQDJQ9495vyJYmtm/spc/l3OVKUkvRAHnGm-iizWV8ctxErWBHykkbawh9K4rH3AQhto_E7899XIQT6EUZqfYb9I/vprv/1/go/1/rqh/5/pacing/0/nvgoi/1/ncsapi/1/keepalive/yes/fexp/51355912/dover/11/itag/0/playlist_type/LIVE/sparams/expire%2Cei%2Cip%2Cid%2Csource%2Crequiressl%2Cxpc%2Chfr%2Cmaudio%2Cbui%2Cspc%2Cvprv%2Cgo%2Crqh%2Citag%2Cplaylist_type/sig/AJfQdSswRAIgD5jKMSBTukqhRoeFWssqFTbwVu1AS3iC5tV9MQHdVawCIHVjdOUgBRG9vbV8dyNqPj2GEkbcA47sVdWClqte_14H/file/index.m3u8",
  "metadata": {
    "id": "1uGO5HAfgFE",
    "author": "Takanashi Kiara Ch. hololive-EN",
    "category": "Music",
    "title": "\u3010UNARCHIVED KARAOKE\u3011Marathon to 1.600.000 Subs PART 2! In my PERFUME SWIMSUIT! #kfp #\u30ad\u30a2\u30e9\u30a4\u30d6"
  }
}

2025-06-29 21:25:25.979 +02:00 [INF] Récupération de l'URL du stream pour https://www.youtube.com/@TakanashiKiara
2025-06-29 21:25:28.078 +02:00 [INF] IsMonitoring a changé: True
2025-06-29 21:25:28.078 +02:00 [INF] CanStopMonitoring est évalué. IsMonitoring: True
2025-06-29 21:25:28.078 +02:00 [INF] CanStartMonitoring après changement: False
2025-06-29 21:25:28.078 +02:00 [INF] CanStopMonitoring est évalué. IsMonitoring: True
2025-06-29 21:25:28.078 +02:00 [INF] CanStopMonitoring après changement: True
2025-06-29 21:25:28.082 +02:00 [INF] Démarrage de l'enregistrement pour TakanashiKiara sur YouTube
2025-06-29 21:25:28.082 +02:00 [INF] URL du stream : https://manifest.googlevideo.com/api/manifest/hls_playlist/expire/1751246756/ei/RJNhaK-hC97Op-oP9Z79yA4/ip/2a01:e0a:8f1:aac0:53b:a603:3714:1c77/id/1uGO5HAfgFE.1/itag/301/source/yt_live_broadcast/requiressl/yes/ratebypass/yes/live/1/sgoap/gir%3Dyes%3Bitag%3D140/sgovp/gir%3Dyes%3Bitag%3D299/rqh/1/hls_chunk_host/rr4---sn-25glenlz.googlevideo.com/xpc/EgVo2aDSNQ%3D%3D/bui/AY1jyLMI0eFs3qXUtGFWUFjSHjIpPsuXVNtyw5IjqQqUFQdzx1LJBOhF2oXULNRRNLP2D-C1bCpSay1P/spc/l3OVKeO6qq1yk1j98UNJR2j-qjlgxiALoRKxI9tbm2Sf8aRfkkyt99efmfnvpbOYShw/vprv/1/playlist_type/LIVE/initcwndbps/2066250/met/1751225156,/mh/RU/mm/44/mn/sn-25glenlz/ms/lva/mv/m/mvi/4/pl/45/rms/lva,lva/dover/11/pacing/0/keepalive/yes/fexp/51355912/mt/1751224845/sparams/expire,ei,ip,id,itag,source,requiressl,ratebypass,live,sgoap,sgovp,rqh,xpc,bui,spc,vprv,playlist_type/sig/AJfQdSswRAIgaifFLbsJ_xFR4ow2-EwT8wigujIilu6b79h88Rj8rYUCIAxFlgFcb8Am7ebPi2CwyWV5_iO4rOYGL_f4N5xmD564/lsparams/hls_chunk_host,initcwndbps,met,mh,mm,mn,ms,mv,mvi,pl,rms/lsig/APaTxxMwRQIhAKHQKjVzlxRwqIiVOwy6m05wrybLpYYFZEWXA3QnEh87AiAmcDteAzHPipLDPSF_vGGj45F3lmqVLDTj_AN0YyEHnw%3D%3D/playlist/index.m3u8
2025-06-29 21:25:28.082 +02:00 [INF] Chemin de sortie : C:\Users\terre\Documents\Strivea\Recordings\YouTube\TakanashiKiara\Temp\YouTube_Takanashi Kiara Ch. hololive-EN_20250629_212528\【UNARCHIVED KARAOKE】Marathon to 1.600.000 Subs PART 2! In my PERFUME SWIMSUIT! #kfp #キアライブ_20250629_212528.ts
2025-06-29 21:25:28.125 +02:00 [INF] Enregistrement démarré pour TakanashiKiara sur YouTube
2025-06-29 21:25:32.463 +02:00 [INF] CanStopMonitoring est évalué. IsMonitoring: True
2025-06-29 21:25:32.465 +02:00 [INF] Arrêt de l'enregistrement pour TakanashiKiara sur YouTube
2025-06-29 21:25:32.467 +02:00 [INF] Enregistrement terminé pour TakanashiKiara sur YouTube
2025-06-29 21:25:32.467 +02:00 [INF] Durée : 00:00:04
2025-06-29 21:25:32.467 +02:00 [INF] Taille du fichier : 4 MB
2025-06-29 21:25:32.469 +02:00 [INF] [CONCAT] Début de la concaténation des segments vidéo...
2025-06-29 21:25:32.470 +02:00 [INF] [CONCAT] Fichiers .ts à concaténer (1) :
2025-06-29 21:25:32.470 +02:00 [INF] [CONCAT] - C:\Users\terre\Documents\Strivea\Recordings\YouTube\TakanashiKiara\Temp\YouTube_Takanashi Kiara Ch. hololive-EN_20250629_212528\【UNARCHIVED KARAOKE】Marathon to 1.600.000 Subs PART 2! In my PERFUME SWIMSUIT! #kfp #キアライブ_20250629_212528.ts
2025-06-29 21:25:32.475 +02:00 [INF] CanStopMonitoring est évalué. IsMonitoring: True
2025-06-29 21:25:32.475 +02:00 [INF] [CONCAT] Début de la conversion en mp4...
2025-06-29 21:25:32.475 +02:00 [INF] Commande FFmpeg concat+reencode : ffmpeg -f concat -safe 0 -i "C:\Users\terre\Documents\Strivea\Recordings\YouTube\TakanashiKiara\Temp\YouTube_Takanashi Kiara Ch. hololive-EN_20250629_212528\TempConcat\concat.txt" -c:v libx264 -c:a aac "C:\Users\terre\Documents\Strivea\Recordings\YouTube\TakanashiKiara\Temp\YouTube_Takanashi Kiara Ch. hololive-EN_20250629_212528\TempConcat\output.mp4"
2025-06-29 21:25:34.782 +02:00 [ERR] FFmpeg stderr : ffmpeg version 7.1.1-essentials_build-www.gyan.dev Copyright (c) 2000-2025 the FFmpeg developers
  built with gcc 14.2.0 (Rev1, Built by MSYS2 project)
  configuration: --enable-gpl --enable-version3 --enable-static --disable-w32threads --disable-autodetect --enable-fontconfig --enable-iconv --enable-gnutls --enable-libxml2 --enable-gmp --enable-bzlib --enable-lzma --enable-zlib --enable-libsrt --enable-libssh --enable-libzmq --enable-avisynth --enable-sdl2 --enable-libwebp --enable-libx264 --enable-libx265 --enable-libxvid --enable-libaom --enable-libopenjpeg --enable-libvpx --enable-mediafoundation --enable-libass --enable-libfreetype --enable-libfribidi --enable-libharfbuzz --enable-libvidstab --enable-libvmaf --enable-libzimg --enable-amf --enable-cuda-llvm --enable-cuvid --enable-dxva2 --enable-d3d11va --enable-d3d12va --enable-ffnvcodec --enable-libvpl --enable-nvdec --enable-nvenc --enable-vaapi --enable-libgme --enable-libopenmpt --enable-libopencore-amrwb --enable-libmp3lame --enable-libtheora --enable-libvo-amrwbenc --enable-libgsm --enable-libopencore-amrnb --enable-libopus --enable-libspeex --enable-libvorbis --enable-librubberband
  libavutil      59. 39.100 / 59. 39.100
  libavcodec     61. 19.101 / 61. 19.101
  libavformat    61.  7.100 / 61.  7.100
  libavdevice    61.  3.100 / 61.  3.100
  libavfilter    10.  4.100 / 10.  4.100
  libswscale      8.  3.100 /  8.  3.100
  libswresample   5.  3.100 /  5.  3.100
  libpostproc    58.  3.100 / 58.  3.100
[mpegts @ 000001f759bb0380] PES packet size mismatch
[mpegts @ 000001f759bb0380] Packet corrupt (stream = 1, dts = 623608500).
Input #0, concat, from 'C:\Users\terre\Documents\Strivea\Recordings\YouTube\TakanashiKiara\Temp\YouTube_Takanashi Kiara Ch. hololive-EN_20250629_212528\TempConcat\concat.txt':
  Duration: N/A, start: 0.000000, bitrate: 135 kb/s
  Stream #0:0: Audio: aac (LC) ([15][0][0][0] / 0x000F), 44100 Hz, stereo, fltp, 135 kb/s
  Stream #0:1: Video: h264 (Main) ([27][0][0][0] / 0x001B), yuv420p(tv, bt709, progressive), 1920x1080 [SAR 1:1 DAR 16:9], 60 fps, 60 tbr, 90k tbn
Stream mapping:
  Stream #0:1 -> #0:0 (h264 (native) -> h264 (libx264))
  Stream #0:0 -> #0:1 (aac (native) -> aac (native))
Press [q] to stop, [?] for help
[libx264 @ 000001f75a1e0040] using SAR=1/1
[libx264 @ 000001f75a1e0040] using cpu capabilities: MMX2 SSE2Fast SSSE3 SSE4.2 AVX FMA3 BMI2 AVX2 AVX512
[libx264 @ 000001f75a1e0040] profile High, level 4.2, 4:2:0, 8-bit
[libx264 @ 000001f75a1e0040] 264 - core 164 r3204 373697b - H.264/MPEG-4 AVC codec - Copyleft 2003-2025 - http://www.videolan.org/x264.html - options: cabac=1 ref=3 deblock=1:0:0 analyse=0x3:0x113 me=hex subme=7 psy=1 psy_rd=1.00:0.00 mixed_ref=1 me_range=16 chroma_me=1 trellis=1 8x8dct=1 cqm=0 deadzone=21,11 fast_pskip=1 chroma_qp_offset=-2 threads=24 lookahead_threads=4 sliced_threads=0 nr=0 decimate=1 interlaced=0 bluray_compat=0 constrained_intra=0 bframes=3 b_pyramid=2 b_adapt=1 b_bias=0 direct=1 weightb=1 open_gop=0 weightp=2 keyint=250 keyint_min=25 scenecut=40 intra_refresh=0 rc_lookahead=40 rc=crf mbtree=1 crf=23.0 qcomp=0.60 qpmin=0 qpmax=69 qpstep=4 ip_ratio=1.40 aq=1:1.00
Output #0, mp4, to 'C:\Users\terre\Documents\Strivea\Recordings\YouTube\TakanashiKiara\Temp\YouTube_Takanashi Kiara Ch. hololive-EN_20250629_212528\TempConcat\output.mp4':
  Metadata:
    encoder         : Lavf61.7.100
  Stream #0:0: Video: h264 (avc1 / 0x31637661), yuv420p(tv, bt709, progressive), 1920x1080 [SAR 1:1 DAR 16:9], q=2-31, 60 fps, 15360 tbn
      Metadata:
        encoder         : Lavc61.19.101 libx264
      Side data:
        cpb: bitrate max/min/avg: 0/0/0 buffer size: 0 vbv_delay: N/A
  Stream #0:1: Audio: aac (LC) (mp4a / 0x6134706D), 44100 Hz, stereo, fltp, 128 kb/s
      Metadata:
        encoder         : Lavc61.19.101 aac
frame=   49 fps=0.0 q=31.0 size=     256KiB time=00:00:00.78 bitrate=2677.7kbits/s speed=1.49x    
frame=  142 fps=138 q=31.0 size=    1024KiB time=00:00:02.33 bitrate=3595.3kbits/s speed=2.26x    
frame=  228 fps=147 q=29.0 size=    1536KiB time=00:00:03.76 bitrate=3340.7kbits/s speed=2.43x    
[mpegts @ 000001f759bb0380] PES packet size mismatch
[mpegts @ 000001f759bb0380] Packet corrupt (stream = 1, dts = 623608500).
[concat @ 000001f759baee80] Packet corrupt (stream = 1, dts = 537000).
[in#0/concat @ 000001f759bb2c80] corrupt input packet in stream 1
[h264 @ 000001f75a83e440] error while decoding MB 55 53, bytestream -7
[h264 @ 000001f75a83e440] concealing 1794 DC, 1794 AC, 1794 MV errors in P frame
[vist#0:1/h264 @ 000001f759bc2a40] [dec:h264 @ 000001f75a6d3f40] corrupt decoded frame
frame=  333 fps=161 q=31.0 size=    2304KiB time=N/A bitrate=N/A speed=N/A    
[out#0/mp4 @ 000001f759bc2380] video:2485KiB audio:94KiB subtitle:0KiB other streams:0KiB global headers:0KiB muxing overhead: 0.427680%
frame=  360 fps=168 q=-1.0 Lsize=    2589KiB time=00:00:05.96 bitrate=3555.2kbits/s speed=2.79x    
[libx264 @ 000001f75a1e0040] frame I:2     Avg QP:20.47  size:101920
[libx264 @ 000001f75a1e0040] frame P:97    Avg QP:23.52  size: 16150
[libx264 @ 000001f75a1e0040] frame B:261   Avg QP:28.44  size:  2963
[libx264 @ 000001f75a1e0040] consecutive B-frames:  2.2%  2.2%  3.3% 92.2%
[libx264 @ 000001f75a1e0040] mb I  I16..4: 27.8% 49.8% 22.4%
[libx264 @ 000001f75a1e0040] mb P  I16..4:  3.4%  3.9%  0.3%  P16..4: 34.4%  6.5%  3.2%  0.0%  0.0%    skip:48.3%
[libx264 @ 000001f75a1e0040] mb B  I16..4:  0.1%  0.1%  0.0%  B16..8: 27.1%  0.8%  0.1%  direct: 0.3%  skip:71.5%  L0:49.2% L1:49.8% BI: 1.1%
[libx264 @ 000001f75a1e0040] 8x8 transform intra:50.7% inter:77.7%
[libx264 @ 000001f75a1e0040] coded y,uvDC,uvAC intra: 16.4% 40.7% 12.4% inter: 2.5% 5.3% 0.5%
[libx264 @ 000001f75a1e0040] i16 v,h,dc,p: 22% 48%  9% 20%
[libx264 @ 000001f75a1e0040] i8 v,h,dc,ddl,ddr,vr,hd,vl,hu: 20% 23% 51%  1%  1%  1%  1%  1%  1%
[libx264 @ 000001f75a1e0040] i4 v,h,dc,ddl,ddr,vr,hd,vl,hu: 30% 28% 16%  4%  4%  4%  5%  3%  4%
[libx264 @ 000001f75a1e0040] i8c dc,h,v,p: 44% 32% 19%  5%
[libx264 @ 000001f75a1e0040] Weighted P-Frames: Y:0.0% UV:0.0%
[libx264 @ 000001f75a1e0040] ref P L0: 65.4%  9.4% 19.7%  5.5%
[libx264 @ 000001f75a1e0040] ref B L0: 91.5%  7.2%  1.3%
[libx264 @ 000001f75a1e0040] ref B L1: 97.0%  3.0%
[libx264 @ 000001f75a1e0040] kb/s:3391.45
[aac @ 000001f75a856100] Qavg: 439.017

2025-06-29 21:25:34.785 +02:00 [INF] FFmpeg terminé avec code 0
2025-06-29 21:25:34.786 +02:00 [INF] FFmpeg concat+reencode result: 
[stderr]
ffmpeg version 7.1.1-essentials_build-www.gyan.dev Copyright (c) 2000-2025 the FFmpeg developers
  built with gcc 14.2.0 (Rev1, Built by MSYS2 project)
  configuration: --enable-gpl --enable-version3 --enable-static --disable-w32threads --disable-autodetect --enable-fontconfig --enable-iconv --enable-gnutls --enable-libxml2 --enable-gmp --enable-bzlib --enable-lzma --enable-zlib --enable-libsrt --enable-libssh --enable-libzmq --enable-avisynth --enable-sdl2 --enable-libwebp --enable-libx264 --enable-libx265 --enable-libxvid --enable-libaom --enable-libopenjpeg --enable-libvpx --enable-mediafoundation --enable-libass --enable-libfreetype --enable-libfribidi --enable-libharfbuzz --enable-libvidstab --enable-libvmaf --enable-libzimg --enable-amf --enable-cuda-llvm --enable-cuvid --enable-dxva2 --enable-d3d11va --enable-d3d12va --enable-ffnvcodec --enable-libvpl --enable-nvdec --enable-nvenc --enable-vaapi --enable-libgme --enable-libopenmpt --enable-libopencore-amrwb --enable-libmp3lame --enable-libtheora --enable-libvo-amrwbenc --enable-libgsm --enable-libopencore-amrnb --enable-libopus --enable-libspeex --enable-libvorbis --enable-librubberband
  libavutil      59. 39.100 / 59. 39.100
  libavcodec     61. 19.101 / 61. 19.101
  libavformat    61.  7.100 / 61.  7.100
  libavdevice    61.  3.100 / 61.  3.100
  libavfilter    10.  4.100 / 10.  4.100
  libswscale      8.  3.100 /  8.  3.100
  libswresample   5.  3.100 /  5.  3.100
  libpostproc    58.  3.100 / 58.  3.100
[mpegts @ 000001f759bb0380] PES packet size mismatch
[mpegts @ 000001f759bb0380] Packet corrupt (stream = 1, dts = 623608500).
Input #0, concat, from 'C:\Users\terre\Documents\Strivea\Recordings\YouTube\TakanashiKiara\Temp\YouTube_Takanashi Kiara Ch. hololive-EN_20250629_212528\TempConcat\concat.txt':
  Duration: N/A, start: 0.000000, bitrate: 135 kb/s
  Stream #0:0: Audio: aac (LC) ([15][0][0][0] / 0x000F), 44100 Hz, stereo, fltp, 135 kb/s
  Stream #0:1: Video: h264 (Main) ([27][0][0][0] / 0x001B), yuv420p(tv, bt709, progressive), 1920x1080 [SAR 1:1 DAR 16:9], 60 fps, 60 tbr, 90k tbn
Stream mapping:
  Stream #0:1 -> #0:0 (h264 (native) -> h264 (libx264))
  Stream #0:0 -> #0:1 (aac (native) -> aac (native))
Press [q] to stop, [?] for help
[libx264 @ 000001f75a1e0040] using SAR=1/1
[libx264 @ 000001f75a1e0040] using cpu capabilities: MMX2 SSE2Fast SSSE3 SSE4.2 AVX FMA3 BMI2 AVX2 AVX512
[libx264 @ 000001f75a1e0040] profile High, level 4.2, 4:2:0, 8-bit
[libx264 @ 000001f75a1e0040] 264 - core 164 r3204 373697b - H.264/MPEG-4 AVC codec - Copyleft 2003-2025 - http://www.videolan.org/x264.html - options: cabac=1 ref=3 deblock=1:0:0 analyse=0x3:0x113 me=hex subme=7 psy=1 psy_rd=1.00:0.00 mixed_ref=1 me_range=16 chroma_me=1 trellis=1 8x8dct=1 cqm=0 deadzone=21,11 fast_pskip=1 chroma_qp_offset=-2 threads=24 lookahead_threads=4 sliced_threads=0 nr=0 decimate=1 interlaced=0 bluray_compat=0 constrained_intra=0 bframes=3 b_pyramid=2 b_adapt=1 b_bias=0 direct=1 weightb=1 open_gop=0 weightp=2 keyint=250 keyint_min=25 scenecut=40 intra_refresh=0 rc_lookahead=40 rc=crf mbtree=1 crf=23.0 qcomp=0.60 qpmin=0 qpmax=69 qpstep=4 ip_ratio=1.40 aq=1:1.00
Output #0, mp4, to 'C:\Users\terre\Documents\Strivea\Recordings\YouTube\TakanashiKiara\Temp\YouTube_Takanashi Kiara Ch. hololive-EN_20250629_212528\TempConcat\output.mp4':
  Metadata:
    encoder         : Lavf61.7.100
  Stream #0:0: Video: h264 (avc1 / 0x31637661), yuv420p(tv, bt709, progressive), 1920x1080 [SAR 1:1 DAR 16:9], q=2-31, 60 fps, 15360 tbn
      Metadata:
        encoder         : Lavc61.19.101 libx264
      Side data:
        cpb: bitrate max/min/avg: 0/0/0 buffer size: 0 vbv_delay: N/A
  Stream #0:1: Audio: aac (LC) (mp4a / 0x6134706D), 44100 Hz, stereo, fltp, 128 kb/s
      Metadata:
        encoder         : Lavc61.19.101 aac
frame=   49 fps=0.0 q=31.0 size=     256KiB time=00:00:00.78 bitrate=2677.7kbits/s speed=1.49x    
frame=  142 fps=138 q=31.0 size=    1024KiB time=00:00:02.33 bitrate=3595.3kbits/s speed=2.26x    
frame=  228 fps=147 q=29.0 size=    1536KiB time=00:00:03.76 bitrate=3340.7kbits/s speed=2.43x    
[mpegts @ 000001f759bb0380] PES packet size mismatch
[mpegts @ 000001f759bb0380] Packet corrupt (stream = 1, dts = 623608500).
[concat @ 000001f759baee80] Packet corrupt (stream = 1, dts = 537000).
[in#0/concat @ 000001f759bb2c80] corrupt input packet in stream 1
[h264 @ 000001f75a83e440] error while decoding MB 55 53, bytestream -7
[h264 @ 000001f75a83e440] concealing 1794 DC, 1794 AC, 1794 MV errors in P frame
[vist#0:1/h264 @ 000001f759bc2a40] [dec:h264 @ 000001f75a6d3f40] corrupt decoded frame
frame=  333 fps=161 q=31.0 size=    2304KiB time=N/A bitrate=N/A speed=N/A    
[out#0/mp4 @ 000001f759bc2380] video:2485KiB audio:94KiB subtitle:0KiB other streams:0KiB global headers:0KiB muxing overhead: 0.427680%
frame=  360 fps=168 q=-1.0 Lsize=    2589KiB time=00:00:05.96 bitrate=3555.2kbits/s speed=2.79x    
[libx264 @ 000001f75a1e0040] frame I:2     Avg QP:20.47  size:101920
[libx264 @ 000001f75a1e0040] frame P:97    Avg QP:23.52  size: 16150
[libx264 @ 000001f75a1e0040] frame B:261   Avg QP:28.44  size:  2963
[libx264 @ 000001f75a1e0040] consecutive B-frames:  2.2%  2.2%  3.3% 92.2%
[libx264 @ 000001f75a1e0040] mb I  I16..4: 27.8% 49.8% 22.4%
[libx264 @ 000001f75a1e0040] mb P  I16..4:  3.4%  3.9%  0.3%  P16..4: 34.4%  6.5%  3.2%  0.0%  0.0%    skip:48.3%
[libx264 @ 000001f75a1e0040] mb B  I16..4:  0.1%  0.1%  0.0%  B16..8: 27.1%  0.8%  0.1%  direct: 0.3%  skip:71.5%  L0:49.2% L1:49.8% BI: 1.1%
[libx264 @ 000001f75a1e0040] 8x8 transform intra:50.7% inter:77.7%
[libx264 @ 000001f75a1e0040] coded y,uvDC,uvAC intra: 16.4% 40.7% 12.4% inter: 2.5% 5.3% 0.5%
[libx264 @ 000001f75a1e0040] i16 v,h,dc,p: 22% 48%  9% 20%
[libx264 @ 000001f75a1e0040] i8 v,h,dc,ddl,ddr,vr,hd,vl,hu: 20% 23% 51%  1%  1%  1%  1%  1%  1%
[libx264 @ 000001f75a1e0040] i4 v,h,dc,ddl,ddr,vr,hd,vl,hu: 30% 28% 16%  4%  4%  4%  5%  3%  4%
[libx264 @ 000001f75a1e0040] i8c dc,h,v,p: 44% 32% 19%  5%
[libx264 @ 000001f75a1e0040] Weighted P-Frames: Y:0.0% UV:0.0%
[libx264 @ 000001f75a1e0040] ref P L0: 65.4%  9.4% 19.7%  5.5%
[libx264 @ 000001f75a1e0040] ref B L0: 91.5%  7.2%  1.3%
[libx264 @ 000001f75a1e0040] ref B L1: 97.0%  3.0%
[libx264 @ 000001f75a1e0040] kb/s:3391.45
[aac @ 000001f75a856100] Qavg: 439.017

2025-06-29 21:25:34.792 +02:00 [INF] [CONCAT] Déplacement du fichier final vers : C:\Users\terre\Documents\Strivea\Recordings\YouTube\TakanashiKiara\Temp\【UNARCHIVED KARAOKE】Marathon to 1.600.000 Subs PART 2! In my PERFUME SWIMSUIT! #kfp #キアライブ.mp4
2025-06-29 21:25:34.793 +02:00 [INF] [CONCAT] Fichier final déplacé vers : C:\Users\terre\Documents\Strivea\Recordings\YouTube\TakanashiKiara\Temp\【UNARCHIVED KARAOKE】Marathon to 1.600.000 Subs PART 2! In my PERFUME SWIMSUIT! #kfp #キアライブ.mp4
2025-06-29 21:25:34.793 +02:00 [INF] [CONCAT] Concaténation et conversion terminées avec succès.
2025-06-29 21:25:34.794 +02:00 [INF] CanStopMonitoring est évalué. IsMonitoring: True
2025-06-29 21:25:34.796 +02:00 [INF] IsMonitoring a changé: False
2025-06-29 21:25:34.796 +02:00 [INF] CanStopMonitoring est évalué. IsMonitoring: False
2025-06-29 21:25:34.796 +02:00 [INF] CanStartMonitoring après changement: True
2025-06-29 21:25:34.796 +02:00 [INF] CanStopMonitoring est évalué. IsMonitoring: False
2025-06-29 21:25:34.796 +02:00 [INF] CanStopMonitoring après changement: False
2025-06-29 21:25:34.796 +02:00 [INF] [DEBUG] IsMonitoring forcé à False dans finally StopMonitoringAsync
2025-06-29 21:25:34.796 +02:00 [INF] CanStopMonitoring est évalué. IsMonitoring: False
2025-06-29 21:26:17.420 +02:00 [INF] Début de la récupération des informations du stream YouTube pour : https://www.youtube.com/watch?v=1uGO5HAfgFE
2025-06-29 21:26:17.566 +02:00 [INF] Streamlink trouvé à : C:\Program Files\Streamlink\bin\streamlink.exe
2025-06-29 21:26:17.566 +02:00 [INF] Exécution de streamlink avec les arguments : -j https://www.youtube.com/watch?v=1uGO5HAfgFE best
2025-06-29 21:26:17.568 +02:00 [INF] Processus streamlink démarré
2025-06-29 21:26:19.017 +02:00 [INF] Processus streamlink terminé avec le code : 0
2025-06-29 21:26:19.017 +02:00 [INF] Sortie Streamlink (JSON) : {
  "type": "hls",
  "url": "https://manifest.googlevideo.com/api/manifest/hls_playlist/expire/1751246807/ei/d5NhaMCVDYv-xN8PlbTI6QY/ip/2a01:e0a:8f1:aac0:53b:a603:3714:1c77/id/1uGO5HAfgFE.1/itag/301/source/yt_live_broadcast/requiressl/yes/ratebypass/yes/live/1/sgoap/gir%3Dyes%3Bitag%3D140/sgovp/gir%3Dyes%3Bitag%3D299/rqh/1/hls_chunk_host/rr4---sn-25ge7nsk.googlevideo.com/xpc/EgVo2aDSNQ%3D%3D/bui/AY1jyLO-8-tnZtjsL_1RjsAbOsD7wsyqwoOHsJbdU9WY3_ZasYpLhonz_3zPNfti-AbKo46Zf6BSyhkJ/spc/l3OVKaLwejy5YLYgo9_D8IIH2e58B0GBtTgnW9rediQc96SvKUYR6KxEEAhWtuMPYw1t_BfUDHA/vprv/1/playlist_type/LIVE/initcwndbps/2052500/met/1751225207,/mh/RU/mm/44/mn/sn-25ge7nsk/ms/lva/mv/m/mvi/4/pl/45/rms/lva,lva/dover/11/pacing/0/keepalive/yes/fexp/51355912/mt/1751224845/sparams/expire,ei,ip,id,itag,source,requiressl,ratebypass,live,sgoap,sgovp,rqh,xpc,bui,spc,vprv,playlist_type/sig/AJfQdSswRQIgJCxPbhd9i3Aj4UbXbeJBFyOBC1B7g9TnFt2Ggkak7_ACIQD7MoJ0qkA-X86QqDExIZbG1rjypGCazC7phWTn5Dv73A%3D%3D/lsparams/hls_chunk_host,initcwndbps,met,mh,mm,mn,ms,mv,mvi,pl,rms/lsig/APaTxxMwRQIgF-RpMR_txL5kq5jQAE3JiPjzkg0ynW9lsZAJ8pmug_ECIQC9cCT-2hzpavQwzmhHUaDPg5cups5injb11hBBmFUb4w%3D%3D/playlist/index.m3u8",
  "headers": {
    "User-Agent": "Mozilla/5.0 (Windows NT 10.0; Win64; x64) AppleWebKit/537.36 (KHTML, like Gecko) Chrome/134.0.0.0 Safari/537.36",
    "Accept-Encoding": "gzip, deflate, br, zstd",
    "Accept": "*/*",
    "Connection": "keep-alive"
  },
  "master": "https://manifest.googlevideo.com/api/manifest/hls_variant/expire/1751246807/ei/d5NhaMCVDYv-xN8PlbTI6QY/ip/2a01%3Ae0a%3A8f1%3Aaac0%3A53b%3Aa603%3A3714%3A1c77/id/1uGO5HAfgFE.1/source/yt_live_broadcast/requiressl/yes/xpc/EgVo2aDSNQ%3D%3D/hfr/1/maudio/1/bui/AY1jyLO-8-tnZtjsL_1RjsAbOsD7wsyqwoOHsJbdU9WY3_ZasYpLhonz_3zPNfti-AbKo46Zf6BSyhkJ/spc/l3OVKaLwejy5YLYgo9_D8IIH2e58B0GBtTgnW9rediQc96SvKUYR6KxEEAhWtuMPYw1t_BfUDHA/vprv/1/go/1/rqh/5/pacing/0/nvgoi/1/ncsapi/1/keepalive/yes/fexp/51355912/dover/11/itag/0/playlist_type/LIVE/sparams/expire%2Cei%2Cip%2Cid%2Csource%2Crequiressl%2Cxpc%2Chfr%2Cmaudio%2Cbui%2Cspc%2Cvprv%2Cgo%2Crqh%2Citag%2Cplaylist_type/sig/AJfQdSswRQIgIbbGmsvjngUZaE2lJ668c6X5PwzuCjnQZjnp_rV33MkCIQCH3KwOvyztZYWQAUqEho7v6_ZT2MDBr_jAujGEietASg%3D%3D/file/index.m3u8",
  "metadata": {
    "id": "1uGO5HAfgFE",
    "author": "Takanashi Kiara Ch. hololive-EN",
    "category": "Music",
    "title": "\u3010UNARCHIVED KARAOKE\u3011Marathon to 1.600.000 Subs PART 2! In my PERFUME SWIMSUIT! #kfp #\u30ad\u30a2\u30e9\u30a4\u30d6"
  }
}

2025-06-29 21:26:19.020 +02:00 [INF] Récupération de l'URL du stream pour https://www.youtube.com/watch?v=1uGO5HAfgFE
2025-06-29 21:26:20.446 +02:00 [INF] IsMonitoring a changé: True
2025-06-29 21:26:20.446 +02:00 [INF] CanStopMonitoring est évalué. IsMonitoring: True
2025-06-29 21:26:20.446 +02:00 [INF] CanStartMonitoring après changement: False
2025-06-29 21:26:20.446 +02:00 [INF] CanStopMonitoring est évalué. IsMonitoring: True
2025-06-29 21:26:20.447 +02:00 [INF] CanStopMonitoring après changement: True
2025-06-29 21:26:20.447 +02:00 [INF] Démarrage de l'enregistrement pour Takanashi Kiara Ch. hololive-EN sur YouTube
2025-06-29 21:26:20.447 +02:00 [INF] URL du stream : https://manifest.googlevideo.com/api/manifest/hls_playlist/expire/1751246808/ei/eJNhaOTLKuWLvdIPhfqL-AY/ip/2a01:e0a:8f1:aac0:53b:a603:3714:1c77/id/1uGO5HAfgFE.1/itag/301/source/yt_live_broadcast/requiressl/yes/ratebypass/yes/live/1/sgoap/gir%3Dyes%3Bitag%3D140/sgovp/gir%3Dyes%3Bitag%3D299/rqh/1/hls_chunk_host/rr4---sn-25ge7nsk.googlevideo.com/xpc/EgVo2aDSNQ%3D%3D/bui/AY1jyLOwxjrzRDLxbJUVE3l-fjXmPSDVaDYDuVAA0S_w-isYb0oCyEoctOHikDkMT_Lg2735mE53KVa6/spc/l3OVKe4T2UIVON7wyRS7weWYf1uThluVEPBkmxBh0jWljxH9z6tHO0BBxdLni-JQpX5oSuRTCls/vprv/1/playlist_type/LIVE/initcwndbps/2063750/met/1751225209,/mh/RU/mm/44/mn/sn-25ge7nsk/ms/lva/mv/m/mvi/4/pl/45/rms/lva,lva/dover/11/pacing/0/keepalive/yes/fexp/51355912/mt/1751224845/sparams/expire,ei,ip,id,itag,source,requiressl,ratebypass,live,sgoap,sgovp,rqh,xpc,bui,spc,vprv,playlist_type/sig/AJfQdSswRgIhALr5mLQWM-zTaUFOjWU4FGtCxfNkc4T__4JALedZOPbKAiEAm3mI13sWqbh2v_YfjuPw7r38QlnTsKqtcWcdGPiKGW0%3D/lsparams/hls_chunk_host,initcwndbps,met,mh,mm,mn,ms,mv,mvi,pl,rms/lsig/APaTxxMwRQIgNUyEfP-VF00924KH1lPpBvswundQNmqHyc4ldeVTGdkCIQCTug3bF7eIP1egL1Hah7aFqGQZvaUcXbV23PbAGXh8uw%3D%3D/playlist/index.m3u8
2025-06-29 21:26:20.447 +02:00 [INF] Chemin de sortie : C:\Users\terre\Documents\Strivea\Recordings\YouTube\Takanashi Kiara Ch. hololive-EN\Temp\YouTube_Takanashi Kiara Ch. hololive-EN_20250629_212620\【UNARCHIVED KARAOKE】Marathon to 1.600.000 Subs PART 2! In my PERFUME SWIMSUIT! #kfp #キアライブ_20250629_212620.ts
2025-06-29 21:26:20.491 +02:00 [INF] Enregistrement démarré pour Takanashi Kiara Ch. hololive-EN sur YouTube
2025-06-29 21:26:23.171 +02:00 [INF] CanStopMonitoring est évalué. IsMonitoring: True
2025-06-29 21:26:23.171 +02:00 [INF] Arrêt de l'enregistrement pour Takanashi Kiara Ch. hololive-EN sur YouTube
2025-06-29 21:26:23.172 +02:00 [INF] Enregistrement terminé pour Takanashi Kiara Ch. hololive-EN sur YouTube
2025-06-29 21:26:23.172 +02:00 [INF] Durée : 00:00:02
2025-06-29 21:26:23.172 +02:00 [INF] Taille du fichier : 2 MB
2025-06-29 21:26:23.172 +02:00 [INF] [CONCAT] Début de la concaténation des segments vidéo...
2025-06-29 21:26:23.173 +02:00 [INF] [CONCAT] Fichiers .ts à concaténer (1) :
2025-06-29 21:26:23.173 +02:00 [INF] [CONCAT] - C:\Users\terre\Documents\Strivea\Recordings\YouTube\Takanashi Kiara Ch. hololive-EN\Temp\YouTube_Takanashi Kiara Ch. hololive-EN_20250629_212620\【UNARCHIVED KARAOKE】Marathon to 1.600.000 Subs PART 2! In my PERFUME SWIMSUIT! #kfp #キアライブ_20250629_212620.ts
2025-06-29 21:26:23.175 +02:00 [INF] CanStopMonitoring est évalué. IsMonitoring: True
2025-06-29 21:26:23.176 +02:00 [INF] [CONCAT] Début de la conversion en mp4...
2025-06-29 21:26:23.176 +02:00 [INF] Commande FFmpeg concat+reencode : ffmpeg -f concat -safe 0 -i "C:\Users\terre\Documents\Strivea\Recordings\YouTube\Takanashi Kiara Ch. hololive-EN\Temp\YouTube_Takanashi Kiara Ch. hololive-EN_20250629_212620\TempConcat\concat.txt" -c:v libx264 -c:a aac "C:\Users\terre\Documents\Strivea\Recordings\YouTube\Takanashi Kiara Ch. hololive-EN\Temp\YouTube_Takanashi Kiara Ch. hololive-EN_20250629_212620\TempConcat\output.mp4"
2025-06-29 21:26:24.852 +02:00 [ERR] FFmpeg stderr : ffmpeg version 7.1.1-essentials_build-www.gyan.dev Copyright (c) 2000-2025 the FFmpeg developers
  built with gcc 14.2.0 (Rev1, Built by MSYS2 project)
  configuration: --enable-gpl --enable-version3 --enable-static --disable-w32threads --disable-autodetect --enable-fontconfig --enable-iconv --enable-gnutls --enable-libxml2 --enable-gmp --enable-bzlib --enable-lzma --enable-zlib --enable-libsrt --enable-libssh --enable-libzmq --enable-avisynth --enable-sdl2 --enable-libwebp --enable-libx264 --enable-libx265 --enable-libxvid --enable-libaom --enable-libopenjpeg --enable-libvpx --enable-mediafoundation --enable-libass --enable-libfreetype --enable-libfribidi --enable-libharfbuzz --enable-libvidstab --enable-libvmaf --enable-libzimg --enable-amf --enable-cuda-llvm --enable-cuvid --enable-dxva2 --enable-d3d11va --enable-d3d12va --enable-ffnvcodec --enable-libvpl --enable-nvdec --enable-nvenc --enable-vaapi --enable-libgme --enable-libopenmpt --enable-libopencore-amrwb --enable-libmp3lame --enable-libtheora --enable-libvo-amrwbenc --enable-libgsm --enable-libopencore-amrnb --enable-libopus --enable-libspeex --enable-libvorbis --enable-librubberband
  libavutil      59. 39.100 / 59. 39.100
  libavcodec     61. 19.101 / 61. 19.101
  libavformat    61.  7.100 / 61.  7.100
  libavdevice    61.  3.100 / 61.  3.100
  libavfilter    10.  4.100 / 10.  4.100
  libswscale      8.  3.100 /  8.  3.100
  libswresample   5.  3.100 /  5.  3.100
  libpostproc    58.  3.100 / 58.  3.100
[mpegts @ 000001dcfe380940] PES packet size mismatch
[mpegts @ 000001dcfe380940] Packet corrupt (stream = 1, dts = 628107000).
Input #0, concat, from 'C:\Users\terre\Documents\Strivea\Recordings\YouTube\Takanashi Kiara Ch. hololive-EN\Temp\YouTube_Takanashi Kiara Ch. hololive-EN_20250629_212620\TempConcat\concat.txt':
  Duration: N/A, start: 0.000000, bitrate: 130 kb/s
  Stream #0:0: Audio: aac (LC) ([15][0][0][0] / 0x000F), 44100 Hz, stereo, fltp, 130 kb/s
  Stream #0:1: Video: h264 (Main) ([27][0][0][0] / 0x001B), yuv420p(tv, bt709, progressive), 1920x1080 [SAR 1:1 DAR 16:9], 60 fps, 60 tbr, 90k tbn
Stream mapping:
  Stream #0:1 -> #0:0 (h264 (native) -> h264 (libx264))
  Stream #0:0 -> #0:1 (aac (native) -> aac (native))
Press [q] to stop, [?] for help
[libx264 @ 000001dcfe6500c0] using SAR=1/1
[libx264 @ 000001dcfe6500c0] using cpu capabilities: MMX2 SSE2Fast SSSE3 SSE4.2 AVX FMA3 BMI2 AVX2 AVX512
[libx264 @ 000001dcfe6500c0] profile High, level 4.2, 4:2:0, 8-bit
[libx264 @ 000001dcfe6500c0] 264 - core 164 r3204 373697b - H.264/MPEG-4 AVC codec - Copyleft 2003-2025 - http://www.videolan.org/x264.html - options: cabac=1 ref=3 deblock=1:0:0 analyse=0x3:0x113 me=hex subme=7 psy=1 psy_rd=1.00:0.00 mixed_ref=1 me_range=16 chroma_me=1 trellis=1 8x8dct=1 cqm=0 deadzone=21,11 fast_pskip=1 chroma_qp_offset=-2 threads=24 lookahead_threads=4 sliced_threads=0 nr=0 decimate=1 interlaced=0 bluray_compat=0 constrained_intra=0 bframes=3 b_pyramid=2 b_adapt=1 b_bias=0 direct=1 weightb=1 open_gop=0 weightp=2 keyint=250 keyint_min=25 scenecut=40 intra_refresh=0 rc_lookahead=40 rc=crf mbtree=1 crf=23.0 qcomp=0.60 qpmin=0 qpmax=69 qpstep=4 ip_ratio=1.40 aq=1:1.00
Output #0, mp4, to 'C:\Users\terre\Documents\Strivea\Recordings\YouTube\Takanashi Kiara Ch. hololive-EN\Temp\YouTube_Takanashi Kiara Ch. hololive-EN_20250629_212620\TempConcat\output.mp4':
  Metadata:
    encoder         : Lavf61.7.100
  Stream #0:0: Video: h264 (avc1 / 0x31637661), yuv420p(tv, bt709, progressive), 1920x1080 [SAR 1:1 DAR 16:9], q=2-31, 60 fps, 15360 tbn
      Metadata:
        encoder         : Lavc61.19.101 libx264
      Side data:
        cpb: bitrate max/min/avg: 0/0/0 buffer size: 0 vbv_delay: N/A
  Stream #0:1: Audio: aac (LC) (mp4a / 0x6134706D), 44100 Hz, stereo, fltp, 128 kb/s
      Metadata:
        encoder         : Lavc61.19.101 aac
frame=   46 fps=0.0 q=31.0 size=     256KiB time=00:00:00.73 bitrate=2860.3kbits/s speed=1.44x    
[mpegts @ 000001dcfe380940] PES packet size mismatch
[mpegts @ 000001dcfe380940] Packet corrupt (stream = 1, dts = 628107000).
[concat @ 000001dcfe37f400] Packet corrupt (stream = 1, dts = 355884).
[in#0/concat @ 000001dcfe382e40] corrupt input packet in stream 1
frame=  132 fps=128 q=31.0 size=    1024KiB time=00:00:02.16 bitrate=3871.8kbits/s speed=2.11x    
[h264 @ 000001dcff013340] error while decoding MB 71 55, bytestream -5
[h264 @ 000001dcff013340] concealing 1538 DC, 1538 AC, 1538 MV errors in P frame
[vist#0:1/h264 @ 000001dcfe392480] [dec:h264 @ 000001dcfea4e280] corrupt decoded frame
[out#0/mp4 @ 000001dcfe44ee80] video:1844KiB audio:63KiB subtitle:0KiB other streams:0KiB global headers:0KiB muxing overhead: 0.410105%
frame=  239 fps=157 q=-1.0 Lsize=    1915KiB time=00:00:03.95 bitrate=3971.0kbits/s speed=2.59x    
[libx264 @ 000001dcfe6500c0] frame I:1     Avg QP:23.03  size: 83989
[libx264 @ 000001dcfe6500c0] frame P:60    Avg QP:24.03  size: 19670
[libx264 @ 000001dcfe6500c0] frame B:178   Avg QP:29.16  size:  3503
[libx264 @ 000001dcfe6500c0] consecutive B-frames:  0.4%  0.8%  0.0% 98.7%
[libx264 @ 000001dcfe6500c0] mb I  I16..4: 34.4% 43.2% 22.4%
[libx264 @ 000001dcfe6500c0] mb P  I16..4:  4.7%  3.4%  1.2%  P16..4: 36.0%  6.3%  3.1%  0.0%  0.0%    skip:45.3%
[libx264 @ 000001dcfe6500c0] mb B  I16..4:  0.1%  0.1%  0.1%  B16..8: 27.9%  1.2%  0.2%  direct: 0.2%  skip:70.3%  L0:52.0% L1:46.6% BI: 1.4%
[libx264 @ 000001dcfe6500c0] 8x8 transform intra:37.6% inter:76.1%
[libx264 @ 000001dcfe6500c0] coded y,uvDC,uvAC intra: 20.5% 45.2% 15.3% inter: 2.4% 4.5% 0.5%
[libx264 @ 000001dcfe6500c0] i16 v,h,dc,p: 15% 47%  8% 30%
[libx264 @ 000001dcfe6500c0] i8 v,h,dc,ddl,ddr,vr,hd,vl,hu: 18% 28% 47%  1%  1%  1%  1%  1%  2%
[libx264 @ 000001dcfe6500c0] i4 v,h,dc,ddl,ddr,vr,hd,vl,hu: 24% 28% 20%  4%  4%  4%  5%  4%  5%
[libx264 @ 000001dcfe6500c0] i8c dc,h,v,p: 46% 35% 15%  5%
[libx264 @ 000001dcfe6500c0] Weighted P-Frames: Y:0.0% UV:0.0%
[libx264 @ 000001dcfe6500c0] ref P L0: 65.1%  8.0% 21.0%  5.9%
[libx264 @ 000001dcfe6500c0] ref B L0: 91.4%  7.3%  1.3%
[libx264 @ 000001dcfe6500c0] ref B L1: 96.7%  3.3%
[libx264 @ 000001dcfe6500c0] kb/s:3791.29
[aac @ 000001dcff011980] Qavg: 384.883

2025-06-29 21:26:24.855 +02:00 [INF] FFmpeg terminé avec code 0
2025-06-29 21:26:24.855 +02:00 [INF] FFmpeg concat+reencode result: 
[stderr]
ffmpeg version 7.1.1-essentials_build-www.gyan.dev Copyright (c) 2000-2025 the FFmpeg developers
  built with gcc 14.2.0 (Rev1, Built by MSYS2 project)
  configuration: --enable-gpl --enable-version3 --enable-static --disable-w32threads --disable-autodetect --enable-fontconfig --enable-iconv --enable-gnutls --enable-libxml2 --enable-gmp --enable-bzlib --enable-lzma --enable-zlib --enable-libsrt --enable-libssh --enable-libzmq --enable-avisynth --enable-sdl2 --enable-libwebp --enable-libx264 --enable-libx265 --enable-libxvid --enable-libaom --enable-libopenjpeg --enable-libvpx --enable-mediafoundation --enable-libass --enable-libfreetype --enable-libfribidi --enable-libharfbuzz --enable-libvidstab --enable-libvmaf --enable-libzimg --enable-amf --enable-cuda-llvm --enable-cuvid --enable-dxva2 --enable-d3d11va --enable-d3d12va --enable-ffnvcodec --enable-libvpl --enable-nvdec --enable-nvenc --enable-vaapi --enable-libgme --enable-libopenmpt --enable-libopencore-amrwb --enable-libmp3lame --enable-libtheora --enable-libvo-amrwbenc --enable-libgsm --enable-libopencore-amrnb --enable-libopus --enable-libspeex --enable-libvorbis --enable-librubberband
  libavutil      59. 39.100 / 59. 39.100
  libavcodec     61. 19.101 / 61. 19.101
  libavformat    61.  7.100 / 61.  7.100
  libavdevice    61.  3.100 / 61.  3.100
  libavfilter    10.  4.100 / 10.  4.100
  libswscale      8.  3.100 /  8.  3.100
  libswresample   5.  3.100 /  5.  3.100
  libpostproc    58.  3.100 / 58.  3.100
[mpegts @ 000001dcfe380940] PES packet size mismatch
[mpegts @ 000001dcfe380940] Packet corrupt (stream = 1, dts = 628107000).
Input #0, concat, from 'C:\Users\terre\Documents\Strivea\Recordings\YouTube\Takanashi Kiara Ch. hololive-EN\Temp\YouTube_Takanashi Kiara Ch. hololive-EN_20250629_212620\TempConcat\concat.txt':
  Duration: N/A, start: 0.000000, bitrate: 130 kb/s
  Stream #0:0: Audio: aac (LC) ([15][0][0][0] / 0x000F), 44100 Hz, stereo, fltp, 130 kb/s
  Stream #0:1: Video: h264 (Main) ([27][0][0][0] / 0x001B), yuv420p(tv, bt709, progressive), 1920x1080 [SAR 1:1 DAR 16:9], 60 fps, 60 tbr, 90k tbn
Stream mapping:
  Stream #0:1 -> #0:0 (h264 (native) -> h264 (libx264))
  Stream #0:0 -> #0:1 (aac (native) -> aac (native))
Press [q] to stop, [?] for help
[libx264 @ 000001dcfe6500c0] using SAR=1/1
[libx264 @ 000001dcfe6500c0] using cpu capabilities: MMX2 SSE2Fast SSSE3 SSE4.2 AVX FMA3 BMI2 AVX2 AVX512
[libx264 @ 000001dcfe6500c0] profile High, level 4.2, 4:2:0, 8-bit
[libx264 @ 000001dcfe6500c0] 264 - core 164 r3204 373697b - H.264/MPEG-4 AVC codec - Copyleft 2003-2025 - http://www.videolan.org/x264.html - options: cabac=1 ref=3 deblock=1:0:0 analyse=0x3:0x113 me=hex subme=7 psy=1 psy_rd=1.00:0.00 mixed_ref=1 me_range=16 chroma_me=1 trellis=1 8x8dct=1 cqm=0 deadzone=21,11 fast_pskip=1 chroma_qp_offset=-2 threads=24 lookahead_threads=4 sliced_threads=0 nr=0 decimate=1 interlaced=0 bluray_compat=0 constrained_intra=0 bframes=3 b_pyramid=2 b_adapt=1 b_bias=0 direct=1 weightb=1 open_gop=0 weightp=2 keyint=250 keyint_min=25 scenecut=40 intra_refresh=0 rc_lookahead=40 rc=crf mbtree=1 crf=23.0 qcomp=0.60 qpmin=0 qpmax=69 qpstep=4 ip_ratio=1.40 aq=1:1.00
Output #0, mp4, to 'C:\Users\terre\Documents\Strivea\Recordings\YouTube\Takanashi Kiara Ch. hololive-EN\Temp\YouTube_Takanashi Kiara Ch. hololive-EN_20250629_212620\TempConcat\output.mp4':
  Metadata:
    encoder         : Lavf61.7.100
  Stream #0:0: Video: h264 (avc1 / 0x31637661), yuv420p(tv, bt709, progressive), 1920x1080 [SAR 1:1 DAR 16:9], q=2-31, 60 fps, 15360 tbn
      Metadata:
        encoder         : Lavc61.19.101 libx264
      Side data:
        cpb: bitrate max/min/avg: 0/0/0 buffer size: 0 vbv_delay: N/A
  Stream #0:1: Audio: aac (LC) (mp4a / 0x6134706D), 44100 Hz, stereo, fltp, 128 kb/s
      Metadata:
        encoder         : Lavc61.19.101 aac
frame=   46 fps=0.0 q=31.0 size=     256KiB time=00:00:00.73 bitrate=2860.3kbits/s speed=1.44x    
[mpegts @ 000001dcfe380940] PES packet size mismatch
[mpegts @ 000001dcfe380940] Packet corrupt (stream = 1, dts = 628107000).
[concat @ 000001dcfe37f400] Packet corrupt (stream = 1, dts = 355884).
[in#0/concat @ 000001dcfe382e40] corrupt input packet in stream 1
frame=  132 fps=128 q=31.0 size=    1024KiB time=00:00:02.16 bitrate=3871.8kbits/s speed=2.11x    
[h264 @ 000001dcff013340] error while decoding MB 71 55, bytestream -5
[h264 @ 000001dcff013340] concealing 1538 DC, 1538 AC, 1538 MV errors in P frame
[vist#0:1/h264 @ 000001dcfe392480] [dec:h264 @ 000001dcfea4e280] corrupt decoded frame
[out#0/mp4 @ 000001dcfe44ee80] video:1844KiB audio:63KiB subtitle:0KiB other streams:0KiB global headers:0KiB muxing overhead: 0.410105%
frame=  239 fps=157 q=-1.0 Lsize=    1915KiB time=00:00:03.95 bitrate=3971.0kbits/s speed=2.59x    
[libx264 @ 000001dcfe6500c0] frame I:1     Avg QP:23.03  size: 83989
[libx264 @ 000001dcfe6500c0] frame P:60    Avg QP:24.03  size: 19670
[libx264 @ 000001dcfe6500c0] frame B:178   Avg QP:29.16  size:  3503
[libx264 @ 000001dcfe6500c0] consecutive B-frames:  0.4%  0.8%  0.0% 98.7%
[libx264 @ 000001dcfe6500c0] mb I  I16..4: 34.4% 43.2% 22.4%
[libx264 @ 000001dcfe6500c0] mb P  I16..4:  4.7%  3.4%  1.2%  P16..4: 36.0%  6.3%  3.1%  0.0%  0.0%    skip:45.3%
[libx264 @ 000001dcfe6500c0] mb B  I16..4:  0.1%  0.1%  0.1%  B16..8: 27.9%  1.2%  0.2%  direct: 0.2%  skip:70.3%  L0:52.0% L1:46.6% BI: 1.4%
[libx264 @ 000001dcfe6500c0] 8x8 transform intra:37.6% inter:76.1%
[libx264 @ 000001dcfe6500c0] coded y,uvDC,uvAC intra: 20.5% 45.2% 15.3% inter: 2.4% 4.5% 0.5%
[libx264 @ 000001dcfe6500c0] i16 v,h,dc,p: 15% 47%  8% 30%
[libx264 @ 000001dcfe6500c0] i8 v,h,dc,ddl,ddr,vr,hd,vl,hu: 18% 28% 47%  1%  1%  1%  1%  1%  2%
[libx264 @ 000001dcfe6500c0] i4 v,h,dc,ddl,ddr,vr,hd,vl,hu: 24% 28% 20%  4%  4%  4%  5%  4%  5%
[libx264 @ 000001dcfe6500c0] i8c dc,h,v,p: 46% 35% 15%  5%
[libx264 @ 000001dcfe6500c0] Weighted P-Frames: Y:0.0% UV:0.0%
[libx264 @ 000001dcfe6500c0] ref P L0: 65.1%  8.0% 21.0%  5.9%
[libx264 @ 000001dcfe6500c0] ref B L0: 91.4%  7.3%  1.3%
[libx264 @ 000001dcfe6500c0] ref B L1: 96.7%  3.3%
[libx264 @ 000001dcfe6500c0] kb/s:3791.29
[aac @ 000001dcff011980] Qavg: 384.883

2025-06-29 21:26:24.856 +02:00 [INF] [CONCAT] Déplacement du fichier final vers : C:\Users\terre\Documents\Strivea\Recordings\YouTube\Takanashi Kiara Ch. hololive-EN\Temp\【UNARCHIVED KARAOKE】Marathon to 1.600.000 Subs PART 2! In my PERFUME SWIMSUIT! #kfp #キアライブ.mp4
2025-06-29 21:26:24.857 +02:00 [INF] [CONCAT] Fichier final déplacé vers : C:\Users\terre\Documents\Strivea\Recordings\YouTube\Takanashi Kiara Ch. hololive-EN\Temp\【UNARCHIVED KARAOKE】Marathon to 1.600.000 Subs PART 2! In my PERFUME SWIMSUIT! #kfp #キアライブ.mp4
2025-06-29 21:26:24.857 +02:00 [INF] [CONCAT] Concaténation et conversion terminées avec succès.
2025-06-29 21:26:24.858 +02:00 [INF] CanStopMonitoring est évalué. IsMonitoring: True
2025-06-29 21:26:24.859 +02:00 [INF] IsMonitoring a changé: False
2025-06-29 21:26:24.859 +02:00 [INF] CanStopMonitoring est évalué. IsMonitoring: False
2025-06-29 21:26:24.860 +02:00 [INF] CanStartMonitoring après changement: True
2025-06-29 21:26:24.860 +02:00 [INF] CanStopMonitoring est évalué. IsMonitoring: False
2025-06-29 21:26:24.860 +02:00 [INF] CanStopMonitoring après changement: False
2025-06-29 21:26:24.860 +02:00 [INF] [DEBUG] IsMonitoring forcé à False dans finally StopMonitoringAsync
2025-06-29 21:26:24.860 +02:00 [INF] CanStopMonitoring est évalué. IsMonitoring: False
2025-06-29 21:28:46.844 +02:00 [INF] Début de la récupération des informations du stream YouTube pour : https://www.youtube.com/@TakanashiKiara
2025-06-29 21:28:47.539 +02:00 [INF] Streamlink trouvé à : C:\Program Files\Streamlink\bin\streamlink.exe
2025-06-29 21:28:47.539 +02:00 [INF] Exécution de streamlink avec les arguments : -j https://www.youtube.com/@TakanashiKiara best
2025-06-29 21:28:47.541 +02:00 [INF] Processus streamlink démarré
2025-06-29 21:28:49.331 +02:00 [INF] Processus streamlink terminé avec le code : 0
2025-06-29 21:28:49.332 +02:00 [INF] Sortie Streamlink (JSON) : {
  "type": "hls",
  "url": "https://manifest.googlevideo.com/api/manifest/hls_playlist/expire/1751246957/ei/DZRhaPfeJauZzPsPtIPIOQ/ip/2a01:e0a:8f1:aac0:53b:a603:3714:1c77/id/1uGO5HAfgFE.1/itag/301/source/yt_live_broadcast/requiressl/yes/ratebypass/yes/live/1/sgoap/gir%3Dyes%3Bitag%3D140/sgovp/gir%3Dyes%3Bitag%3D299/rqh/1/hls_chunk_host/rr4---sn-25ge7nsk.googlevideo.com/xpc/EgVo2aDSNQ%3D%3D/bui/AY1jyLM80EhXRIi6yEqUjH6Y3Em-Z0FD0EwL2xyp4SMi_2yX8LBhLk4-wzYyzov_jjFs2WyFKNA4pn6t/spc/l3OVKe4lOE-rX9mSL521vxAj2fxA4lgHHz2hLjd07Aft9KYShHIVuqhruNB5aWzH8Rc/vprv/1/playlist_type/LIVE/initcwndbps/2052500/met/1751225358,/mh/RU/mm/44/mn/sn-25ge7nsk/ms/lva/mv/m/mvi/4/pl/45/rms/lva,lva/dover/11/pacing/0/keepalive/yes/fexp/51355912/mt/1751224845/sparams/expire,ei,ip,id,itag,source,requiressl,ratebypass,live,sgoap,sgovp,rqh,xpc,bui,spc,vprv,playlist_type/sig/AJfQdSswRQIhANaeZgnrlPQ1vqbhbrs6kU9M4FxhjfGeyhsVgI83QijbAiAz8MonLivv3FVnYaPdVSmr6j8Wr9yO57SD5Boi-EI-Sw%3D%3D/lsparams/hls_chunk_host,initcwndbps,met,mh,mm,mn,ms,mv,mvi,pl,rms/lsig/APaTxxMwRQIhAI2lFrcpPFk9rIV9sGeQh-pkMkQ1B1_fPNjCkTgwXGekAiBVgDolBWOaqoyYxM1-yHQOkdZ_Ad1LEefKweY1aAz3Lg%3D%3D/playlist/index.m3u8",
  "headers": {
    "User-Agent": "Mozilla/5.0 (Windows NT 10.0; Win64; x64) AppleWebKit/537.36 (KHTML, like Gecko) Chrome/134.0.0.0 Safari/537.36",
    "Accept-Encoding": "gzip, deflate, br, zstd",
    "Accept": "*/*",
    "Connection": "keep-alive"
  },
  "master": "https://manifest.googlevideo.com/api/manifest/hls_variant/expire/1751246957/ei/DZRhaPfeJauZzPsPtIPIOQ/ip/2a01%3Ae0a%3A8f1%3Aaac0%3A53b%3Aa603%3A3714%3A1c77/id/1uGO5HAfgFE.1/source/yt_live_broadcast/requiressl/yes/xpc/EgVo2aDSNQ%3D%3D/tx/51477231/txs/51477230%2C51477231%2C51477232/hfr/1/maudio/1/bui/AY1jyLM80EhXRIi6yEqUjH6Y3Em-Z0FD0EwL2xyp4SMi_2yX8LBhLk4-wzYyzov_jjFs2WyFKNA4pn6t/spc/l3OVKe4lOE-rX9mSL521vxAj2fxA4lgHHz2hLjd07Aft9KYShHIVuqhruNB5aWzH8Rc/vprv/1/go/1/rqh/5/pacing/0/nvgoi/1/ncsapi/1/keepalive/yes/fexp/51355912/dover/11/itag/0/playlist_type/LIVE/sparams/expire%2Cei%2Cip%2Cid%2Csource%2Crequiressl%2Cxpc%2Ctx%2Ctxs%2Chfr%2Cmaudio%2Cbui%2Cspc%2Cvprv%2Cgo%2Crqh%2Citag%2Cplaylist_type/sig/AJfQdSswRgIhAJBGlWIX-eoMXw9c6uDPqRdOuUpsEZXYEHvXBRn_jnuAAiEA2zS3GQqTHOk_QcxGQyFDFBOq5xZThf9ngGmVNYVzM0o%3D/file/index.m3u8",
  "metadata": {
    "id": "1uGO5HAfgFE",
    "author": "Takanashi Kiara Ch. hololive-EN",
    "category": "Music",
    "title": "\u3010UNARCHIVED KARAOKE\u3011Marathon to 1.600.000 Subs PART 2! In my PERFUME SWIMSUIT! #kfp #\u30ad\u30a2\u30e9\u30a4\u30d6"
  }
}

2025-06-29 21:28:49.333 +02:00 [INF] Récupération de l'URL du stream pour https://www.youtube.com/@TakanashiKiara
2025-06-29 21:28:51.413 +02:00 [INF] IsMonitoring a changé: True
2025-06-29 21:28:51.413 +02:00 [INF] CanStopMonitoring est évalué. IsMonitoring: True
2025-06-29 21:28:51.414 +02:00 [INF] CanStartMonitoring après changement: False
2025-06-29 21:28:51.414 +02:00 [INF] CanStopMonitoring est évalué. IsMonitoring: True
2025-06-29 21:28:51.414 +02:00 [INF] CanStopMonitoring après changement: True
2025-06-29 21:28:51.414 +02:00 [INF] Démarrage de l'enregistrement pour TakanashiKiara sur YouTube
2025-06-29 21:28:51.414 +02:00 [INF] URL du stream : https://manifest.googlevideo.com/api/manifest/hls_playlist/expire/1751246959/ei/D5RhaKLYHIH8xN8P_ZTGyQk/ip/2a01:e0a:8f1:aac0:53b:a603:3714:1c77/id/1uGO5HAfgFE.1/itag/301/source/yt_live_broadcast/requiressl/yes/ratebypass/yes/live/1/sgoap/gir%3Dyes%3Bitag%3D140/sgovp/gir%3Dyes%3Bitag%3D299/rqh/1/hls_chunk_host/rr4---sn-25ge7nsk.googlevideo.com/xpc/EgVo2aDSNQ%3D%3D/bui/AY1jyLMjEmP1BJ343qjxNWB2kQuPH3z1fdu1W6rkz4BQBzPCPjjMl8AyymU2SBuUOwFPiwb6nX5tJ3XD/spc/l3OVKacQVlBRYpjMjAID1xXefYaw7NZDxQ07WQlZPBle0HZXk5vrZUohkMrRjIVbVK8/vprv/1/playlist_type/LIVE/initcwndbps/2063750/met/1751225360,/mh/RU/mm/44/mn/sn-25ge7nsk/ms/lva/mv/m/mvi/4/pl/45/rms/lva,lva/dover/11/pacing/0/keepalive/yes/fexp/51355912/mt/1751224845/sparams/expire,ei,ip,id,itag,source,requiressl,ratebypass,live,sgoap,sgovp,rqh,xpc,bui,spc,vprv,playlist_type/sig/AJfQdSswRAIgJ0tKGJ9aPo52_5o054wVxZPEbaaG52Hf_lB8PIZ7sUwCIHG1SahH71GXtnB5m7tOy4ssCrd-TqkFxu04PxqccB3B/lsparams/hls_chunk_host,initcwndbps,met,mh,mm,mn,ms,mv,mvi,pl,rms/lsig/APaTxxMwRgIhAJElgdemM-kfPTnsoMtGIP6dmCByJpuQC02MENe5MW1pAiEAxquUrveIgvy2oreUq74iWd7uF3Qpity4AXbZZhyEWng%3D/playlist/index.m3u8
2025-06-29 21:28:51.414 +02:00 [INF] Chemin de sortie : C:\Users\terre\Documents\Strivea\Recordings\YouTube\TakanashiKiara\Temp\YouTube_Takanashi Kiara Ch. hololive-EN_20250629_212851\【UNARCHIVED KARAOKE】Marathon to 1.600.000 Subs PART 2! In my PERFUME SWIMSUIT! #kfp #キアライブ_20250629_212851.ts
2025-06-29 21:28:51.457 +02:00 [INF] Enregistrement démarré pour TakanashiKiara sur YouTube
2025-06-29 21:28:54.653 +02:00 [INF] CanStopMonitoring est évalué. IsMonitoring: True
2025-06-29 21:28:54.653 +02:00 [INF] Arrêt de l'enregistrement pour TakanashiKiara sur YouTube
2025-06-29 21:28:54.654 +02:00 [INF] Enregistrement terminé pour TakanashiKiara sur YouTube
2025-06-29 21:28:54.654 +02:00 [INF] Durée : 00:00:03
2025-06-29 21:28:54.654 +02:00 [INF] Taille du fichier : 2 MB
2025-06-29 21:28:54.654 +02:00 [INF] [CONCAT] Début de la concaténation des segments vidéo...
2025-06-29 21:28:54.654 +02:00 [INF] [CONCAT] Fichiers .ts à concaténer (1) :
2025-06-29 21:28:54.654 +02:00 [INF] [CONCAT] - C:\Users\terre\Documents\Strivea\Recordings\YouTube\TakanashiKiara\Temp\YouTube_Takanashi Kiara Ch. hololive-EN_20250629_212851\【UNARCHIVED KARAOKE】Marathon to 1.600.000 Subs PART 2! In my PERFUME SWIMSUIT! #kfp #キアライブ_20250629_212851.ts
2025-06-29 21:28:54.657 +02:00 [INF] CanStopMonitoring est évalué. IsMonitoring: True
2025-06-29 21:28:54.657 +02:00 [INF] [CONCAT] Début de la conversion en mp4...
2025-06-29 21:28:54.657 +02:00 [INF] Commande FFmpeg concat+reencode : ffmpeg -f concat -safe 0 -i "C:\Users\terre\Documents\Strivea\Recordings\YouTube\TakanashiKiara\Temp\YouTube_Takanashi Kiara Ch. hololive-EN_20250629_212851\TempConcat\concat.txt" -c:v libx264 -c:a aac "C:\Users\terre\Documents\Strivea\Recordings\YouTube\TakanashiKiara\Temp\YouTube_Takanashi Kiara Ch. hololive-EN_20250629_212851\TempConcat\output.mp4"
2025-06-29 21:28:56.447 +02:00 [ERR] FFmpeg stderr : ffmpeg version 7.1.1-essentials_build-www.gyan.dev Copyright (c) 2000-2025 the FFmpeg developers
  built with gcc 14.2.0 (Rev1, Built by MSYS2 project)
  configuration: --enable-gpl --enable-version3 --enable-static --disable-w32threads --disable-autodetect --enable-fontconfig --enable-iconv --enable-gnutls --enable-libxml2 --enable-gmp --enable-bzlib --enable-lzma --enable-zlib --enable-libsrt --enable-libssh --enable-libzmq --enable-avisynth --enable-sdl2 --enable-libwebp --enable-libx264 --enable-libx265 --enable-libxvid --enable-libaom --enable-libopenjpeg --enable-libvpx --enable-mediafoundation --enable-libass --enable-libfreetype --enable-libfribidi --enable-libharfbuzz --enable-libvidstab --enable-libvmaf --enable-libzimg --enable-amf --enable-cuda-llvm --enable-cuvid --enable-dxva2 --enable-d3d11va --enable-d3d12va --enable-ffnvcodec --enable-libvpl --enable-nvdec --enable-nvenc --enable-vaapi --enable-libgme --enable-libopenmpt --enable-libopencore-amrwb --enable-libmp3lame --enable-libtheora --enable-libvo-amrwbenc --enable-libgsm --enable-libopencore-amrnb --enable-libopus --enable-libspeex --enable-libvorbis --enable-librubberband
  libavutil      59. 39.100 / 59. 39.100
  libavcodec     61. 19.101 / 61. 19.101
  libavformat    61.  7.100 / 61.  7.100
  libavdevice    61.  3.100 / 61.  3.100
  libavfilter    10.  4.100 / 10.  4.100
  libswscale      8.  3.100 /  8.  3.100
  libswresample   5.  3.100 /  5.  3.100
  libpostproc    58.  3.100 / 58.  3.100
[mpegts @ 000002a44e370380] PES packet size mismatch
[mpegts @ 000002a44e370380] Packet corrupt (stream = 1, dts = 641698500).
Input #0, concat, from 'C:\Users\terre\Documents\Strivea\Recordings\YouTube\TakanashiKiara\Temp\YouTube_Takanashi Kiara Ch. hololive-EN_20250629_212851\TempConcat\concat.txt':
  Duration: N/A, start: 0.000000, bitrate: 132 kb/s
  Stream #0:0: Audio: aac (LC) ([15][0][0][0] / 0x000F), 44100 Hz, stereo, fltp, 132 kb/s
  Stream #0:1: Video: h264 (Main) ([27][0][0][0] / 0x001B), yuv420p(tv, bt709, progressive), 1920x1080 [SAR 1:1 DAR 16:9], 60 fps, 60 tbr, 90k tbn
Stream mapping:
  Stream #0:1 -> #0:0 (h264 (native) -> h264 (libx264))
  Stream #0:0 -> #0:1 (aac (native) -> aac (native))
Press [q] to stop, [?] for help
[libx264 @ 000002a44e4b0800] using SAR=1/1
[libx264 @ 000002a44e4b0800] using cpu capabilities: MMX2 SSE2Fast SSSE3 SSE4.2 AVX FMA3 BMI2 AVX2 AVX512
[libx264 @ 000002a44e4b0800] profile High, level 4.2, 4:2:0, 8-bit
[libx264 @ 000002a44e4b0800] 264 - core 164 r3204 373697b - H.264/MPEG-4 AVC codec - Copyleft 2003-2025 - http://www.videolan.org/x264.html - options: cabac=1 ref=3 deblock=1:0:0 analyse=0x3:0x113 me=hex subme=7 psy=1 psy_rd=1.00:0.00 mixed_ref=1 me_range=16 chroma_me=1 trellis=1 8x8dct=1 cqm=0 deadzone=21,11 fast_pskip=1 chroma_qp_offset=-2 threads=24 lookahead_threads=4 sliced_threads=0 nr=0 decimate=1 interlaced=0 bluray_compat=0 constrained_intra=0 bframes=3 b_pyramid=2 b_adapt=1 b_bias=0 direct=1 weightb=1 open_gop=0 weightp=2 keyint=250 keyint_min=25 scenecut=40 intra_refresh=0 rc_lookahead=40 rc=crf mbtree=1 crf=23.0 qcomp=0.60 qpmin=0 qpmax=69 qpstep=4 ip_ratio=1.40 aq=1:1.00
Output #0, mp4, to 'C:\Users\terre\Documents\Strivea\Recordings\YouTube\TakanashiKiara\Temp\YouTube_Takanashi Kiara Ch. hololive-EN_20250629_212851\TempConcat\output.mp4':
  Metadata:
    encoder         : Lavf61.7.100
  Stream #0:0: Video: h264 (avc1 / 0x31637661), yuv420p(tv, bt709, progressive), 1920x1080 [SAR 1:1 DAR 16:9], q=2-31, 60 fps, 15360 tbn
      Metadata:
        encoder         : Lavc61.19.101 libx264
      Side data:
        cpb: bitrate max/min/avg: 0/0/0 buffer size: 0 vbv_delay: N/A
  Stream #0:1: Audio: aac (LC) (mp4a / 0x6134706D), 44100 Hz, stereo, fltp, 128 kb/s
      Metadata:
        encoder         : Lavc61.19.101 aac
frame=   43 fps=0.0 q=31.0 size=     256KiB time=00:00:00.68 bitrate=3069.6kbits/s speed=1.32x    
frame=  119 fps=115 q=31.0 size=    1024KiB time=00:00:01.95 bitrate=4302.0kbits/s speed=1.89x    
[mpegts @ 000002a44e370380] PES packet size mismatch
[mpegts @ 000002a44e370380] Packet corrupt (stream = 1, dts = 641698500).
[concat @ 000002a44e36ee80] Packet corrupt (stream = 1, dts = 357441).
[in#0/concat @ 000002a44e372c80] corrupt input packet in stream 1
[h264 @ 000002a44f0134c0] error while decoding MB 118 22, bytestream -7
[h264 @ 000002a44f0134c0] concealing 5451 DC, 5451 AC, 5451 MV errors in P frame
[vist#0:1/h264 @ 000002a44e382140] [dec:h264 @ 000002a44e6b00c0] corrupt decoded frame
frame=  215 fps=138 q=31.0 size=    2048KiB time=N/A bitrate=N/A speed=N/A    
[out#0/mp4 @ 000002a44e4b0ec0] video:2270KiB audio:62KiB subtitle:0KiB other streams:0KiB global headers:0KiB muxing overhead: 0.335078%
frame=  240 fps=147 q=-1.0 Lsize=    2339KiB time=00:00:03.96 bitrate=4831.3kbits/s speed=2.44x    
[libx264 @ 000002a44e4b0800] frame I:1     Avg QP:23.10  size: 78303
[libx264 @ 000002a44e4b0800] frame P:62    Avg QP:24.37  size: 22128
[libx264 @ 000002a44e4b0800] frame B:177   Avg QP:29.18  size:  4933
[libx264 @ 000002a44e4b0800] consecutive B-frames:  0.8%  1.7%  2.5% 95.0%
[libx264 @ 000002a44e4b0800] mb I  I16..4: 35.6% 42.8% 21.7%
[libx264 @ 000002a44e4b0800] mb P  I16..4:  5.1%  4.9%  1.4%  P16..4: 38.6%  7.2%  3.0%  0.0%  0.0%    skip:39.8%
[libx264 @ 000002a44e4b0800] mb B  I16..4:  0.2%  0.2%  0.1%  B16..8: 32.3%  1.8%  0.2%  direct: 0.3%  skip:65.0%  L0:50.8% L1:47.6% BI: 1.6%
[libx264 @ 000002a44e4b0800] 8x8 transform intra:42.7% inter:78.3%
[libx264 @ 000002a44e4b0800] coded y,uvDC,uvAC intra: 22.5% 50.6% 18.0% inter: 3.2% 6.5% 0.6%
[libx264 @ 000002a44e4b0800] i16 v,h,dc,p: 22% 45%  8% 25%
[libx264 @ 000002a44e4b0800] i8 v,h,dc,ddl,ddr,vr,hd,vl,hu: 21% 24% 41%  2%  2%  2%  2%  2%  2%
[libx264 @ 000002a44e4b0800] i4 v,h,dc,ddl,ddr,vr,hd,vl,hu: 30% 23% 19%  5%  5%  5%  4%  4%  4%
[libx264 @ 000002a44e4b0800] i8c dc,h,v,p: 43% 31% 20%  6%
[libx264 @ 000002a44e4b0800] Weighted P-Frames: Y:0.0% UV:0.0%
[libx264 @ 000002a44e4b0800] ref P L0: 64.8%  8.2% 21.6%  5.3%
[libx264 @ 000002a44e4b0800] ref B L0: 92.5%  6.4%  1.1%
[libx264 @ 000002a44e4b0800] ref B L1: 96.9%  3.1%
[libx264 @ 000002a44e4b0800] kb/s:4646.60
[aac @ 000002a44f014000] Qavg: 927.288

2025-06-29 21:28:56.450 +02:00 [INF] FFmpeg terminé avec code 0
2025-06-29 21:28:56.450 +02:00 [INF] FFmpeg concat+reencode result: 
[stderr]
ffmpeg version 7.1.1-essentials_build-www.gyan.dev Copyright (c) 2000-2025 the FFmpeg developers
  built with gcc 14.2.0 (Rev1, Built by MSYS2 project)
  configuration: --enable-gpl --enable-version3 --enable-static --disable-w32threads --disable-autodetect --enable-fontconfig --enable-iconv --enable-gnutls --enable-libxml2 --enable-gmp --enable-bzlib --enable-lzma --enable-zlib --enable-libsrt --enable-libssh --enable-libzmq --enable-avisynth --enable-sdl2 --enable-libwebp --enable-libx264 --enable-libx265 --enable-libxvid --enable-libaom --enable-libopenjpeg --enable-libvpx --enable-mediafoundation --enable-libass --enable-libfreetype --enable-libfribidi --enable-libharfbuzz --enable-libvidstab --enable-libvmaf --enable-libzimg --enable-amf --enable-cuda-llvm --enable-cuvid --enable-dxva2 --enable-d3d11va --enable-d3d12va --enable-ffnvcodec --enable-libvpl --enable-nvdec --enable-nvenc --enable-vaapi --enable-libgme --enable-libopenmpt --enable-libopencore-amrwb --enable-libmp3lame --enable-libtheora --enable-libvo-amrwbenc --enable-libgsm --enable-libopencore-amrnb --enable-libopus --enable-libspeex --enable-libvorbis --enable-librubberband
  libavutil      59. 39.100 / 59. 39.100
  libavcodec     61. 19.101 / 61. 19.101
  libavformat    61.  7.100 / 61.  7.100
  libavdevice    61.  3.100 / 61.  3.100
  libavfilter    10.  4.100 / 10.  4.100
  libswscale      8.  3.100 /  8.  3.100
  libswresample   5.  3.100 /  5.  3.100
  libpostproc    58.  3.100 / 58.  3.100
[mpegts @ 000002a44e370380] PES packet size mismatch
[mpegts @ 000002a44e370380] Packet corrupt (stream = 1, dts = 641698500).
Input #0, concat, from 'C:\Users\terre\Documents\Strivea\Recordings\YouTube\TakanashiKiara\Temp\YouTube_Takanashi Kiara Ch. hololive-EN_20250629_212851\TempConcat\concat.txt':
  Duration: N/A, start: 0.000000, bitrate: 132 kb/s
  Stream #0:0: Audio: aac (LC) ([15][0][0][0] / 0x000F), 44100 Hz, stereo, fltp, 132 kb/s
  Stream #0:1: Video: h264 (Main) ([27][0][0][0] / 0x001B), yuv420p(tv, bt709, progressive), 1920x1080 [SAR 1:1 DAR 16:9], 60 fps, 60 tbr, 90k tbn
Stream mapping:
  Stream #0:1 -> #0:0 (h264 (native) -> h264 (libx264))
  Stream #0:0 -> #0:1 (aac (native) -> aac (native))
Press [q] to stop, [?] for help
[libx264 @ 000002a44e4b0800] using SAR=1/1
[libx264 @ 000002a44e4b0800] using cpu capabilities: MMX2 SSE2Fast SSSE3 SSE4.2 AVX FMA3 BMI2 AVX2 AVX512
[libx264 @ 000002a44e4b0800] profile High, level 4.2, 4:2:0, 8-bit
[libx264 @ 000002a44e4b0800] 264 - core 164 r3204 373697b - H.264/MPEG-4 AVC codec - Copyleft 2003-2025 - http://www.videolan.org/x264.html - options: cabac=1 ref=3 deblock=1:0:0 analyse=0x3:0x113 me=hex subme=7 psy=1 psy_rd=1.00:0.00 mixed_ref=1 me_range=16 chroma_me=1 trellis=1 8x8dct=1 cqm=0 deadzone=21,11 fast_pskip=1 chroma_qp_offset=-2 threads=24 lookahead_threads=4 sliced_threads=0 nr=0 decimate=1 interlaced=0 bluray_compat=0 constrained_intra=0 bframes=3 b_pyramid=2 b_adapt=1 b_bias=0 direct=1 weightb=1 open_gop=0 weightp=2 keyint=250 keyint_min=25 scenecut=40 intra_refresh=0 rc_lookahead=40 rc=crf mbtree=1 crf=23.0 qcomp=0.60 qpmin=0 qpmax=69 qpstep=4 ip_ratio=1.40 aq=1:1.00
Output #0, mp4, to 'C:\Users\terre\Documents\Strivea\Recordings\YouTube\TakanashiKiara\Temp\YouTube_Takanashi Kiara Ch. hololive-EN_20250629_212851\TempConcat\output.mp4':
  Metadata:
    encoder         : Lavf61.7.100
  Stream #0:0: Video: h264 (avc1 / 0x31637661), yuv420p(tv, bt709, progressive), 1920x1080 [SAR 1:1 DAR 16:9], q=2-31, 60 fps, 15360 tbn
      Metadata:
        encoder         : Lavc61.19.101 libx264
      Side data:
        cpb: bitrate max/min/avg: 0/0/0 buffer size: 0 vbv_delay: N/A
  Stream #0:1: Audio: aac (LC) (mp4a / 0x6134706D), 44100 Hz, stereo, fltp, 128 kb/s
      Metadata:
        encoder         : Lavc61.19.101 aac
frame=   43 fps=0.0 q=31.0 size=     256KiB time=00:00:00.68 bitrate=3069.6kbits/s speed=1.32x    
frame=  119 fps=115 q=31.0 size=    1024KiB time=00:00:01.95 bitrate=4302.0kbits/s speed=1.89x    
[mpegts @ 000002a44e370380] PES packet size mismatch
[mpegts @ 000002a44e370380] Packet corrupt (stream = 1, dts = 641698500).
[concat @ 000002a44e36ee80] Packet corrupt (stream = 1, dts = 357441).
[in#0/concat @ 000002a44e372c80] corrupt input packet in stream 1
[h264 @ 000002a44f0134c0] error while decoding MB 118 22, bytestream -7
[h264 @ 000002a44f0134c0] concealing 5451 DC, 5451 AC, 5451 MV errors in P frame
[vist#0:1/h264 @ 000002a44e382140] [dec:h264 @ 000002a44e6b00c0] corrupt decoded frame
frame=  215 fps=138 q=31.0 size=    2048KiB time=N/A bitrate=N/A speed=N/A    
[out#0/mp4 @ 000002a44e4b0ec0] video:2270KiB audio:62KiB subtitle:0KiB other streams:0KiB global headers:0KiB muxing overhead: 0.335078%
frame=  240 fps=147 q=-1.0 Lsize=    2339KiB time=00:00:03.96 bitrate=4831.3kbits/s speed=2.44x    
[libx264 @ 000002a44e4b0800] frame I:1     Avg QP:23.10  size: 78303
[libx264 @ 000002a44e4b0800] frame P:62    Avg QP:24.37  size: 22128
[libx264 @ 000002a44e4b0800] frame B:177   Avg QP:29.18  size:  4933
[libx264 @ 000002a44e4b0800] consecutive B-frames:  0.8%  1.7%  2.5% 95.0%
[libx264 @ 000002a44e4b0800] mb I  I16..4: 35.6% 42.8% 21.7%
[libx264 @ 000002a44e4b0800] mb P  I16..4:  5.1%  4.9%  1.4%  P16..4: 38.6%  7.2%  3.0%  0.0%  0.0%    skip:39.8%
[libx264 @ 000002a44e4b0800] mb B  I16..4:  0.2%  0.2%  0.1%  B16..8: 32.3%  1.8%  0.2%  direct: 0.3%  skip:65.0%  L0:50.8% L1:47.6% BI: 1.6%
[libx264 @ 000002a44e4b0800] 8x8 transform intra:42.7% inter:78.3%
[libx264 @ 000002a44e4b0800] coded y,uvDC,uvAC intra: 22.5% 50.6% 18.0% inter: 3.2% 6.5% 0.6%
[libx264 @ 000002a44e4b0800] i16 v,h,dc,p: 22% 45%  8% 25%
[libx264 @ 000002a44e4b0800] i8 v,h,dc,ddl,ddr,vr,hd,vl,hu: 21% 24% 41%  2%  2%  2%  2%  2%  2%
[libx264 @ 000002a44e4b0800] i4 v,h,dc,ddl,ddr,vr,hd,vl,hu: 30% 23% 19%  5%  5%  5%  4%  4%  4%
[libx264 @ 000002a44e4b0800] i8c dc,h,v,p: 43% 31% 20%  6%
[libx264 @ 000002a44e4b0800] Weighted P-Frames: Y:0.0% UV:0.0%
[libx264 @ 000002a44e4b0800] ref P L0: 64.8%  8.2% 21.6%  5.3%
[libx264 @ 000002a44e4b0800] ref B L0: 92.5%  6.4%  1.1%
[libx264 @ 000002a44e4b0800] ref B L1: 96.9%  3.1%
[libx264 @ 000002a44e4b0800] kb/s:4646.60
[aac @ 000002a44f014000] Qavg: 927.288

2025-06-29 21:28:56.451 +02:00 [INF] [CONCAT] Déplacement du fichier final vers : C:\Users\terre\Documents\Strivea\Recordings\YouTube\TakanashiKiara\Temp\【UNARCHIVED KARAOKE】Marathon to 1.600.000 Subs PART 2! In my PERFUME SWIMSUIT! #kfp #キアライブ.mp4
2025-06-29 21:28:56.451 +02:00 [INF] [CONCAT] Fichier final déplacé vers : C:\Users\terre\Documents\Strivea\Recordings\YouTube\TakanashiKiara\Temp\【UNARCHIVED KARAOKE】Marathon to 1.600.000 Subs PART 2! In my PERFUME SWIMSUIT! #kfp #キアライブ.mp4
2025-06-29 21:28:56.451 +02:00 [INF] [CONCAT] Concaténation et conversion terminées avec succès.
2025-06-29 21:28:56.452 +02:00 [INF] CanStopMonitoring est évalué. IsMonitoring: True
2025-06-29 21:28:56.454 +02:00 [INF] IsMonitoring a changé: False
2025-06-29 21:28:56.454 +02:00 [INF] CanStopMonitoring est évalué. IsMonitoring: False
2025-06-29 21:28:56.454 +02:00 [INF] CanStartMonitoring après changement: True
2025-06-29 21:28:56.454 +02:00 [INF] CanStopMonitoring est évalué. IsMonitoring: False
2025-06-29 21:28:56.454 +02:00 [INF] CanStopMonitoring après changement: False
2025-06-29 21:28:56.454 +02:00 [INF] [DEBUG] IsMonitoring forcé à False dans finally StopMonitoringAsync
2025-06-29 21:28:56.454 +02:00 [INF] CanStopMonitoring est évalué. IsMonitoring: False
2025-06-29 21:55:36.398 +02:00 [INF] Démarrage de l'application...
2025-06-29 21:55:36.439 +02:00 [INF] Initialisation de l'application...
2025-06-29 21:55:36.479 +02:00 [INF] Initialisation du framework terminée...
2025-06-29 21:55:36.479 +02:00 [INF] Application Avalonia construite
2025-06-29 21:55:36.480 +02:00 [INF] Configuration des services...
2025-06-29 21:55:36.489 +02:00 [INF] Construction du conteneur DI...
2025-06-29 21:55:36.921 +02:00 [INF] Démarrage de l'application...
2025-06-29 21:55:37.008 +02:00 [INF] Initialisation du framework terminée...
2025-06-29 21:55:37.341 +02:00 [INF] YouTubeStreamDetector initialisé
2025-06-29 21:55:37.345 +02:00 [INF] MainViewModel initialisé
2025-06-29 21:55:37.347 +02:00 [INF] CanStartMonitoring après changement: True
2025-06-29 21:55:37.347 +02:00 [INF] CanStopMonitoring est évalué. IsMonitoring: False
2025-06-29 21:55:37.347 +02:00 [INF] CanStopMonitoring après changement: False
2025-06-29 21:55:37.374 +02:00 [INF] CanStopMonitoring est évalué. IsMonitoring: False
2025-06-29 21:55:37.376 +02:00 [INF] Application démarrée avec succès
2025-06-29 21:55:46.500 +02:00 [INF] Début de la récupération des informations du stream YouTube pour : https://www.youtube.com/watch?v=1uGO5HAfgFE
2025-06-29 21:55:46.783 +02:00 [INF] Streamlink trouvé à : C:\Program Files\Streamlink\bin\streamlink.exe
2025-06-29 21:55:46.783 +02:00 [INF] Exécution de streamlink avec les arguments : -j https://www.youtube.com/watch?v=1uGO5HAfgFE best
2025-06-29 21:55:46.786 +02:00 [INF] Processus streamlink démarré
2025-06-29 21:55:48.557 +02:00 [INF] Processus streamlink terminé avec le code : 0
2025-06-29 21:55:48.557 +02:00 [INF] Sortie Streamlink (JSON) : {
  "type": "hls",
  "url": "https://manifest.googlevideo.com/api/manifest/hls_playlist/expire/1751248576/ei/YJphaK6AKJqG6dsP3azbwAw/ip/2a01:e0a:8f1:aac0:53b:a603:3714:1c77/id/1uGO5HAfgFE.1/itag/301/source/yt_live_broadcast/requiressl/yes/ratebypass/yes/live/1/sgoap/gir%3Dyes%3Bitag%3D140/sgovp/gir%3Dyes%3Bitag%3D299/rqh/1/hls_chunk_host/rr4---sn-25glenlz.googlevideo.com/xpc/EgVo2aDSNQ%3D%3D/bui/AY1jyLMAjCCMforJBt51boDKP9OQ1g1qKenLp8JyRAwl6uMRcaV77ffvo6HZyI4MswWcaiw8B_Ut9RnX/spc/l3OVKbAyeDDOc9dwzCr4js5YLz0NLB9iBfPLn4YE4Hq-MqqmrBh6bd3BRDLt82SCQWfoAwaQ7kc/vprv/1/playlist_type/LIVE/initcwndbps/1955000/met/1751226977,/mh/RU/mm/44/mn/sn-25glenlz/ms/lva/mv/m/mvi/4/pl/45/rms/lva,lva/dover/11/pacing/0/keepalive/yes/fexp/51355912/mt/1751226521/sparams/expire,ei,ip,id,itag,source,requiressl,ratebypass,live,sgoap,sgovp,rqh,xpc,bui,spc,vprv,playlist_type/sig/AJfQdSswRQIhAOd5swV9Te5NjEVdpmFrcdAHZK6bW9bElWdGb-ScB6O_AiBhMSpfwlLwQ3URyVL7oqTm8TcbLRB-wS6LjiThTnrcEA%3D%3D/lsparams/hls_chunk_host,initcwndbps,met,mh,mm,mn,ms,mv,mvi,pl,rms/lsig/APaTxxMwRAIgFy3WqfovAof5Egf4TQMf1fmuq11Xl7BlNA-8tWoBkOUCIH4Pzhn4ol-FnjfvsDXcQZKJHD85qRziQDtd1DrDIjAa/playlist/index.m3u8",
  "headers": {
    "User-Agent": "Mozilla/5.0 (Windows NT 10.0; Win64; x64) AppleWebKit/537.36 (KHTML, like Gecko) Chrome/134.0.0.0 Safari/537.36",
    "Accept-Encoding": "gzip, deflate, br, zstd",
    "Accept": "*/*",
    "Connection": "keep-alive"
  },
  "master": "https://manifest.googlevideo.com/api/manifest/hls_variant/expire/1751248576/ei/YJphaK6AKJqG6dsP3azbwAw/ip/2a01%3Ae0a%3A8f1%3Aaac0%3A53b%3Aa603%3A3714%3A1c77/id/1uGO5HAfgFE.1/source/yt_live_broadcast/requiressl/yes/xpc/EgVo2aDSNQ%3D%3D/tx/51477232/txs/51477230%2C51477231%2C51477232/hfr/1/maudio/1/bui/AY1jyLMAjCCMforJBt51boDKP9OQ1g1qKenLp8JyRAwl6uMRcaV77ffvo6HZyI4MswWcaiw8B_Ut9RnX/spc/l3OVKbAyeDDOc9dwzCr4js5YLz0NLB9iBfPLn4YE4Hq-MqqmrBh6bd3BRDLt82SCQWfoAwaQ7kc/vprv/1/go/1/rqh/5/pacing/0/nvgoi/1/ncsapi/1/keepalive/yes/fexp/51355912/dover/11/itag/0/playlist_type/LIVE/sparams/expire%2Cei%2Cip%2Cid%2Csource%2Crequiressl%2Cxpc%2Ctx%2Ctxs%2Chfr%2Cmaudio%2Cbui%2Cspc%2Cvprv%2Cgo%2Crqh%2Citag%2Cplaylist_type/sig/AJfQdSswRAIgeZJRWRntVx9DU_a4xwGCMn2s3H_98o-YkSFL8cMxj58CIFDjjPohwyc2L0D0JsLI_Okwy9zlXuUDxw8OXlZUB0oH/file/index.m3u8",
  "metadata": {
    "id": "1uGO5HAfgFE",
    "author": "Takanashi Kiara Ch. hololive-EN",
    "category": "Music",
    "title": "\u3010UNARCHIVED KARAOKE\u3011Marathon to 1.600.000 Subs PART 2! In my PERFUME SWIMSUIT! #kfp #\u30ad\u30a2\u30e9\u30a4\u30d6"
  }
}

2025-06-29 21:55:48.562 +02:00 [INF] Récupération de l'URL du stream pour https://www.youtube.com/watch?v=1uGO5HAfgFE
2025-06-29 21:55:50.136 +02:00 [INF] IsMonitoring a changé: True
2025-06-29 21:55:50.136 +02:00 [INF] CanStopMonitoring est évalué. IsMonitoring: True
2025-06-29 21:55:50.136 +02:00 [INF] CanStartMonitoring après changement: False
2025-06-29 21:55:50.136 +02:00 [INF] CanStopMonitoring est évalué. IsMonitoring: True
2025-06-29 21:55:50.136 +02:00 [INF] CanStopMonitoring après changement: True
2025-06-29 21:55:50.139 +02:00 [INF] Démarrage de l'enregistrement pour Takanashi Kiara Ch. hololive-EN sur YouTube
2025-06-29 21:55:50.139 +02:00 [INF] URL du stream : https://manifest.googlevideo.com/api/manifest/hls_playlist/expire/1751248578/ei/YpphaNmbEr-lp-oPw-_HiQ8/ip/2a01:e0a:8f1:aac0:53b:a603:3714:1c77/id/1uGO5HAfgFE.1/itag/301/source/yt_live_broadcast/requiressl/yes/ratebypass/yes/live/1/sgoap/gir%3Dyes%3Bitag%3D140/sgovp/gir%3Dyes%3Bitag%3D299/rqh/1/hls_chunk_host/rr4---sn-25ge7nsk.googlevideo.com/xpc/EgVo2aDSNQ%3D%3D/bui/AY1jyLMQSGuncrdj4slgXzgQJzCmbQjelctVcOG1gjwpK1jcfgOuf6rfgKWNdEo2Hi2eB6WPm-76fT1u/spc/l3OVKXpBIR167PIPH0jOY6v-qUNhkC5ItpeTFQ_kgCaXLkjJOb1j82I-fghbac2x2kLj5bs2Sks/vprv/1/playlist_type/LIVE/initcwndbps/1758750/met/1751226978,/mh/RU/mm/44/mn/sn-25ge7nsk/ms/lva/mv/m/mvi/4/pl/45/rms/lva,lva/dover/11/pacing/0/keepalive/yes/fexp/51355912/mt/1751226521/sparams/expire,ei,ip,id,itag,source,requiressl,ratebypass,live,sgoap,sgovp,rqh,xpc,bui,spc,vprv,playlist_type/sig/AJfQdSswRQIgFmMGRxImuwU5thEPXTfVv3Z_NbBZ8-RdzfXRFGf2ss4CIQChe9D2JwjaeFg_Pwff9IhKDHziOQVVUHWrRPFXTjnB1A%3D%3D/lsparams/hls_chunk_host,initcwndbps,met,mh,mm,mn,ms,mv,mvi,pl,rms/lsig/APaTxxMwRQIhAPQ_nK0874RZvrkeNur9XAvy0W_CPnEOw8WUWwTpoFLQAiBNeFQTq7IhBILqIFg5kZ-GHkkLrPKUmP2wwk9YEmM5Zw%3D%3D/playlist/index.m3u8
2025-06-29 21:55:50.139 +02:00 [INF] Chemin de sortie : C:\Users\terre\Documents\Strivea\Recordings\YouTube\Takanashi Kiara Ch. hololive-EN\Temp\YouTube_Takanashi Kiara Ch. hololive-EN_20250629_215550\【UNARCHIVED KARAOKE】Marathon to 1.600.000 Subs PART 2! In my PERFUME SWIMSUIT! #kfp #キアライブ_20250629_215550.ts
2025-06-29 21:55:50.195 +02:00 [INF] Enregistrement démarré pour Takanashi Kiara Ch. hololive-EN sur YouTube
2025-06-29 21:56:00.131 +02:00 [INF] CanStopMonitoring est évalué. IsMonitoring: True
2025-06-29 21:56:00.133 +02:00 [INF] Arrêt de l'enregistrement pour Takanashi Kiara Ch. hololive-EN sur YouTube
2025-06-29 21:56:00.137 +02:00 [INF] Enregistrement terminé pour Takanashi Kiara Ch. hololive-EN sur YouTube
2025-06-29 21:56:00.137 +02:00 [INF] Durée : 00:00:09
2025-06-29 21:56:00.137 +02:00 [INF] Taille du fichier : 6 MB
2025-06-29 21:56:00.138 +02:00 [INF] [CONCAT] Début de la concaténation des segments vidéo...
2025-06-29 21:56:00.140 +02:00 [INF] [CONCAT] Fichiers .ts à concaténer (1) :
2025-06-29 21:56:00.141 +02:00 [INF] [CONCAT] - C:\Users\terre\Documents\Strivea\Recordings\YouTube\Takanashi Kiara Ch. hololive-EN\Temp\YouTube_Takanashi Kiara Ch. hololive-EN_20250629_215550\【UNARCHIVED KARAOKE】Marathon to 1.600.000 Subs PART 2! In my PERFUME SWIMSUIT! #kfp #キアライブ_20250629_215550.ts
2025-06-29 21:56:00.146 +02:00 [INF] CanStopMonitoring est évalué. IsMonitoring: True
2025-06-29 21:56:00.146 +02:00 [INF] [CONCAT] Début de la conversion en mp4...
2025-06-29 21:56:00.146 +02:00 [INF] Commande FFmpeg concat+reencode : ffmpeg -f concat -safe 0 -i "C:\Users\terre\Documents\Strivea\Recordings\YouTube\Takanashi Kiara Ch. hololive-EN\Temp\YouTube_Takanashi Kiara Ch. hololive-EN_20250629_215550\TempConcat\concat.txt" -c:v libx264 -c:a aac "C:\Users\terre\Documents\Strivea\Recordings\YouTube\Takanashi Kiara Ch. hololive-EN\Temp\YouTube_Takanashi Kiara Ch. hololive-EN_20250629_215550\TempConcat\output.mp4"
2025-06-29 21:56:05.283 +02:00 [ERR] FFmpeg stderr : ffmpeg version 7.1.1-essentials_build-www.gyan.dev Copyright (c) 2000-2025 the FFmpeg developers
  built with gcc 14.2.0 (Rev1, Built by MSYS2 project)
  configuration: --enable-gpl --enable-version3 --enable-static --disable-w32threads --disable-autodetect --enable-fontconfig --enable-iconv --enable-gnutls --enable-libxml2 --enable-gmp --enable-bzlib --enable-lzma --enable-zlib --enable-libsrt --enable-libssh --enable-libzmq --enable-avisynth --enable-sdl2 --enable-libwebp --enable-libx264 --enable-libx265 --enable-libxvid --enable-libaom --enable-libopenjpeg --enable-libvpx --enable-mediafoundation --enable-libass --enable-libfreetype --enable-libfribidi --enable-libharfbuzz --enable-libvidstab --enable-libvmaf --enable-libzimg --enable-amf --enable-cuda-llvm --enable-cuvid --enable-dxva2 --enable-d3d11va --enable-d3d12va --enable-ffnvcodec --enable-libvpl --enable-nvdec --enable-nvenc --enable-vaapi --enable-libgme --enable-libopenmpt --enable-libopencore-amrwb --enable-libmp3lame --enable-libtheora --enable-libvo-amrwbenc --enable-libgsm --enable-libopencore-amrnb --enable-libopus --enable-libspeex --enable-libvorbis --enable-librubberband
  libavutil      59. 39.100 / 59. 39.100
  libavcodec     61. 19.101 / 61. 19.101
  libavformat    61.  7.100 / 61.  7.100
  libavdevice    61.  3.100 / 61.  3.100
  libavfilter    10.  4.100 / 10.  4.100
  libswscale      8.  3.100 /  8.  3.100
  libswresample   5.  3.100 /  5.  3.100
  libpostproc    58.  3.100 / 58.  3.100
[mpegts @ 000001a4a8c40940] PES packet size mismatch
[mpegts @ 000001a4a8c40940] Packet corrupt (stream = 1, dts = 788038500).
Input #0, concat, from 'C:\Users\terre\Documents\Strivea\Recordings\YouTube\Takanashi Kiara Ch. hololive-EN\Temp\YouTube_Takanashi Kiara Ch. hololive-EN_20250629_215550\TempConcat\concat.txt':
  Duration: N/A, start: 0.000000, bitrate: 129 kb/s
  Stream #0:0: Audio: aac (LC) ([15][0][0][0] / 0x000F), 44100 Hz, stereo, fltp, 129 kb/s
  Stream #0:1: Video: h264 (Main) ([27][0][0][0] / 0x001B), yuv420p(tv, bt709, progressive), 1920x1080 [SAR 1:1 DAR 16:9], 60 fps, 60 tbr, 90k tbn
Stream mapping:
  Stream #0:1 -> #0:0 (h264 (native) -> h264 (libx264))
  Stream #0:0 -> #0:1 (aac (native) -> aac (native))
Press [q] to stop, [?] for help
[libx264 @ 000001a4a8fa0700] using SAR=1/1
[libx264 @ 000001a4a8fa0700] using cpu capabilities: MMX2 SSE2Fast SSSE3 SSE4.2 AVX FMA3 BMI2 AVX2 AVX512
[libx264 @ 000001a4a8fa0700] profile High, level 4.2, 4:2:0, 8-bit
[libx264 @ 000001a4a8fa0700] 264 - core 164 r3204 373697b - H.264/MPEG-4 AVC codec - Copyleft 2003-2025 - http://www.videolan.org/x264.html - options: cabac=1 ref=3 deblock=1:0:0 analyse=0x3:0x113 me=hex subme=7 psy=1 psy_rd=1.00:0.00 mixed_ref=1 me_range=16 chroma_me=1 trellis=1 8x8dct=1 cqm=0 deadzone=21,11 fast_pskip=1 chroma_qp_offset=-2 threads=24 lookahead_threads=4 sliced_threads=0 nr=0 decimate=1 interlaced=0 bluray_compat=0 constrained_intra=0 bframes=3 b_pyramid=2 b_adapt=1 b_bias=0 direct=1 weightb=1 open_gop=0 weightp=2 keyint=250 keyint_min=25 scenecut=40 intra_refresh=0 rc_lookahead=40 rc=crf mbtree=1 crf=23.0 qcomp=0.60 qpmin=0 qpmax=69 qpstep=4 ip_ratio=1.40 aq=1:1.00
Output #0, mp4, to 'C:\Users\terre\Documents\Strivea\Recordings\YouTube\Takanashi Kiara Ch. hololive-EN\Temp\YouTube_Takanashi Kiara Ch. hololive-EN_20250629_215550\TempConcat\output.mp4':
  Metadata:
    encoder         : Lavf61.7.100
  Stream #0:0: Video: h264 (avc1 / 0x31637661), yuv420p(tv, bt709, progressive), 1920x1080 [SAR 1:1 DAR 16:9], q=2-31, 60 fps, 15360 tbn
      Metadata:
        encoder         : Lavc61.19.101 libx264
      Side data:
        cpb: bitrate max/min/avg: 0/0/0 buffer size: 0 vbv_delay: N/A
  Stream #0:1: Audio: aac (LC) (mp4a / 0x6134706D), 44100 Hz, stereo, fltp, 128 kb/s
      Metadata:
        encoder         : Lavc61.19.101 aac
frame=   18 fps=0.0 q=31.0 size=       0KiB time=00:00:00.26 bitrate=   1.4kbits/s speed=0.514x    
frame=   88 fps= 84 q=31.0 size=     768KiB time=00:00:01.43 bitrate=4389.7kbits/s speed=1.37x    
frame=  164 fps=104 q=31.0 size=    1280KiB time=00:00:02.70 bitrate=3883.8kbits/s speed=1.72x    
frame=  232 fps=111 q=31.0 size=    2048KiB time=00:00:03.83 bitrate=4376.8kbits/s speed=1.84x    
frame=  298 fps=115 q=31.0 size=    2560KiB time=00:00:04.93 bitrate=4251.1kbits/s speed= 1.9x    
frame=  356 fps=114 q=31.0 size=    3072KiB time=00:00:05.90 bitrate=4265.5kbits/s speed=1.89x    
frame=  433 fps=120 q=31.0 size=    3584KiB time=00:00:07.18 bitrate=4087.3kbits/s speed=1.98x    
frame=  513 fps=124 q=31.0 size=    4352KiB time=00:00:08.51 bitrate=4186.1kbits/s speed=2.06x    
[mpegts @ 000001a4a8c40940] PES packet size mismatch
[mpegts @ 000001a4a8c40940] Packet corrupt (stream = 1, dts = 788038500).
[concat @ 000001a4a8c3f400] Packet corrupt (stream = 1, dts = 987000).
[in#0/concat @ 000001a4a8c42e40] corrupt input packet in stream 1
[h264 @ 000001a4a995be80] error while decoding MB 98 11, bytestream -25
[h264 @ 000001a4a995be80] concealing 6791 DC, 6791 AC, 6791 MV errors in P frame
[vist#0:1/h264 @ 000001a4a8ee1400] [dec:h264 @ 000001a4a9059b00] corrupt decoded frame
frame=  607 fps=130 q=31.0 size=    5120KiB time=N/A bitrate=N/A speed=N/A    
[out#0/mp4 @ 000001a4a8ee16c0] video:5642KiB audio:172KiB subtitle:0KiB other streams:0KiB global headers:0KiB muxing overhead: 0.327409%
frame=  660 fps=136 q=-1.0 Lsize=    5833KiB time=00:00:10.96 bitrate=4357.1kbits/s speed=2.26x    
[libx264 @ 000001a4a8fa0700] frame I:3     Avg QP:20.73  size:104913
[libx264 @ 000001a4a8fa0700] frame P:170   Avg QP:23.78  size: 20659
[libx264 @ 000001a4a8fa0700] frame B:487   Avg QP:29.66  size:  4003
[libx264 @ 000001a4a8fa0700] consecutive B-frames:  1.1%  0.9%  2.3% 95.8%
[libx264 @ 000001a4a8fa0700] mb I  I16..4: 23.3% 52.1% 24.6%
[libx264 @ 000001a4a8fa0700] mb P  I16..4:  2.8%  3.7%  0.9%  P16..4: 35.2%  7.4%  3.5%  0.0%  0.0%    skip:46.4%
[libx264 @ 000001a4a8fa0700] mb B  I16..4:  0.1%  0.1%  0.0%  B16..8: 29.7%  1.4%  0.2%  direct: 0.2%  skip:68.2%  L0:51.0% L1:47.5% BI: 1.5%
[libx264 @ 000001a4a8fa0700] 8x8 transform intra:49.8% inter:73.5%
[libx264 @ 000001a4a8fa0700] coded y,uvDC,uvAC intra: 24.0% 52.2% 20.6% inter: 3.0% 5.5% 0.4%
[libx264 @ 000001a4a8fa0700] i16 v,h,dc,p: 26% 38% 11% 24%
[libx264 @ 000001a4a8fa0700] i8 v,h,dc,ddl,ddr,vr,hd,vl,hu: 21% 21% 45%  2%  2%  3%  2%  2%  2%
[libx264 @ 000001a4a8fa0700] i4 v,h,dc,ddl,ddr,vr,hd,vl,hu: 29% 23% 20%  5%  5%  6%  5%  4%  4%
[libx264 @ 000001a4a8fa0700] i8c dc,h,v,p: 46% 28% 19%  7%
[libx264 @ 000001a4a8fa0700] Weighted P-Frames: Y:0.0% UV:0.0%
[libx264 @ 000001a4a8fa0700] ref P L0: 66.0%  9.5% 19.6%  4.9%
[libx264 @ 000001a4a8fa0700] ref B L0: 92.3%  6.6%  1.1%
[libx264 @ 000001a4a8fa0700] ref B L1: 96.7%  3.3%
[libx264 @ 000001a4a8fa0700] kb/s:4201.04
[aac @ 000001a4a8cdca00] Qavg: 658.741

2025-06-29 21:56:05.289 +02:00 [INF] FFmpeg terminé avec code 0
2025-06-29 21:56:05.289 +02:00 [INF] FFmpeg concat+reencode result: 
[stderr]
ffmpeg version 7.1.1-essentials_build-www.gyan.dev Copyright (c) 2000-2025 the FFmpeg developers
  built with gcc 14.2.0 (Rev1, Built by MSYS2 project)
  configuration: --enable-gpl --enable-version3 --enable-static --disable-w32threads --disable-autodetect --enable-fontconfig --enable-iconv --enable-gnutls --enable-libxml2 --enable-gmp --enable-bzlib --enable-lzma --enable-zlib --enable-libsrt --enable-libssh --enable-libzmq --enable-avisynth --enable-sdl2 --enable-libwebp --enable-libx264 --enable-libx265 --enable-libxvid --enable-libaom --enable-libopenjpeg --enable-libvpx --enable-mediafoundation --enable-libass --enable-libfreetype --enable-libfribidi --enable-libharfbuzz --enable-libvidstab --enable-libvmaf --enable-libzimg --enable-amf --enable-cuda-llvm --enable-cuvid --enable-dxva2 --enable-d3d11va --enable-d3d12va --enable-ffnvcodec --enable-libvpl --enable-nvdec --enable-nvenc --enable-vaapi --enable-libgme --enable-libopenmpt --enable-libopencore-amrwb --enable-libmp3lame --enable-libtheora --enable-libvo-amrwbenc --enable-libgsm --enable-libopencore-amrnb --enable-libopus --enable-libspeex --enable-libvorbis --enable-librubberband
  libavutil      59. 39.100 / 59. 39.100
  libavcodec     61. 19.101 / 61. 19.101
  libavformat    61.  7.100 / 61.  7.100
  libavdevice    61.  3.100 / 61.  3.100
  libavfilter    10.  4.100 / 10.  4.100
  libswscale      8.  3.100 /  8.  3.100
  libswresample   5.  3.100 /  5.  3.100
  libpostproc    58.  3.100 / 58.  3.100
[mpegts @ 000001a4a8c40940] PES packet size mismatch
[mpegts @ 000001a4a8c40940] Packet corrupt (stream = 1, dts = 788038500).
Input #0, concat, from 'C:\Users\terre\Documents\Strivea\Recordings\YouTube\Takanashi Kiara Ch. hololive-EN\Temp\YouTube_Takanashi Kiara Ch. hololive-EN_20250629_215550\TempConcat\concat.txt':
  Duration: N/A, start: 0.000000, bitrate: 129 kb/s
  Stream #0:0: Audio: aac (LC) ([15][0][0][0] / 0x000F), 44100 Hz, stereo, fltp, 129 kb/s
  Stream #0:1: Video: h264 (Main) ([27][0][0][0] / 0x001B), yuv420p(tv, bt709, progressive), 1920x1080 [SAR 1:1 DAR 16:9], 60 fps, 60 tbr, 90k tbn
Stream mapping:
  Stream #0:1 -> #0:0 (h264 (native) -> h264 (libx264))
  Stream #0:0 -> #0:1 (aac (native) -> aac (native))
Press [q] to stop, [?] for help
[libx264 @ 000001a4a8fa0700] using SAR=1/1
[libx264 @ 000001a4a8fa0700] using cpu capabilities: MMX2 SSE2Fast SSSE3 SSE4.2 AVX FMA3 BMI2 AVX2 AVX512
[libx264 @ 000001a4a8fa0700] profile High, level 4.2, 4:2:0, 8-bit
[libx264 @ 000001a4a8fa0700] 264 - core 164 r3204 373697b - H.264/MPEG-4 AVC codec - Copyleft 2003-2025 - http://www.videolan.org/x264.html - options: cabac=1 ref=3 deblock=1:0:0 analyse=0x3:0x113 me=hex subme=7 psy=1 psy_rd=1.00:0.00 mixed_ref=1 me_range=16 chroma_me=1 trellis=1 8x8dct=1 cqm=0 deadzone=21,11 fast_pskip=1 chroma_qp_offset=-2 threads=24 lookahead_threads=4 sliced_threads=0 nr=0 decimate=1 interlaced=0 bluray_compat=0 constrained_intra=0 bframes=3 b_pyramid=2 b_adapt=1 b_bias=0 direct=1 weightb=1 open_gop=0 weightp=2 keyint=250 keyint_min=25 scenecut=40 intra_refresh=0 rc_lookahead=40 rc=crf mbtree=1 crf=23.0 qcomp=0.60 qpmin=0 qpmax=69 qpstep=4 ip_ratio=1.40 aq=1:1.00
Output #0, mp4, to 'C:\Users\terre\Documents\Strivea\Recordings\YouTube\Takanashi Kiara Ch. hololive-EN\Temp\YouTube_Takanashi Kiara Ch. hololive-EN_20250629_215550\TempConcat\output.mp4':
  Metadata:
    encoder         : Lavf61.7.100
  Stream #0:0: Video: h264 (avc1 / 0x31637661), yuv420p(tv, bt709, progressive), 1920x1080 [SAR 1:1 DAR 16:9], q=2-31, 60 fps, 15360 tbn
      Metadata:
        encoder         : Lavc61.19.101 libx264
      Side data:
        cpb: bitrate max/min/avg: 0/0/0 buffer size: 0 vbv_delay: N/A
  Stream #0:1: Audio: aac (LC) (mp4a / 0x6134706D), 44100 Hz, stereo, fltp, 128 kb/s
      Metadata:
        encoder         : Lavc61.19.101 aac
frame=   18 fps=0.0 q=31.0 size=       0KiB time=00:00:00.26 bitrate=   1.4kbits/s speed=0.514x    
frame=   88 fps= 84 q=31.0 size=     768KiB time=00:00:01.43 bitrate=4389.7kbits/s speed=1.37x    
frame=  164 fps=104 q=31.0 size=    1280KiB time=00:00:02.70 bitrate=3883.8kbits/s speed=1.72x    
frame=  232 fps=111 q=31.0 size=    2048KiB time=00:00:03.83 bitrate=4376.8kbits/s speed=1.84x    
frame=  298 fps=115 q=31.0 size=    2560KiB time=00:00:04.93 bitrate=4251.1kbits/s speed= 1.9x    
frame=  356 fps=114 q=31.0 size=    3072KiB time=00:00:05.90 bitrate=4265.5kbits/s speed=1.89x    
frame=  433 fps=120 q=31.0 size=    3584KiB time=00:00:07.18 bitrate=4087.3kbits/s speed=1.98x    
frame=  513 fps=124 q=31.0 size=    4352KiB time=00:00:08.51 bitrate=4186.1kbits/s speed=2.06x    
[mpegts @ 000001a4a8c40940] PES packet size mismatch
[mpegts @ 000001a4a8c40940] Packet corrupt (stream = 1, dts = 788038500).
[concat @ 000001a4a8c3f400] Packet corrupt (stream = 1, dts = 987000).
[in#0/concat @ 000001a4a8c42e40] corrupt input packet in stream 1
[h264 @ 000001a4a995be80] error while decoding MB 98 11, bytestream -25
[h264 @ 000001a4a995be80] concealing 6791 DC, 6791 AC, 6791 MV errors in P frame
[vist#0:1/h264 @ 000001a4a8ee1400] [dec:h264 @ 000001a4a9059b00] corrupt decoded frame
frame=  607 fps=130 q=31.0 size=    5120KiB time=N/A bitrate=N/A speed=N/A    
[out#0/mp4 @ 000001a4a8ee16c0] video:5642KiB audio:172KiB subtitle:0KiB other streams:0KiB global headers:0KiB muxing overhead: 0.327409%
frame=  660 fps=136 q=-1.0 Lsize=    5833KiB time=00:00:10.96 bitrate=4357.1kbits/s speed=2.26x    
[libx264 @ 000001a4a8fa0700] frame I:3     Avg QP:20.73  size:104913
[libx264 @ 000001a4a8fa0700] frame P:170   Avg QP:23.78  size: 20659
[libx264 @ 000001a4a8fa0700] frame B:487   Avg QP:29.66  size:  4003
[libx264 @ 000001a4a8fa0700] consecutive B-frames:  1.1%  0.9%  2.3% 95.8%
[libx264 @ 000001a4a8fa0700] mb I  I16..4: 23.3% 52.1% 24.6%
[libx264 @ 000001a4a8fa0700] mb P  I16..4:  2.8%  3.7%  0.9%  P16..4: 35.2%  7.4%  3.5%  0.0%  0.0%    skip:46.4%
[libx264 @ 000001a4a8fa0700] mb B  I16..4:  0.1%  0.1%  0.0%  B16..8: 29.7%  1.4%  0.2%  direct: 0.2%  skip:68.2%  L0:51.0% L1:47.5% BI: 1.5%
[libx264 @ 000001a4a8fa0700] 8x8 transform intra:49.8% inter:73.5%
[libx264 @ 000001a4a8fa0700] coded y,uvDC,uvAC intra: 24.0% 52.2% 20.6% inter: 3.0% 5.5% 0.4%
[libx264 @ 000001a4a8fa0700] i16 v,h,dc,p: 26% 38% 11% 24%
[libx264 @ 000001a4a8fa0700] i8 v,h,dc,ddl,ddr,vr,hd,vl,hu: 21% 21% 45%  2%  2%  3%  2%  2%  2%
[libx264 @ 000001a4a8fa0700] i4 v,h,dc,ddl,ddr,vr,hd,vl,hu: 29% 23% 20%  5%  5%  6%  5%  4%  4%
[libx264 @ 000001a4a8fa0700] i8c dc,h,v,p: 46% 28% 19%  7%
[libx264 @ 000001a4a8fa0700] Weighted P-Frames: Y:0.0% UV:0.0%
[libx264 @ 000001a4a8fa0700] ref P L0: 66.0%  9.5% 19.6%  4.9%
[libx264 @ 000001a4a8fa0700] ref B L0: 92.3%  6.6%  1.1%
[libx264 @ 000001a4a8fa0700] ref B L1: 96.7%  3.3%
[libx264 @ 000001a4a8fa0700] kb/s:4201.04
[aac @ 000001a4a8cdca00] Qavg: 658.741

2025-06-29 21:56:05.290 +02:00 [INF] [CONCAT] Déplacement du fichier final vers : C:\Users\terre\Documents\Strivea\Recordings\YouTube\Takanashi Kiara Ch. hololive-EN\Temp\【UNARCHIVED KARAOKE】Marathon to 1.600.000 Subs PART 2! In my PERFUME SWIMSUIT! #kfp #キアライブ.mp4
2025-06-29 21:56:05.291 +02:00 [INF] [CONCAT] Fichier final déplacé vers : C:\Users\terre\Documents\Strivea\Recordings\YouTube\Takanashi Kiara Ch. hololive-EN\Temp\【UNARCHIVED KARAOKE】Marathon to 1.600.000 Subs PART 2! In my PERFUME SWIMSUIT! #kfp #キアライブ.mp4
2025-06-29 21:56:05.291 +02:00 [INF] [CONCAT] Concaténation et conversion terminées avec succès.
2025-06-29 21:56:05.292 +02:00 [INF] CanStopMonitoring est évalué. IsMonitoring: True
2025-06-29 21:56:05.294 +02:00 [INF] IsMonitoring a changé: False
2025-06-29 21:56:05.295 +02:00 [INF] CanStopMonitoring est évalué. IsMonitoring: False
2025-06-29 21:56:05.295 +02:00 [INF] CanStartMonitoring après changement: True
2025-06-29 21:56:05.295 +02:00 [INF] CanStopMonitoring est évalué. IsMonitoring: False
2025-06-29 21:56:05.295 +02:00 [INF] CanStopMonitoring après changement: False
2025-06-29 21:56:05.295 +02:00 [INF] [DEBUG] IsMonitoring forcé à False dans finally StopMonitoringAsync
2025-06-29 21:56:05.295 +02:00 [INF] CanStopMonitoring est évalué. IsMonitoring: False
2025-06-29 21:56:15.317 +02:00 [INF] Début de la récupération des informations du stream YouTube pour : https://www.youtube.com/@TakanashiKiara
2025-06-29 21:56:15.976 +02:00 [INF] Streamlink trouvé à : C:\Program Files\Streamlink\bin\streamlink.exe
2025-06-29 21:56:15.976 +02:00 [INF] Exécution de streamlink avec les arguments : -j https://www.youtube.com/@TakanashiKiara best
2025-06-29 21:56:15.979 +02:00 [INF] Processus streamlink démarré
2025-06-29 21:56:18.315 +02:00 [INF] Processus streamlink terminé avec le code : 0
2025-06-29 21:56:18.315 +02:00 [INF] Sortie Streamlink (JSON) : {
  "type": "hls",
  "url": "https://manifest.googlevideo.com/api/manifest/hls_playlist/expire/1751248606/ei/fpphaJmQE6mn6dsPheyqmAw/ip/2a01:e0a:8f1:aac0:53b:a603:3714:1c77/id/1uGO5HAfgFE.1/itag/301/source/yt_live_broadcast/requiressl/yes/ratebypass/yes/live/1/sgoap/gir%3Dyes%3Bitag%3D140/sgovp/gir%3Dyes%3Bitag%3D299/rqh/1/hls_chunk_host/rr4---sn-25ge7nsk.googlevideo.com/xpc/EgVo2aDSNQ%3D%3D/bui/AY1jyLN0HtltX_4M-re2fFh3Ed7L8qF0zYX6pWqLMbIgXD8IKz-CUo0PNcO2WkIObk9vBi-JjfnSmqn1/spc/l3OVKRt5YWxK9HgYsYAJCmR0m5k0mzBsc_NGb5mDFQLWlC_ywFR2Vgv9YUca8rHCcw4/vprv/1/playlist_type/LIVE/initcwndbps/2092500/met/1751227007,/mh/RU/mm/44/mn/sn-25ge7nsk/ms/lva/mv/m/mvi/4/pl/45/rms/lva,lva/dover/11/pacing/0/keepalive/yes/fexp/51355912/mt/1751226521/sparams/expire,ei,ip,id,itag,source,requiressl,ratebypass,live,sgoap,sgovp,rqh,xpc,bui,spc,vprv,playlist_type/sig/AJfQdSswRgIhAJbiOgl64cuWf1KXv3NuGmSSSC1W6THOZGVvJ_TB4sN4AiEA4yE6iQT8A0WFcJG79lpiXQPYjncvLF-HWaQijabIodg%3D/lsparams/hls_chunk_host,initcwndbps,met,mh,mm,mn,ms,mv,mvi,pl,rms/lsig/APaTxxMwRQIgB3CVVsoUuL0TsdS1fLpzAyfKeK5S6SzaTxmnhuIo9BcCIQDbLK4-Yp6U0MicWKP667aqarshidJPiIxPeYdvtGEFcQ%3D%3D/playlist/index.m3u8",
  "headers": {
    "User-Agent": "Mozilla/5.0 (Windows NT 10.0; Win64; x64) AppleWebKit/537.36 (KHTML, like Gecko) Chrome/134.0.0.0 Safari/537.36",
    "Accept-Encoding": "gzip, deflate, br, zstd",
    "Accept": "*/*",
    "Connection": "keep-alive"
  },
  "master": "https://manifest.googlevideo.com/api/manifest/hls_variant/expire/1751248606/ei/fpphaJmQE6mn6dsPheyqmAw/ip/2a01%3Ae0a%3A8f1%3Aaac0%3A53b%3Aa603%3A3714%3A1c77/id/1uGO5HAfgFE.1/source/yt_live_broadcast/requiressl/yes/xpc/EgVo2aDSNQ%3D%3D/hfr/1/maudio/1/bui/AY1jyLN0HtltX_4M-re2fFh3Ed7L8qF0zYX6pWqLMbIgXD8IKz-CUo0PNcO2WkIObk9vBi-JjfnSmqn1/spc/l3OVKRt5YWxK9HgYsYAJCmR0m5k0mzBsc_NGb5mDFQLWlC_ywFR2Vgv9YUca8rHCcw4/vprv/1/go/1/rqh/5/pacing/0/nvgoi/1/ncsapi/1/keepalive/yes/fexp/51355912/dover/11/itag/0/playlist_type/LIVE/sparams/expire%2Cei%2Cip%2Cid%2Csource%2Crequiressl%2Cxpc%2Chfr%2Cmaudio%2Cbui%2Cspc%2Cvprv%2Cgo%2Crqh%2Citag%2Cplaylist_type/sig/AJfQdSswRQIgDGvipb5gjNoM_su3BSWEAX5PKypAEJjiJesE6lBNXOcCIQDBtz1lJUxCvlxh_ueoH92_OrB1dhyoUbzi2EnkYIiKlQ%3D%3D/file/index.m3u8",
  "metadata": {
    "id": "1uGO5HAfgFE",
    "author": "Takanashi Kiara Ch. hololive-EN",
    "category": "Music",
    "title": "\u3010UNARCHIVED KARAOKE\u3011Marathon to 1.600.000 Subs PART 2! In my PERFUME SWIMSUIT! #kfp #\u30ad\u30a2\u30e9\u30a4\u30d6"
  }
}

2025-06-29 21:56:18.320 +02:00 [INF] Récupération de l'URL du stream pour https://www.youtube.com/@TakanashiKiara
2025-06-29 21:56:20.412 +02:00 [INF] IsMonitoring a changé: True
2025-06-29 21:56:20.412 +02:00 [INF] CanStopMonitoring est évalué. IsMonitoring: True
2025-06-29 21:56:20.412 +02:00 [INF] CanStartMonitoring après changement: False
2025-06-29 21:56:20.412 +02:00 [INF] CanStopMonitoring est évalué. IsMonitoring: True
2025-06-29 21:56:20.412 +02:00 [INF] CanStopMonitoring après changement: True
2025-06-29 21:56:20.413 +02:00 [INF] Démarrage de l'enregistrement pour TakanashiKiara sur YouTube
2025-06-29 21:56:20.413 +02:00 [INF] URL du stream : https://manifest.googlevideo.com/api/manifest/hls_playlist/expire/1751248608/ei/gJphaNiDHI-16dsPmqnqgQ0/ip/2a01:e0a:8f1:aac0:53b:a603:3714:1c77/id/1uGO5HAfgFE.1/itag/301/source/yt_live_broadcast/requiressl/yes/ratebypass/yes/live/1/sgoap/gir%3Dyes%3Bitag%3D140/sgovp/gir%3Dyes%3Bitag%3D299/rqh/1/hls_chunk_host/rr4---sn-25glenlz.googlevideo.com/xpc/EgVo2aDSNQ%3D%3D/bui/AY1jyLMT_IjunatjmnSAmDb9oHHbls3j6Jmmfk1Kjk000v6jygmPmvWKZxBv-tcRzX9T8Y1e2MBrUcXj/spc/l3OVKZ_MFFPedUlfaIn8uS2mmG6iCb10VIykRITxE31bK5qvd_DwsWwFEgBDraewTyk/vprv/1/playlist_type/LIVE/initcwndbps/1955000/met/1751227009,/mh/RU/mm/44/mn/sn-25glenlz/ms/lva/mv/m/mvi/4/pl/45/rms/lva,lva/dover/11/pacing/0/keepalive/yes/fexp/51355912/mt/1751226521/sparams/expire,ei,ip,id,itag,source,requiressl,ratebypass,live,sgoap,sgovp,rqh,xpc,bui,spc,vprv,playlist_type/sig/AJfQdSswRQIhANXkGuDIxpql1klVxSg8k_lhnVwC1FnqBrkaT5EAqdVkAiBLlEH8MI0XuChuupmOPgxAgfCl53a7hWxcVoF0JciD_g%3D%3D/lsparams/hls_chunk_host,initcwndbps,met,mh,mm,mn,ms,mv,mvi,pl,rms/lsig/APaTxxMwRgIhAJy3LrdARMcwUfGsyzfFgEGL6KVnrcLBKWVaPR07XmrUAiEAksNCRYxvcI9t_mtpgu0cOkxz5YYhWJGpHJ5XGT86JLc%3D/playlist/index.m3u8
2025-06-29 21:56:20.413 +02:00 [INF] Chemin de sortie : C:\Users\terre\Documents\Strivea\Recordings\YouTube\TakanashiKiara\Temp\YouTube_Takanashi Kiara Ch. hololive-EN_20250629_215620\【UNARCHIVED KARAOKE】Marathon to 1.600.000 Subs PART 2! In my PERFUME SWIMSUIT! #kfp #キアライブ_20250629_215620.ts
2025-06-29 21:56:20.459 +02:00 [INF] Enregistrement démarré pour TakanashiKiara sur YouTube
2025-06-29 21:56:30.229 +02:00 [INF] CanStopMonitoring est évalué. IsMonitoring: True
2025-06-29 21:56:30.229 +02:00 [INF] Arrêt de l'enregistrement pour TakanashiKiara sur YouTube
2025-06-29 21:56:30.230 +02:00 [INF] Enregistrement terminé pour TakanashiKiara sur YouTube
2025-06-29 21:56:30.230 +02:00 [INF] Durée : 00:00:09
2025-06-29 21:56:30.230 +02:00 [INF] Taille du fichier : 6 MB
2025-06-29 21:56:30.230 +02:00 [INF] [CONCAT] Début de la concaténation des segments vidéo...
2025-06-29 21:56:30.231 +02:00 [INF] [CONCAT] Fichiers .ts à concaténer (1) :
2025-06-29 21:56:30.231 +02:00 [INF] [CONCAT] - C:\Users\terre\Documents\Strivea\Recordings\YouTube\TakanashiKiara\Temp\YouTube_Takanashi Kiara Ch. hololive-EN_20250629_215620\【UNARCHIVED KARAOKE】Marathon to 1.600.000 Subs PART 2! In my PERFUME SWIMSUIT! #kfp #キアライブ_20250629_215620.ts
2025-06-29 21:56:30.233 +02:00 [INF] CanStopMonitoring est évalué. IsMonitoring: True
2025-06-29 21:56:30.234 +02:00 [INF] [CONCAT] Début de la conversion en mp4...
2025-06-29 21:56:30.234 +02:00 [INF] Commande FFmpeg concat+reencode : ffmpeg -f concat -safe 0 -i "C:\Users\terre\Documents\Strivea\Recordings\YouTube\TakanashiKiara\Temp\YouTube_Takanashi Kiara Ch. hololive-EN_20250629_215620\TempConcat\concat.txt" -c:v libx264 -c:a aac "C:\Users\terre\Documents\Strivea\Recordings\YouTube\TakanashiKiara\Temp\YouTube_Takanashi Kiara Ch. hololive-EN_20250629_215620\TempConcat\output.mp4"
2025-06-29 21:56:34.325 +02:00 [ERR] FFmpeg stderr : ffmpeg version 7.1.1-essentials_build-www.gyan.dev Copyright (c) 2000-2025 the FFmpeg developers
  built with gcc 14.2.0 (Rev1, Built by MSYS2 project)
  configuration: --enable-gpl --enable-version3 --enable-static --disable-w32threads --disable-autodetect --enable-fontconfig --enable-iconv --enable-gnutls --enable-libxml2 --enable-gmp --enable-bzlib --enable-lzma --enable-zlib --enable-libsrt --enable-libssh --enable-libzmq --enable-avisynth --enable-sdl2 --enable-libwebp --enable-libx264 --enable-libx265 --enable-libxvid --enable-libaom --enable-libopenjpeg --enable-libvpx --enable-mediafoundation --enable-libass --enable-libfreetype --enable-libfribidi --enable-libharfbuzz --enable-libvidstab --enable-libvmaf --enable-libzimg --enable-amf --enable-cuda-llvm --enable-cuvid --enable-dxva2 --enable-d3d11va --enable-d3d12va --enable-ffnvcodec --enable-libvpl --enable-nvdec --enable-nvenc --enable-vaapi --enable-libgme --enable-libopenmpt --enable-libopencore-amrwb --enable-libmp3lame --enable-libtheora --enable-libvo-amrwbenc --enable-libgsm --enable-libopencore-amrnb --enable-libopus --enable-libspeex --enable-libvorbis --enable-librubberband
  libavutil      59. 39.100 / 59. 39.100
  libavcodec     61. 19.101 / 61. 19.101
  libavformat    61.  7.100 / 61.  7.100
  libavdevice    61.  3.100 / 61.  3.100
  libavfilter    10.  4.100 / 10.  4.100
  libswscale      8.  3.100 /  8.  3.100
  libswresample   5.  3.100 /  5.  3.100
  libpostproc    58.  3.100 / 58.  3.100
Input #0, concat, from 'C:\Users\terre\Documents\Strivea\Recordings\YouTube\TakanashiKiara\Temp\YouTube_Takanashi Kiara Ch. hololive-EN_20250629_215620\TempConcat\concat.txt':
  Duration: N/A, start: 0.000000, bitrate: 128 kb/s
  Stream #0:0: Audio: aac (LC) ([15][0][0][0] / 0x000F), 44100 Hz, stereo, fltp, 128 kb/s
  Stream #0:1: Video: h264 (Main) ([27][0][0][0] / 0x001B), yuv420p(tv, bt709, progressive), 1920x1080 [SAR 1:1 DAR 16:9], 60 fps, 60 tbr, 90k tbn
Stream mapping:
  Stream #0:1 -> #0:0 (h264 (native) -> h264 (libx264))
  Stream #0:0 -> #0:1 (aac (native) -> aac (native))
Press [q] to stop, [?] for help
[libx264 @ 0000018d6c733440] using SAR=1/1
[libx264 @ 0000018d6c733440] using cpu capabilities: MMX2 SSE2Fast SSSE3 SSE4.2 AVX FMA3 BMI2 AVX2 AVX512
[libx264 @ 0000018d6c733440] profile High, level 4.2, 4:2:0, 8-bit
[libx264 @ 0000018d6c733440] 264 - core 164 r3204 373697b - H.264/MPEG-4 AVC codec - Copyleft 2003-2025 - http://www.videolan.org/x264.html - options: cabac=1 ref=3 deblock=1:0:0 analyse=0x3:0x113 me=hex subme=7 psy=1 psy_rd=1.00:0.00 mixed_ref=1 me_range=16 chroma_me=1 trellis=1 8x8dct=1 cqm=0 deadzone=21,11 fast_pskip=1 chroma_qp_offset=-2 threads=24 lookahead_threads=4 sliced_threads=0 nr=0 decimate=1 interlaced=0 bluray_compat=0 constrained_intra=0 bframes=3 b_pyramid=2 b_adapt=1 b_bias=0 direct=1 weightb=1 open_gop=0 weightp=2 keyint=250 keyint_min=25 scenecut=40 intra_refresh=0 rc_lookahead=40 rc=crf mbtree=1 crf=23.0 qcomp=0.60 qpmin=0 qpmax=69 qpstep=4 ip_ratio=1.40 aq=1:1.00
Output #0, mp4, to 'C:\Users\terre\Documents\Strivea\Recordings\YouTube\TakanashiKiara\Temp\YouTube_Takanashi Kiara Ch. hololive-EN_20250629_215620\TempConcat\output.mp4':
  Metadata:
    encoder         : Lavf61.7.100
  Stream #0:0: Video: h264 (avc1 / 0x31637661), yuv420p(tv, bt709, progressive), 1920x1080 [SAR 1:1 DAR 16:9], q=2-31, 60 fps, 15360 tbn
      Metadata:
        encoder         : Lavc61.19.101 libx264
      Side data:
        cpb: bitrate max/min/avg: 0/0/0 buffer size: 0 vbv_delay: N/A
  Stream #0:1: Audio: aac (LC) (mp4a / 0x6134706D), 44100 Hz, stereo, fltp, 128 kb/s
      Metadata:
        encoder         : Lavc61.19.101 aac
frame=   46 fps=0.0 q=31.0 size=     256KiB time=00:00:00.73 bitrate=2860.3kbits/s speed=1.43x    
frame=  138 fps=135 q=31.0 size=    1024KiB time=00:00:02.26 bitrate=3701.0kbits/s speed=2.22x    
frame=  227 fps=148 q=31.0 size=    1536KiB time=00:00:03.75 bitrate=3355.5kbits/s speed=2.44x    
frame=  320 fps=155 q=31.0 size=    2560KiB time=00:00:05.30 bitrate=3957.0kbits/s speed=2.57x    
frame=  410 fps=160 q=31.0 size=    3072KiB time=00:00:06.80 bitrate=3700.9kbits/s speed=2.65x    
frame=  491 fps=159 q=31.0 size=    3840KiB time=00:00:08.15 bitrate=3859.8kbits/s speed=2.64x    
frame=  581 fps=161 q=31.0 size=    4864KiB time=00:00:09.65 bitrate=4129.1kbits/s speed=2.67x    
[out#0/mp4 @ 0000018d6baa26c0] video:5434KiB audio:172KiB subtitle:0KiB other streams:0KiB global headers:0KiB muxing overhead: 0.338901%
frame=  660 fps=168 q=-1.0 Lsize=    5625KiB time=00:00:10.96 bitrate=4202.1kbits/s speed= 2.8x    
[libx264 @ 0000018d6c733440] frame I:3     Avg QP:20.54  size:104686
[libx264 @ 0000018d6c733440] frame P:173   Avg QP:23.86  size: 20398
[libx264 @ 0000018d6c733440] frame B:484   Avg QP:29.51  size:  3556
[libx264 @ 0000018d6c733440] consecutive B-frames:  1.4%  1.8%  2.3% 94.5%
[libx264 @ 0000018d6c733440] mb I  I16..4: 27.6% 48.2% 24.2%
[libx264 @ 0000018d6c733440] mb P  I16..4:  3.1%  3.2%  1.0%  P16..4: 34.9%  7.0%  3.5%  0.0%  0.0%    skip:47.3%
[libx264 @ 0000018d6c733440] mb B  I16..4:  0.1%  0.1%  0.0%  B16..8: 29.1%  1.2%  0.1%  direct: 0.2%  skip:69.2%  L0:50.8% L1:47.7% BI: 1.4%
[libx264 @ 0000018d6c733440] 8x8 transform intra:45.1% inter:72.3%
[libx264 @ 0000018d6c733440] coded y,uvDC,uvAC intra: 23.3% 51.0% 20.6% inter: 2.8% 5.2% 0.4%
[libx264 @ 0000018d6c733440] i16 v,h,dc,p: 24% 40% 12% 24%
[libx264 @ 0000018d6c733440] i8 v,h,dc,ddl,ddr,vr,hd,vl,hu: 21% 22% 46%  2%  2%  2%  2%  2%  2%
[libx264 @ 0000018d6c733440] i4 v,h,dc,ddl,ddr,vr,hd,vl,hu: 28% 25% 19%  4%  5%  5%  6%  4%  4%
[libx264 @ 0000018d6c733440] i8c dc,h,v,p: 46% 31% 18%  6%
[libx264 @ 0000018d6c733440] Weighted P-Frames: Y:0.0% UV:0.0%
[libx264 @ 0000018d6c733440] ref P L0: 66.1%  9.4% 19.6%  4.8%
[libx264 @ 0000018d6c733440] ref B L0: 92.0%  6.9%  1.1%
[libx264 @ 0000018d6c733440] ref B L1: 96.9%  3.1%
[libx264 @ 0000018d6c733440] kb/s:4046.62
[aac @ 0000018d6c713cc0] Qavg: 407.800

2025-06-29 21:56:34.327 +02:00 [INF] FFmpeg terminé avec code 0
2025-06-29 21:56:34.327 +02:00 [INF] FFmpeg concat+reencode result: 
[stderr]
ffmpeg version 7.1.1-essentials_build-www.gyan.dev Copyright (c) 2000-2025 the FFmpeg developers
  built with gcc 14.2.0 (Rev1, Built by MSYS2 project)
  configuration: --enable-gpl --enable-version3 --enable-static --disable-w32threads --disable-autodetect --enable-fontconfig --enable-iconv --enable-gnutls --enable-libxml2 --enable-gmp --enable-bzlib --enable-lzma --enable-zlib --enable-libsrt --enable-libssh --enable-libzmq --enable-avisynth --enable-sdl2 --enable-libwebp --enable-libx264 --enable-libx265 --enable-libxvid --enable-libaom --enable-libopenjpeg --enable-libvpx --enable-mediafoundation --enable-libass --enable-libfreetype --enable-libfribidi --enable-libharfbuzz --enable-libvidstab --enable-libvmaf --enable-libzimg --enable-amf --enable-cuda-llvm --enable-cuvid --enable-dxva2 --enable-d3d11va --enable-d3d12va --enable-ffnvcodec --enable-libvpl --enable-nvdec --enable-nvenc --enable-vaapi --enable-libgme --enable-libopenmpt --enable-libopencore-amrwb --enable-libmp3lame --enable-libtheora --enable-libvo-amrwbenc --enable-libgsm --enable-libopencore-amrnb --enable-libopus --enable-libspeex --enable-libvorbis --enable-librubberband
  libavutil      59. 39.100 / 59. 39.100
  libavcodec     61. 19.101 / 61. 19.101
  libavformat    61.  7.100 / 61.  7.100
  libavdevice    61.  3.100 / 61.  3.100
  libavfilter    10.  4.100 / 10.  4.100
  libswscale      8.  3.100 /  8.  3.100
  libswresample   5.  3.100 /  5.  3.100
  libpostproc    58.  3.100 / 58.  3.100
Input #0, concat, from 'C:\Users\terre\Documents\Strivea\Recordings\YouTube\TakanashiKiara\Temp\YouTube_Takanashi Kiara Ch. hololive-EN_20250629_215620\TempConcat\concat.txt':
  Duration: N/A, start: 0.000000, bitrate: 128 kb/s
  Stream #0:0: Audio: aac (LC) ([15][0][0][0] / 0x000F), 44100 Hz, stereo, fltp, 128 kb/s
  Stream #0:1: Video: h264 (Main) ([27][0][0][0] / 0x001B), yuv420p(tv, bt709, progressive), 1920x1080 [SAR 1:1 DAR 16:9], 60 fps, 60 tbr, 90k tbn
Stream mapping:
  Stream #0:1 -> #0:0 (h264 (native) -> h264 (libx264))
  Stream #0:0 -> #0:1 (aac (native) -> aac (native))
Press [q] to stop, [?] for help
[libx264 @ 0000018d6c733440] using SAR=1/1
[libx264 @ 0000018d6c733440] using cpu capabilities: MMX2 SSE2Fast SSSE3 SSE4.2 AVX FMA3 BMI2 AVX2 AVX512
[libx264 @ 0000018d6c733440] profile High, level 4.2, 4:2:0, 8-bit
[libx264 @ 0000018d6c733440] 264 - core 164 r3204 373697b - H.264/MPEG-4 AVC codec - Copyleft 2003-2025 - http://www.videolan.org/x264.html - options: cabac=1 ref=3 deblock=1:0:0 analyse=0x3:0x113 me=hex subme=7 psy=1 psy_rd=1.00:0.00 mixed_ref=1 me_range=16 chroma_me=1 trellis=1 8x8dct=1 cqm=0 deadzone=21,11 fast_pskip=1 chroma_qp_offset=-2 threads=24 lookahead_threads=4 sliced_threads=0 nr=0 decimate=1 interlaced=0 bluray_compat=0 constrained_intra=0 bframes=3 b_pyramid=2 b_adapt=1 b_bias=0 direct=1 weightb=1 open_gop=0 weightp=2 keyint=250 keyint_min=25 scenecut=40 intra_refresh=0 rc_lookahead=40 rc=crf mbtree=1 crf=23.0 qcomp=0.60 qpmin=0 qpmax=69 qpstep=4 ip_ratio=1.40 aq=1:1.00
Output #0, mp4, to 'C:\Users\terre\Documents\Strivea\Recordings\YouTube\TakanashiKiara\Temp\YouTube_Takanashi Kiara Ch. hololive-EN_20250629_215620\TempConcat\output.mp4':
  Metadata:
    encoder         : Lavf61.7.100
  Stream #0:0: Video: h264 (avc1 / 0x31637661), yuv420p(tv, bt709, progressive), 1920x1080 [SAR 1:1 DAR 16:9], q=2-31, 60 fps, 15360 tbn
      Metadata:
        encoder         : Lavc61.19.101 libx264
      Side data:
        cpb: bitrate max/min/avg: 0/0/0 buffer size: 0 vbv_delay: N/A
  Stream #0:1: Audio: aac (LC) (mp4a / 0x6134706D), 44100 Hz, stereo, fltp, 128 kb/s
      Metadata:
        encoder         : Lavc61.19.101 aac
frame=   46 fps=0.0 q=31.0 size=     256KiB time=00:00:00.73 bitrate=2860.3kbits/s speed=1.43x    
frame=  138 fps=135 q=31.0 size=    1024KiB time=00:00:02.26 bitrate=3701.0kbits/s speed=2.22x    
frame=  227 fps=148 q=31.0 size=    1536KiB time=00:00:03.75 bitrate=3355.5kbits/s speed=2.44x    
frame=  320 fps=155 q=31.0 size=    2560KiB time=00:00:05.30 bitrate=3957.0kbits/s speed=2.57x    
frame=  410 fps=160 q=31.0 size=    3072KiB time=00:00:06.80 bitrate=3700.9kbits/s speed=2.65x    
frame=  491 fps=159 q=31.0 size=    3840KiB time=00:00:08.15 bitrate=3859.8kbits/s speed=2.64x    
frame=  581 fps=161 q=31.0 size=    4864KiB time=00:00:09.65 bitrate=4129.1kbits/s speed=2.67x    
[out#0/mp4 @ 0000018d6baa26c0] video:5434KiB audio:172KiB subtitle:0KiB other streams:0KiB global headers:0KiB muxing overhead: 0.338901%
frame=  660 fps=168 q=-1.0 Lsize=    5625KiB time=00:00:10.96 bitrate=4202.1kbits/s speed= 2.8x    
[libx264 @ 0000018d6c733440] frame I:3     Avg QP:20.54  size:104686
[libx264 @ 0000018d6c733440] frame P:173   Avg QP:23.86  size: 20398
[libx264 @ 0000018d6c733440] frame B:484   Avg QP:29.51  size:  3556
[libx264 @ 0000018d6c733440] consecutive B-frames:  1.4%  1.8%  2.3% 94.5%
[libx264 @ 0000018d6c733440] mb I  I16..4: 27.6% 48.2% 24.2%
[libx264 @ 0000018d6c733440] mb P  I16..4:  3.1%  3.2%  1.0%  P16..4: 34.9%  7.0%  3.5%  0.0%  0.0%    skip:47.3%
[libx264 @ 0000018d6c733440] mb B  I16..4:  0.1%  0.1%  0.0%  B16..8: 29.1%  1.2%  0.1%  direct: 0.2%  skip:69.2%  L0:50.8% L1:47.7% BI: 1.4%
[libx264 @ 0000018d6c733440] 8x8 transform intra:45.1% inter:72.3%
[libx264 @ 0000018d6c733440] coded y,uvDC,uvAC intra: 23.3% 51.0% 20.6% inter: 2.8% 5.2% 0.4%
[libx264 @ 0000018d6c733440] i16 v,h,dc,p: 24% 40% 12% 24%
[libx264 @ 0000018d6c733440] i8 v,h,dc,ddl,ddr,vr,hd,vl,hu: 21% 22% 46%  2%  2%  2%  2%  2%  2%
[libx264 @ 0000018d6c733440] i4 v,h,dc,ddl,ddr,vr,hd,vl,hu: 28% 25% 19%  4%  5%  5%  6%  4%  4%
[libx264 @ 0000018d6c733440] i8c dc,h,v,p: 46% 31% 18%  6%
[libx264 @ 0000018d6c733440] Weighted P-Frames: Y:0.0% UV:0.0%
[libx264 @ 0000018d6c733440] ref P L0: 66.1%  9.4% 19.6%  4.8%
[libx264 @ 0000018d6c733440] ref B L0: 92.0%  6.9%  1.1%
[libx264 @ 0000018d6c733440] ref B L1: 96.9%  3.1%
[libx264 @ 0000018d6c733440] kb/s:4046.62
[aac @ 0000018d6c713cc0] Qavg: 407.800

2025-06-29 21:56:34.328 +02:00 [INF] [CONCAT] Déplacement du fichier final vers : C:\Users\terre\Documents\Strivea\Recordings\YouTube\TakanashiKiara\Temp\【UNARCHIVED KARAOKE】Marathon to 1.600.000 Subs PART 2! In my PERFUME SWIMSUIT! #kfp #キアライブ.mp4
2025-06-29 21:56:34.329 +02:00 [INF] [CONCAT] Fichier final déplacé vers : C:\Users\terre\Documents\Strivea\Recordings\YouTube\TakanashiKiara\Temp\【UNARCHIVED KARAOKE】Marathon to 1.600.000 Subs PART 2! In my PERFUME SWIMSUIT! #kfp #キアライブ.mp4
2025-06-29 21:56:34.329 +02:00 [INF] [CONCAT] Concaténation et conversion terminées avec succès.
2025-06-29 21:56:34.330 +02:00 [INF] CanStopMonitoring est évalué. IsMonitoring: True
2025-06-29 21:56:34.331 +02:00 [INF] IsMonitoring a changé: False
2025-06-29 21:56:34.331 +02:00 [INF] CanStopMonitoring est évalué. IsMonitoring: False
2025-06-29 21:56:34.332 +02:00 [INF] CanStartMonitoring après changement: True
2025-06-29 21:56:34.332 +02:00 [INF] CanStopMonitoring est évalué. IsMonitoring: False
2025-06-29 21:56:34.332 +02:00 [INF] CanStopMonitoring après changement: False
2025-06-29 21:56:34.332 +02:00 [INF] [DEBUG] IsMonitoring forcé à False dans finally StopMonitoringAsync
2025-06-29 21:56:34.332 +02:00 [INF] CanStopMonitoring est évalué. IsMonitoring: False
2025-06-29 21:56:37.443 +02:00 [INF] Début de la récupération des informations du stream YouTube pour : https://www.youtube.com/@TakanashiKiara
2025-06-29 21:56:38.073 +02:00 [INF] Streamlink trouvé à : C:\Program Files\Streamlink\bin\streamlink.exe
2025-06-29 21:56:38.073 +02:00 [INF] Exécution de streamlink avec les arguments : -j https://www.youtube.com/@TakanashiKiara best
2025-06-29 21:56:38.074 +02:00 [INF] Processus streamlink démarré
2025-06-29 21:56:40.136 +02:00 [INF] Processus streamlink terminé avec le code : 0
2025-06-29 21:56:40.136 +02:00 [INF] Sortie Streamlink (JSON) : {
  "type": "hls",
  "url": "https://manifest.googlevideo.com/api/manifest/hls_playlist/expire/1751248628/ei/lJphaPyzBqGmp-oP5oibuQ8/ip/2a01:e0a:8f1:aac0:53b:a603:3714:1c77/id/1uGO5HAfgFE.1/itag/301/source/yt_live_broadcast/requiressl/yes/ratebypass/yes/live/1/sgoap/gir%3Dyes%3Bitag%3D140/sgovp/gir%3Dyes%3Bitag%3D299/rqh/1/hls_chunk_host/rr4---sn-25glenlz.googlevideo.com/xpc/EgVo2aDSNQ%3D%3D/bui/AY1jyLMuh0ljqd_9LcKB_ez7ktghuRxsO8nru5GkMegz7uEstXPc2jD7aWMD1UuJ2TTZ6_FE74d4Ek0s/spc/l3OVKYpVd1a_0JCpBO_4Uk4SBToxJzQ7CkNb3PyTVkv0jsLaPPQD90zyB3X_J_1K-ks/vprv/1/playlist_type/LIVE/initcwndbps/1758750/met/1751227028,/mh/RU/mm/44/mn/sn-25glenlz/ms/lva/mv/m/mvi/4/pl/45/rms/lva,lva/dover/11/pacing/0/keepalive/yes/fexp/51355912/mt/1751226521/sparams/expire,ei,ip,id,itag,source,requiressl,ratebypass,live,sgoap,sgovp,rqh,xpc,bui,spc,vprv,playlist_type/sig/AJfQdSswRQIgPX5RxfItADizDLnXv5Z5vx4cyKCSJJyLG-TUYVUHookCIQCTeYAmsoeZ1jUiEtIoar_9TkdAzT5gZw5hQrCFRpuv1A%3D%3D/lsparams/hls_chunk_host,initcwndbps,met,mh,mm,mn,ms,mv,mvi,pl,rms/lsig/APaTxxMwRAIgI9tex39dHORpRp2lVdwNMl1RHHEvND_yc_lJlwNnZUgCIE87fPtNi5oxitJ1byqGxTZ4gi0ITUhp97-KzIB8UiO0/playlist/index.m3u8",
  "headers": {
    "User-Agent": "Mozilla/5.0 (Windows NT 10.0; Win64; x64) AppleWebKit/537.36 (KHTML, like Gecko) Chrome/134.0.0.0 Safari/537.36",
    "Accept-Encoding": "gzip, deflate, br, zstd",
    "Accept": "*/*",
    "Connection": "keep-alive"
  },
  "master": "https://manifest.googlevideo.com/api/manifest/hls_variant/expire/1751248628/ei/lJphaPyzBqGmp-oP5oibuQ8/ip/2a01%3Ae0a%3A8f1%3Aaac0%3A53b%3Aa603%3A3714%3A1c77/id/1uGO5HAfgFE.1/source/yt_live_broadcast/requiressl/yes/xpc/EgVo2aDSNQ%3D%3D/tx/51478320/txs/51478320%2C51478321%2C51478322/hfr/1/maudio/1/bui/AY1jyLMuh0ljqd_9LcKB_ez7ktghuRxsO8nru5GkMegz7uEstXPc2jD7aWMD1UuJ2TTZ6_FE74d4Ek0s/spc/l3OVKYpVd1a_0JCpBO_4Uk4SBToxJzQ7CkNb3PyTVkv0jsLaPPQD90zyB3X_J_1K-ks/vprv/1/go/1/rqh/5/pacing/0/nvgoi/1/ncsapi/1/keepalive/yes/fexp/51355912/dover/11/itag/0/playlist_type/LIVE/sparams/expire%2Cei%2Cip%2Cid%2Csource%2Crequiressl%2Cxpc%2Ctx%2Ctxs%2Chfr%2Cmaudio%2Cbui%2Cspc%2Cvprv%2Cgo%2Crqh%2Citag%2Cplaylist_type/sig/AJfQdSswRQIhANemEjlz_kSbLzh2o_MRfceXmU26HQB6gI4wMdzgQrZjAiBEXPgcjYlhl5__2H7_ddVhB_ntlKbJPK4UDOG4zBDKQw%3D%3D/file/index.m3u8",
  "metadata": {
    "id": "1uGO5HAfgFE",
    "author": "Takanashi Kiara Ch. hololive-EN",
    "category": "Music",
    "title": "\u3010UNARCHIVED KARAOKE\u3011Marathon to 1.600.000 Subs PART 2! In my PERFUME SWIMSUIT! #kfp #\u30ad\u30a2\u30e9\u30a4\u30d6"
  }
}

2025-06-29 21:56:40.139 +02:00 [INF] Récupération de l'URL du stream pour https://www.youtube.com/@TakanashiKiara
2025-06-29 21:56:42.433 +02:00 [INF] IsMonitoring a changé: True
2025-06-29 21:56:42.433 +02:00 [INF] CanStopMonitoring est évalué. IsMonitoring: True
2025-06-29 21:56:42.433 +02:00 [INF] CanStartMonitoring après changement: False
2025-06-29 21:56:42.433 +02:00 [INF] CanStopMonitoring est évalué. IsMonitoring: True
2025-06-29 21:56:42.433 +02:00 [INF] CanStopMonitoring après changement: True
2025-06-29 21:56:42.433 +02:00 [INF] Démarrage de l'enregistrement pour TakanashiKiara sur YouTube
2025-06-29 21:56:42.433 +02:00 [INF] URL du stream : https://manifest.googlevideo.com/api/manifest/hls_playlist/expire/1751248630/ei/lpphaOX6Ie2HsvQPoLnYSQ/ip/2a01:e0a:8f1:aac0:53b:a603:3714:1c77/id/1uGO5HAfgFE.1/itag/301/source/yt_live_broadcast/requiressl/yes/ratebypass/yes/live/1/sgoap/gir%3Dyes%3Bitag%3D140/sgovp/gir%3Dyes%3Bitag%3D299/rqh/1/hls_chunk_host/rr4---sn-25ge7nsk.googlevideo.com/xpc/EgVo2aDSNQ%3D%3D/bui/AY1jyLMQSNKXbovCpTmUXA2j07waFpPoXKi6zufSKjw186Nlh8QmfrNpTWLTis9BWWHuIKYs5iuzbCLC/spc/l3OVKfF1Xj99VVq01sLNVoFqLK2zahxL59g1sZhvu75Nm-4xVMBZq8_f-egOx3FNYN8/vprv/1/playlist_type/LIVE/initcwndbps/1758750/met/1751227031,/mh/RU/mm/44/mn/sn-25ge7nsk/ms/lva/mv/m/mvi/4/pl/45/rms/lva,lva/dover/11/pacing/0/keepalive/yes/fexp/51355912/mt/1751226521/sparams/expire,ei,ip,id,itag,source,requiressl,ratebypass,live,sgoap,sgovp,rqh,xpc,bui,spc,vprv,playlist_type/sig/AJfQdSswRQIgFIIBQjEmpaUkTioO3uBo4-KFvRfYlMsbBuHZs4_FG3wCIQCK7moA3vLC6Z__DovzYGcNbF5SZdJp9LcQJ-IySjBEhg%3D%3D/lsparams/hls_chunk_host,initcwndbps,met,mh,mm,mn,ms,mv,mvi,pl,rms/lsig/APaTxxMwRQIgdKPJarW4w32Gta8dCkCgGU41eVWLCa0f2DTojwMKUOwCIQC7Gp0Sk_XfP6A3AB2prnltUIfdRUk5ihUfSSVUDA5fPQ%3D%3D/playlist/index.m3u8
2025-06-29 21:56:42.433 +02:00 [INF] Chemin de sortie : C:\Users\terre\Documents\Strivea\Recordings\YouTube\TakanashiKiara\Temp\YouTube_Takanashi Kiara Ch. hololive-EN_20250629_215642\【UNARCHIVED KARAOKE】Marathon to 1.600.000 Subs PART 2! In my PERFUME SWIMSUIT! #kfp #キアライブ_20250629_215642.ts
2025-06-29 21:56:42.476 +02:00 [INF] Enregistrement démarré pour TakanashiKiara sur YouTube
2025-06-29 21:56:52.408 +02:00 [INF] CanStopMonitoring est évalué. IsMonitoring: True
2025-06-29 21:56:52.408 +02:00 [INF] Arrêt de l'enregistrement pour TakanashiKiara sur YouTube
2025-06-29 21:56:52.409 +02:00 [INF] Enregistrement terminé pour TakanashiKiara sur YouTube
2025-06-29 21:56:52.409 +02:00 [INF] Durée : 00:00:09
2025-06-29 21:56:52.409 +02:00 [INF] Taille du fichier : 6 MB
2025-06-29 21:56:52.409 +02:00 [INF] [CONCAT] Début de la concaténation des segments vidéo...
2025-06-29 21:56:52.410 +02:00 [INF] [CONCAT] Fichiers .ts à concaténer (1) :
2025-06-29 21:56:52.410 +02:00 [INF] [CONCAT] - C:\Users\terre\Documents\Strivea\Recordings\YouTube\TakanashiKiara\Temp\YouTube_Takanashi Kiara Ch. hololive-EN_20250629_215642\【UNARCHIVED KARAOKE】Marathon to 1.600.000 Subs PART 2! In my PERFUME SWIMSUIT! #kfp #キアライブ_20250629_215642.ts
2025-06-29 21:56:52.414 +02:00 [INF] CanStopMonitoring est évalué. IsMonitoring: True
2025-06-29 21:56:52.414 +02:00 [INF] [CONCAT] Début de la conversion en mp4...
2025-06-29 21:56:52.414 +02:00 [INF] Commande FFmpeg concat+reencode : ffmpeg -f concat -safe 0 -i "C:\Users\terre\Documents\Strivea\Recordings\YouTube\TakanashiKiara\Temp\YouTube_Takanashi Kiara Ch. hololive-EN_20250629_215642\TempConcat\concat.txt" -c:v libx264 -c:a aac "C:\Users\terre\Documents\Strivea\Recordings\YouTube\TakanashiKiara\Temp\YouTube_Takanashi Kiara Ch. hololive-EN_20250629_215642\TempConcat\output.mp4"
2025-06-29 21:56:56.763 +02:00 [ERR] FFmpeg stderr : ffmpeg version 7.1.1-essentials_build-www.gyan.dev Copyright (c) 2000-2025 the FFmpeg developers
  built with gcc 14.2.0 (Rev1, Built by MSYS2 project)
  configuration: --enable-gpl --enable-version3 --enable-static --disable-w32threads --disable-autodetect --enable-fontconfig --enable-iconv --enable-gnutls --enable-libxml2 --enable-gmp --enable-bzlib --enable-lzma --enable-zlib --enable-libsrt --enable-libssh --enable-libzmq --enable-avisynth --enable-sdl2 --enable-libwebp --enable-libx264 --enable-libx265 --enable-libxvid --enable-libaom --enable-libopenjpeg --enable-libvpx --enable-mediafoundation --enable-libass --enable-libfreetype --enable-libfribidi --enable-libharfbuzz --enable-libvidstab --enable-libvmaf --enable-libzimg --enable-amf --enable-cuda-llvm --enable-cuvid --enable-dxva2 --enable-d3d11va --enable-d3d12va --enable-ffnvcodec --enable-libvpl --enable-nvdec --enable-nvenc --enable-vaapi --enable-libgme --enable-libopenmpt --enable-libopencore-amrwb --enable-libmp3lame --enable-libtheora --enable-libvo-amrwbenc --enable-libgsm --enable-libopencore-amrnb --enable-libopus --enable-libspeex --enable-libvorbis --enable-librubberband
  libavutil      59. 39.100 / 59. 39.100
  libavcodec     61. 19.101 / 61. 19.101
  libavformat    61.  7.100 / 61.  7.100
  libavdevice    61.  3.100 / 61.  3.100
  libavfilter    10.  4.100 / 10.  4.100
  libswscale      8.  3.100 /  8.  3.100
  libswresample   5.  3.100 /  5.  3.100
  libpostproc    58.  3.100 / 58.  3.100
[mpegts @ 000001a56b1f0380] PES packet size mismatch
[mpegts @ 000001a56b1f0380] Packet corrupt (stream = 1, dts = 792718500).
Input #0, concat, from 'C:\Users\terre\Documents\Strivea\Recordings\YouTube\TakanashiKiara\Temp\YouTube_Takanashi Kiara Ch. hololive-EN_20250629_215642\TempConcat\concat.txt':
  Duration: N/A, start: 0.000000, bitrate: 132 kb/s
  Stream #0:0: Audio: aac (LC) ([15][0][0][0] / 0x000F), 44100 Hz, stereo, fltp, 132 kb/s
  Stream #0:1: Video: h264 (Main) ([27][0][0][0] / 0x001B), yuv420p(tv, bt709, progressive), 1920x1080 [SAR 1:1 DAR 16:9], 60 fps, 60 tbr, 90k tbn
Stream mapping:
  Stream #0:1 -> #0:0 (h264 (native) -> h264 (libx264))
  Stream #0:0 -> #0:1 (aac (native) -> aac (native))
Press [q] to stop, [?] for help
[libx264 @ 000001a56b579580] using SAR=1/1
[libx264 @ 000001a56b579580] using cpu capabilities: MMX2 SSE2Fast SSSE3 SSE4.2 AVX FMA3 BMI2 AVX2 AVX512
[libx264 @ 000001a56b579580] profile High, level 4.2, 4:2:0, 8-bit
[libx264 @ 000001a56b579580] 264 - core 164 r3204 373697b - H.264/MPEG-4 AVC codec - Copyleft 2003-2025 - http://www.videolan.org/x264.html - options: cabac=1 ref=3 deblock=1:0:0 analyse=0x3:0x113 me=hex subme=7 psy=1 psy_rd=1.00:0.00 mixed_ref=1 me_range=16 chroma_me=1 trellis=1 8x8dct=1 cqm=0 deadzone=21,11 fast_pskip=1 chroma_qp_offset=-2 threads=24 lookahead_threads=4 sliced_threads=0 nr=0 decimate=1 interlaced=0 bluray_compat=0 constrained_intra=0 bframes=3 b_pyramid=2 b_adapt=1 b_bias=0 direct=1 weightb=1 open_gop=0 weightp=2 keyint=250 keyint_min=25 scenecut=40 intra_refresh=0 rc_lookahead=40 rc=crf mbtree=1 crf=23.0 qcomp=0.60 qpmin=0 qpmax=69 qpstep=4 ip_ratio=1.40 aq=1:1.00
Output #0, mp4, to 'C:\Users\terre\Documents\Strivea\Recordings\YouTube\TakanashiKiara\Temp\YouTube_Takanashi Kiara Ch. hololive-EN_20250629_215642\TempConcat\output.mp4':
  Metadata:
    encoder         : Lavf61.7.100
  Stream #0:0: Video: h264 (avc1 / 0x31637661), yuv420p(tv, bt709, progressive), 1920x1080 [SAR 1:1 DAR 16:9], q=2-31, 60 fps, 15360 tbn
      Metadata:
        encoder         : Lavc61.19.101 libx264
      Side data:
        cpb: bitrate max/min/avg: 0/0/0 buffer size: 0 vbv_delay: N/A
  Stream #0:1: Audio: aac (LC) (mp4a / 0x6134706D), 44100 Hz, stereo, fltp, 128 kb/s
      Metadata:
        encoder         : Lavc61.19.101 aac
frame=   36 fps=0.0 q=31.0 size=     256KiB time=00:00:00.56 bitrate=3701.5kbits/s speed=1.09x    
frame=  115 fps=112 q=31.0 size=    1280KiB time=00:00:01.88 bitrate=5567.9kbits/s speed=1.84x    
frame=  197 fps=128 q=31.0 size=    2048KiB time=00:00:03.25 bitrate=5162.3kbits/s speed=2.11x    
frame=  281 fps=136 q=31.0 size=    3328KiB time=00:00:04.65 bitrate=5863.1kbits/s speed=2.25x    
frame=  359 fps=139 q=31.0 size=    4096KiB time=00:00:05.95 bitrate=5639.5kbits/s speed=2.31x    
frame=  451 fps=145 q=31.0 size=    5120KiB time=00:00:07.48 bitrate=5604.9kbits/s speed=2.41x    
frame=  539 fps=149 q=31.0 size=    6144KiB time=00:00:08.95 bitrate=5623.7kbits/s speed=2.48x    
[mpegts @ 000001a56b1f0380] PES packet size mismatch
[mpegts @ 000001a56b1f0380] Packet corrupt (stream = 1, dts = 792718500).
[concat @ 000001a56b1eee80] Packet corrupt (stream = 1, dts = 987368).
[in#0/concat @ 000001a56b1f2c80] corrupt input packet in stream 1
[h264 @ 000001a56bf39e40] error while decoding MB 69 28, bytestream -7
[h264 @ 000001a56bf39e40] concealing 4780 DC, 4780 AC, 4780 MV errors in P frame
[vist#0:1/h264 @ 000001a56b202d00] [dec:h264 @ 000001a56b4c0800] corrupt decoded frame
frame=  637 fps=154 q=31.0 size=    7168KiB time=N/A bitrate=N/A speed=N/A    
[out#0/mp4 @ 000001a56b4bee80] video:7243KiB audio:174KiB subtitle:0KiB other streams:0KiB global headers:0KiB muxing overhead: 0.250975%
frame=  660 fps=158 q=-1.0 Lsize=    7435KiB time=00:00:10.96 bitrate=5553.9kbits/s speed=2.62x    
[libx264 @ 000001a56b579580] frame I:3     Avg QP:21.60  size: 97337
[libx264 @ 000001a56b579580] frame P:221   Avg QP:24.69  size: 21191
[libx264 @ 000001a56b579580] frame B:436   Avg QP:29.78  size:  5598
[libx264 @ 000001a56b579580] consecutive B-frames:  8.9%  3.6% 15.9% 71.5%
[libx264 @ 000001a56b579580] mb I  I16..4: 22.1% 55.5% 22.4%
[libx264 @ 000001a56b579580] mb P  I16..4:  3.5%  4.6%  1.5%  P16..4: 34.4%  6.8%  3.0%  0.0%  0.0%    skip:46.2%
[libx264 @ 000001a56b579580] mb B  I16..4:  0.2%  0.2%  0.1%  B16..8: 33.0%  2.2%  0.3%  direct: 0.4%  skip:63.6%  L0:53.0% L1:45.4% BI: 1.6%
[libx264 @ 000001a56b579580] 8x8 transform intra:47.6% inter:72.9%
[libx264 @ 000001a56b579580] coded y,uvDC,uvAC intra: 25.8% 56.9% 20.2% inter: 3.8% 6.8% 0.4%
[libx264 @ 000001a56b579580] i16 v,h,dc,p: 27% 35% 12% 25%
[libx264 @ 000001a56b579580] i8 v,h,dc,ddl,ddr,vr,hd,vl,hu: 22% 20% 42%  2%  2%  3%  3%  3%  2%
[libx264 @ 000001a56b579580] i4 v,h,dc,ddl,ddr,vr,hd,vl,hu: 27% 23% 22%  4%  5%  5%  5%  4%  4%
[libx264 @ 000001a56b579580] i8c dc,h,v,p: 45% 28% 20%  7%
[libx264 @ 000001a56b579580] Weighted P-Frames: Y:0.0% UV:0.0%
[libx264 @ 000001a56b579580] ref P L0: 70.0%  8.8% 16.8%  4.4%
[libx264 @ 000001a56b579580] ref B L0: 92.3%  6.7%  1.1%
[libx264 @ 000001a56b579580] ref B L1: 97.2%  2.8%
[libx264 @ 000001a56b579580] kb/s:5393.33
[aac @ 000001a56b7a29c0] Qavg: 1163.613

2025-06-29 21:56:56.769 +02:00 [INF] FFmpeg terminé avec code 0
2025-06-29 21:56:56.770 +02:00 [INF] FFmpeg concat+reencode result: 
[stderr]
ffmpeg version 7.1.1-essentials_build-www.gyan.dev Copyright (c) 2000-2025 the FFmpeg developers
  built with gcc 14.2.0 (Rev1, Built by MSYS2 project)
  configuration: --enable-gpl --enable-version3 --enable-static --disable-w32threads --disable-autodetect --enable-fontconfig --enable-iconv --enable-gnutls --enable-libxml2 --enable-gmp --enable-bzlib --enable-lzma --enable-zlib --enable-libsrt --enable-libssh --enable-libzmq --enable-avisynth --enable-sdl2 --enable-libwebp --enable-libx264 --enable-libx265 --enable-libxvid --enable-libaom --enable-libopenjpeg --enable-libvpx --enable-mediafoundation --enable-libass --enable-libfreetype --enable-libfribidi --enable-libharfbuzz --enable-libvidstab --enable-libvmaf --enable-libzimg --enable-amf --enable-cuda-llvm --enable-cuvid --enable-dxva2 --enable-d3d11va --enable-d3d12va --enable-ffnvcodec --enable-libvpl --enable-nvdec --enable-nvenc --enable-vaapi --enable-libgme --enable-libopenmpt --enable-libopencore-amrwb --enable-libmp3lame --enable-libtheora --enable-libvo-amrwbenc --enable-libgsm --enable-libopencore-amrnb --enable-libopus --enable-libspeex --enable-libvorbis --enable-librubberband
  libavutil      59. 39.100 / 59. 39.100
  libavcodec     61. 19.101 / 61. 19.101
  libavformat    61.  7.100 / 61.  7.100
  libavdevice    61.  3.100 / 61.  3.100
  libavfilter    10.  4.100 / 10.  4.100
  libswscale      8.  3.100 /  8.  3.100
  libswresample   5.  3.100 /  5.  3.100
  libpostproc    58.  3.100 / 58.  3.100
[mpegts @ 000001a56b1f0380] PES packet size mismatch
[mpegts @ 000001a56b1f0380] Packet corrupt (stream = 1, dts = 792718500).
Input #0, concat, from 'C:\Users\terre\Documents\Strivea\Recordings\YouTube\TakanashiKiara\Temp\YouTube_Takanashi Kiara Ch. hololive-EN_20250629_215642\TempConcat\concat.txt':
  Duration: N/A, start: 0.000000, bitrate: 132 kb/s
  Stream #0:0: Audio: aac (LC) ([15][0][0][0] / 0x000F), 44100 Hz, stereo, fltp, 132 kb/s
  Stream #0:1: Video: h264 (Main) ([27][0][0][0] / 0x001B), yuv420p(tv, bt709, progressive), 1920x1080 [SAR 1:1 DAR 16:9], 60 fps, 60 tbr, 90k tbn
Stream mapping:
  Stream #0:1 -> #0:0 (h264 (native) -> h264 (libx264))
  Stream #0:0 -> #0:1 (aac (native) -> aac (native))
Press [q] to stop, [?] for help
[libx264 @ 000001a56b579580] using SAR=1/1
[libx264 @ 000001a56b579580] using cpu capabilities: MMX2 SSE2Fast SSSE3 SSE4.2 AVX FMA3 BMI2 AVX2 AVX512
[libx264 @ 000001a56b579580] profile High, level 4.2, 4:2:0, 8-bit
[libx264 @ 000001a56b579580] 264 - core 164 r3204 373697b - H.264/MPEG-4 AVC codec - Copyleft 2003-2025 - http://www.videolan.org/x264.html - options: cabac=1 ref=3 deblock=1:0:0 analyse=0x3:0x113 me=hex subme=7 psy=1 psy_rd=1.00:0.00 mixed_ref=1 me_range=16 chroma_me=1 trellis=1 8x8dct=1 cqm=0 deadzone=21,11 fast_pskip=1 chroma_qp_offset=-2 threads=24 lookahead_threads=4 sliced_threads=0 nr=0 decimate=1 interlaced=0 bluray_compat=0 constrained_intra=0 bframes=3 b_pyramid=2 b_adapt=1 b_bias=0 direct=1 weightb=1 open_gop=0 weightp=2 keyint=250 keyint_min=25 scenecut=40 intra_refresh=0 rc_lookahead=40 rc=crf mbtree=1 crf=23.0 qcomp=0.60 qpmin=0 qpmax=69 qpstep=4 ip_ratio=1.40 aq=1:1.00
Output #0, mp4, to 'C:\Users\terre\Documents\Strivea\Recordings\YouTube\TakanashiKiara\Temp\YouTube_Takanashi Kiara Ch. hololive-EN_20250629_215642\TempConcat\output.mp4':
  Metadata:
    encoder         : Lavf61.7.100
  Stream #0:0: Video: h264 (avc1 / 0x31637661), yuv420p(tv, bt709, progressive), 1920x1080 [SAR 1:1 DAR 16:9], q=2-31, 60 fps, 15360 tbn
      Metadata:
        encoder         : Lavc61.19.101 libx264
      Side data:
        cpb: bitrate max/min/avg: 0/0/0 buffer size: 0 vbv_delay: N/A
  Stream #0:1: Audio: aac (LC) (mp4a / 0x6134706D), 44100 Hz, stereo, fltp, 128 kb/s
      Metadata:
        encoder         : Lavc61.19.101 aac
frame=   36 fps=0.0 q=31.0 size=     256KiB time=00:00:00.56 bitrate=3701.5kbits/s speed=1.09x    
frame=  115 fps=112 q=31.0 size=    1280KiB time=00:00:01.88 bitrate=5567.9kbits/s speed=1.84x    
frame=  197 fps=128 q=31.0 size=    2048KiB time=00:00:03.25 bitrate=5162.3kbits/s speed=2.11x    
frame=  281 fps=136 q=31.0 size=    3328KiB time=00:00:04.65 bitrate=5863.1kbits/s speed=2.25x    
frame=  359 fps=139 q=31.0 size=    4096KiB time=00:00:05.95 bitrate=5639.5kbits/s speed=2.31x    
frame=  451 fps=145 q=31.0 size=    5120KiB time=00:00:07.48 bitrate=5604.9kbits/s speed=2.41x    
frame=  539 fps=149 q=31.0 size=    6144KiB time=00:00:08.95 bitrate=5623.7kbits/s speed=2.48x    
[mpegts @ 000001a56b1f0380] PES packet size mismatch
[mpegts @ 000001a56b1f0380] Packet corrupt (stream = 1, dts = 792718500).
[concat @ 000001a56b1eee80] Packet corrupt (stream = 1, dts = 987368).
[in#0/concat @ 000001a56b1f2c80] corrupt input packet in stream 1
[h264 @ 000001a56bf39e40] error while decoding MB 69 28, bytestream -7
[h264 @ 000001a56bf39e40] concealing 4780 DC, 4780 AC, 4780 MV errors in P frame
[vist#0:1/h264 @ 000001a56b202d00] [dec:h264 @ 000001a56b4c0800] corrupt decoded frame
frame=  637 fps=154 q=31.0 size=    7168KiB time=N/A bitrate=N/A speed=N/A    
[out#0/mp4 @ 000001a56b4bee80] video:7243KiB audio:174KiB subtitle:0KiB other streams:0KiB global headers:0KiB muxing overhead: 0.250975%
frame=  660 fps=158 q=-1.0 Lsize=    7435KiB time=00:00:10.96 bitrate=5553.9kbits/s speed=2.62x    
[libx264 @ 000001a56b579580] frame I:3     Avg QP:21.60  size: 97337
[libx264 @ 000001a56b579580] frame P:221   Avg QP:24.69  size: 21191
[libx264 @ 000001a56b579580] frame B:436   Avg QP:29.78  size:  5598
[libx264 @ 000001a56b579580] consecutive B-frames:  8.9%  3.6% 15.9% 71.5%
[libx264 @ 000001a56b579580] mb I  I16..4: 22.1% 55.5% 22.4%
[libx264 @ 000001a56b579580] mb P  I16..4:  3.5%  4.6%  1.5%  P16..4: 34.4%  6.8%  3.0%  0.0%  0.0%    skip:46.2%
[libx264 @ 000001a56b579580] mb B  I16..4:  0.2%  0.2%  0.1%  B16..8: 33.0%  2.2%  0.3%  direct: 0.4%  skip:63.6%  L0:53.0% L1:45.4% BI: 1.6%
[libx264 @ 000001a56b579580] 8x8 transform intra:47.6% inter:72.9%
[libx264 @ 000001a56b579580] coded y,uvDC,uvAC intra: 25.8% 56.9% 20.2% inter: 3.8% 6.8% 0.4%
[libx264 @ 000001a56b579580] i16 v,h,dc,p: 27% 35% 12% 25%
[libx264 @ 000001a56b579580] i8 v,h,dc,ddl,ddr,vr,hd,vl,hu: 22% 20% 42%  2%  2%  3%  3%  3%  2%
[libx264 @ 000001a56b579580] i4 v,h,dc,ddl,ddr,vr,hd,vl,hu: 27% 23% 22%  4%  5%  5%  5%  4%  4%
[libx264 @ 000001a56b579580] i8c dc,h,v,p: 45% 28% 20%  7%
[libx264 @ 000001a56b579580] Weighted P-Frames: Y:0.0% UV:0.0%
[libx264 @ 000001a56b579580] ref P L0: 70.0%  8.8% 16.8%  4.4%
[libx264 @ 000001a56b579580] ref B L0: 92.3%  6.7%  1.1%
[libx264 @ 000001a56b579580] ref B L1: 97.2%  2.8%
[libx264 @ 000001a56b579580] kb/s:5393.33
[aac @ 000001a56b7a29c0] Qavg: 1163.613

2025-06-29 21:56:56.771 +02:00 [INF] [CONCAT] Déplacement du fichier final vers : C:\Users\terre\Documents\Strivea\Recordings\YouTube\TakanashiKiara\Temp\【UNARCHIVED KARAOKE】Marathon to 1.600.000 Subs PART 2! In my PERFUME SWIMSUIT! #kfp #キアライブ.mp4
2025-06-29 21:56:56.772 +02:00 [INF] [CONCAT] Fichier final déplacé vers : C:\Users\terre\Documents\Strivea\Recordings\YouTube\TakanashiKiara\Temp\【UNARCHIVED KARAOKE】Marathon to 1.600.000 Subs PART 2! In my PERFUME SWIMSUIT! #kfp #キアライブ.mp4
2025-06-29 21:56:56.772 +02:00 [INF] [CONCAT] Concaténation et conversion terminées avec succès.
2025-06-29 21:56:56.773 +02:00 [INF] CanStopMonitoring est évalué. IsMonitoring: True
2025-06-29 21:56:56.774 +02:00 [INF] IsMonitoring a changé: False
2025-06-29 21:56:56.774 +02:00 [INF] CanStopMonitoring est évalué. IsMonitoring: False
2025-06-29 21:56:56.774 +02:00 [INF] CanStartMonitoring après changement: True
2025-06-29 21:56:56.774 +02:00 [INF] CanStopMonitoring est évalué. IsMonitoring: False
2025-06-29 21:56:56.774 +02:00 [INF] CanStopMonitoring après changement: False
2025-06-29 21:56:56.774 +02:00 [INF] [DEBUG] IsMonitoring forcé à False dans finally StopMonitoringAsync
2025-06-29 21:56:56.774 +02:00 [INF] CanStopMonitoring est évalué. IsMonitoring: False
2025-06-29 22:02:21.950 +02:00 [INF] Démarrage de l'application...
2025-06-29 22:02:21.987 +02:00 [INF] Initialisation de l'application...
2025-06-29 22:02:22.028 +02:00 [INF] Initialisation du framework terminée...
2025-06-29 22:02:22.028 +02:00 [INF] Application Avalonia construite
2025-06-29 22:02:22.030 +02:00 [INF] Configuration des services...
2025-06-29 22:02:22.039 +02:00 [INF] Construction du conteneur DI...
2025-06-29 22:02:22.426 +02:00 [INF] Démarrage de l'application...
2025-06-29 22:02:22.532 +02:00 [INF] Initialisation du framework terminée...
2025-06-29 22:02:22.964 +02:00 [INF] YouTubeStreamDetector initialisé
2025-06-29 22:02:22.969 +02:00 [INF] MainViewModel initialisé
2025-06-29 22:02:22.973 +02:00 [INF] CanStartMonitoring après changement: True
2025-06-29 22:02:22.974 +02:00 [INF] CanStopMonitoring est évalué. IsMonitoring: False
2025-06-29 22:02:22.974 +02:00 [INF] CanStopMonitoring après changement: False
2025-06-29 22:02:22.997 +02:00 [INF] CanStopMonitoring est évalué. IsMonitoring: False
2025-06-29 22:02:23.000 +02:00 [INF] Application démarrée avec succès
2025-06-29 22:02:25.486 +02:00 [INF] Début de la récupération des informations du stream YouTube pour : https://www.youtube.com/watch?v=1uGO5HAfgFE
2025-06-29 22:02:25.707 +02:00 [ERR] Erreur inattendue lors de la récupération des informations du stream pour https://www.youtube.com/watch?v=1uGO5HAfgFE
System.Net.Http.HttpRequestException: Response status code does not indicate success: 400 (Bad Request).
   at System.Net.Http.HttpResponseMessage.EnsureSuccessStatusCode()
   at System.Net.Http.HttpClient.GetStringAsyncCore(HttpRequestMessage request, CancellationToken cancellationToken)
   at Strivea.Services.YouTubeStreamDetector.GetStreamInfoAsync(String url) in F:\1\Nouveau dossier\Channel-monitor\Services\YouTubeStreamDetector.cs:line 262
2025-06-29 22:05:23.841 +02:00 [INF] Démarrage de l'application...
2025-06-29 22:05:23.886 +02:00 [INF] Initialisation de l'application...
2025-06-29 22:05:23.928 +02:00 [INF] Initialisation du framework terminée...
2025-06-29 22:05:23.928 +02:00 [INF] Application Avalonia construite
2025-06-29 22:05:23.929 +02:00 [INF] Configuration des services...
2025-06-29 22:05:23.941 +02:00 [INF] Construction du conteneur DI...
2025-06-29 22:05:24.270 +02:00 [INF] Démarrage de l'application...
2025-06-29 22:05:24.355 +02:00 [INF] Initialisation du framework terminée...
2025-06-29 22:05:24.690 +02:00 [INF] YouTubeStreamDetector initialisé
2025-06-29 22:05:24.694 +02:00 [INF] MainViewModel initialisé
2025-06-29 22:05:24.696 +02:00 [INF] CanStartMonitoring après changement: True
2025-06-29 22:05:24.696 +02:00 [INF] CanStopMonitoring est évalué. IsMonitoring: False
2025-06-29 22:05:24.696 +02:00 [INF] CanStopMonitoring après changement: False
2025-06-29 22:05:24.713 +02:00 [INF] CanStopMonitoring est évalué. IsMonitoring: False
2025-06-29 22:05:24.718 +02:00 [INF] Application démarrée avec succès
2025-06-29 22:05:32.493 +02:00 [INF] Début de la récupération des informations du stream YouTube pour : https://www.youtube.com/watch?v=1uGO5HAfgFE
2025-06-29 22:05:32.670 +02:00 [INF] [YouTube API] Réponse vidéos : {
  "kind": "youtube#videoListResponse",
  "etag": "e8gryDJw4xT3YCrIVX1_Oclm5JI",
  "items": [
    {
      "kind": "youtube#video",
      "etag": "DPfmdgY2AOaSsnT2Kl1CqWb9n5w",
      "id": "1uGO5HAfgFE",
      "snippet": {
        "publishedAt": "2025-06-29T00:48:46Z",
        "channelId": "UCHsx4Hqa-1ORjQTh9TYDhww",
        "title": "【UNARCHIVED KARAOKE】Marathon to 1.600.000 Subs PART 2! In my PERFUME SWIMSUIT! #kfp #キアライブ",
        "description": "stream my new song, PERFUME✨ https://cover.lnk.to/zJ4BEH\nmodel made by  @holoen_raorapanthera  and SIvan!!! thumbnail art by  @yubbii_draw  \n\n 🏵️[Twitter] 🏵️\nhttps://twitter.com/takanashikiara\n\n 🏵️[Hashtags] 🏵️\n#kfp #キアライブ#hololiveenglish #holomyth #takanashikiara \nFANART #KFPicasso\n\n＝＝＝＝＝＝＝＝＝＝＝＝＝＝＝＝＝＝＝＝＝＝＝＝＝\n\n[Fan Work Guidelines]\nhttps://en.hololive.tv/terms\n\n\n--------------------------------\nRequest from hololive production to underage viewers\nPlease search for [Request To Minors] or click on the link below, to read it and enjoy the video\nhttps://hololivepro.com/en/request-to-minors/\n-------------------------------",
        "thumbnails": {
          "default": {
            "url": "https://i.ytimg.com/vi/1uGO5HAfgFE/default_live.jpg",
            "width": 120,
            "height": 90
          },
          "medium": {
            "url": "https://i.ytimg.com/vi/1uGO5HAfgFE/mqdefault_live.jpg",
            "width": 320,
            "height": 180
          },
          "high": {
            "url": "https://i.ytimg.com/vi/1uGO5HAfgFE/hqdefault_live.jpg",
            "width": 480,
            "height": 360
          },
          "standard": {
            "url": "https://i.ytimg.com/vi/1uGO5HAfgFE/sddefault_live.jpg",
            "width": 640,
            "height": 480
          },
          "maxres": {
            "url": "https://i.ytimg.com/vi/1uGO5HAfgFE/maxresdefault_live.jpg",
            "width": 1280,
            "height": 720
          }
        },
        "channelTitle": "Takanashi Kiara Ch. hololive-EN",
        "tags": [
          "ホロライブ",
          "hololive",
          "ホロライブプロダクション",
          "hololive production",
          "ホロプロ",
          "Takanashi",
          "Kiara",
          "小鳥遊",
          "キアラ",
          "hololive English",
          "holoEN",
          "hololive Myth",
          "holoMyth"
        ],
        "categoryId": "10",
        "liveBroadcastContent": "live",
        "localized": {
          "title": "【UNARCHIVED KARAOKE】Marathon to 1.600.000 Subs PART 2! In my PERFUME SWIMSUIT! #kfp #キアライブ",
          "description": "stream my new song, PERFUME✨ https://cover.lnk.to/zJ4BEH\nmodel made by  @holoen_raorapanthera  and SIvan!!! thumbnail art by  @yubbii_draw  \n\n 🏵️[Twitter] 🏵️\nhttps://twitter.com/takanashikiara\n\n 🏵️[Hashtags] 🏵️\n#kfp #キアライブ#hololiveenglish #holomyth #takanashikiara \nFANART #KFPicasso\n\n＝＝＝＝＝＝＝＝＝＝＝＝＝＝＝＝＝＝＝＝＝＝＝＝＝\n\n[Fan Work Guidelines]\nhttps://en.hololive.tv/terms\n\n\n--------------------------------\nRequest from hololive production to underage viewers\nPlease search for [Request To Minors] or click on the link below, to read it and enjoy the video\nhttps://hololivepro.com/en/request-to-minors/\n-------------------------------"
        },
        "defaultAudioLanguage": "en"
      },
      "liveStreamingDetails": {
        "actualStartTime": "2025-06-29T17:30:34Z",
        "scheduledStartTime": "2025-06-29T17:30:00Z",
        "concurrentViewers": "11506",
        "activeLiveChatId": "Cg0KCzF1R081SEFmZ0ZFKicKGFVDSHN4NEhxYS0xT1JqUVRoOVRZRGh3dxILMXVHTzVIQWZnRkU"
      }
    }
  ],
  "pageInfo": {
    "totalResults": 1,
    "resultsPerPage": 1
  }
}

2025-06-29 22:05:32.681 +02:00 [INF] [YouTube API] liveStreamingDetails trouvé, isLive=True
2025-06-29 22:05:32.719 +02:00 [ERR] Erreur inattendue lors de la récupération des informations du stream pour https://www.youtube.com/watch?v=1uGO5HAfgFE
System.Net.Http.HttpRequestException: Response status code does not indicate success: 400 (Bad Request).
   at System.Net.Http.HttpResponseMessage.EnsureSuccessStatusCode()
   at System.Net.Http.HttpClient.GetStringAsyncCore(HttpRequestMessage request, CancellationToken cancellationToken)
   at Strivea.Services.YouTubeStreamDetector.GetStreamInfoAsync(String url) in F:\1\Nouveau dossier\Channel-monitor\Services\YouTubeStreamDetector.cs:line 276
2025-06-29 22:08:23.645 +02:00 [INF] Démarrage de l'application...
2025-06-29 22:08:23.677 +02:00 [INF] Initialisation de l'application...
2025-06-29 22:08:23.713 +02:00 [INF] Initialisation du framework terminée...
2025-06-29 22:08:23.713 +02:00 [INF] Application Avalonia construite
2025-06-29 22:08:23.714 +02:00 [INF] Configuration des services...
2025-06-29 22:08:23.722 +02:00 [INF] Construction du conteneur DI...
2025-06-29 22:08:24.027 +02:00 [INF] Démarrage de l'application...
2025-06-29 22:08:24.102 +02:00 [INF] Initialisation du framework terminée...
2025-06-29 22:08:24.393 +02:00 [INF] YouTubeStreamDetector initialisé
2025-06-29 22:08:24.396 +02:00 [INF] MainViewModel initialisé
2025-06-29 22:08:24.398 +02:00 [INF] CanStartMonitoring après changement: True
2025-06-29 22:08:24.398 +02:00 [INF] CanStopMonitoring est évalué. IsMonitoring: False
2025-06-29 22:08:24.398 +02:00 [INF] CanStopMonitoring après changement: False
2025-06-29 22:08:24.412 +02:00 [INF] CanStopMonitoring est évalué. IsMonitoring: False
2025-06-29 22:08:24.415 +02:00 [INF] Application démarrée avec succès
2025-06-29 22:08:28.294 +02:00 [INF] Début de la récupération des informations du stream YouTube pour : https://www.youtube.com/@TakanashiKiara
2025-06-29 22:08:29.177 +02:00 [INF] Streamlink trouvé à : C:\Program Files\Streamlink\bin\streamlink.exe
2025-06-29 22:08:29.178 +02:00 [INF] Exécution de streamlink avec les arguments : -j https://www.youtube.com/@TakanashiKiara best
2025-06-29 22:08:29.180 +02:00 [INF] Processus streamlink démarré
2025-06-29 22:08:31.367 +02:00 [INF] Processus streamlink terminé avec le code : 0
2025-06-29 22:08:31.367 +02:00 [INF] Sortie Streamlink (JSON) : {
  "type": "hls",
  "url": "https://manifest.googlevideo.com/api/manifest/hls_playlist/expire/1751249339/ei/W51haOn_HMyfi9oPsI2q2AY/ip/2a01:e0a:8f1:aac0:53b:a603:3714:1c77/id/1uGO5HAfgFE.1/itag/301/source/yt_live_broadcast/requiressl/yes/ratebypass/yes/live/1/sgoap/gir%3Dyes%3Bitag%3D140/sgovp/gir%3Dyes%3Bitag%3D299/rqh/1/hls_chunk_host/rr4---sn-25ge7nsk.googlevideo.com/xpc/EgVo2aDSNQ%3D%3D/bui/AY1jyLOSle6pTcQ3u0HbLoQHCbuYjSMGeO5eSHFAHIqlxeDdrMlhXXLf65Qu-4qv0bc24NxNX4QB39IZ/spc/l3OVKe-llNTD6zk83bWuIZ47ZTQuUFn6pNQLFA_-k7ZhjzSrP2giyYS77twtgNb_dVA/vprv/1/playlist_type/LIVE/initcwndbps/2075000/met/1751227740,/mh/RU/mm/44/mn/sn-25ge7nsk/ms/lva/mv/m/mvi/4/pl/45/rms/lva,lva/dover/11/pacing/0/keepalive/yes/fexp/51355912/mt/1751227238/sparams/expire,ei,ip,id,itag,source,requiressl,ratebypass,live,sgoap,sgovp,rqh,xpc,bui,spc,vprv,playlist_type/sig/AJfQdSswRQIgULXxgkrR2uWYDHj5fTDxrtB-6IVS0dTvo65wOftWguUCIQD00bMEGHX5UEQ_YePKs9zEG8QTJ-jtt_4Rg_xI1TwVSQ%3D%3D/lsparams/hls_chunk_host,initcwndbps,met,mh,mm,mn,ms,mv,mvi,pl,rms/lsig/APaTxxMwRAIgJ39m4PENLgNq1jyUsCaMkSkbw00a8FOrwXNyKTGkqe8CIEQrz5VpHr2MRMoyLK3Z8-PIn-JqMS2Yp-6wR50CkFMs/playlist/index.m3u8",
  "headers": {
    "User-Agent": "Mozilla/5.0 (Windows NT 10.0; Win64; x64) AppleWebKit/537.36 (KHTML, like Gecko) Chrome/134.0.0.0 Safari/537.36",
    "Accept-Encoding": "gzip, deflate, br, zstd",
    "Accept": "*/*",
    "Connection": "keep-alive"
  },
  "master": "https://manifest.googlevideo.com/api/manifest/hls_variant/expire/1751249339/ei/W51haOn_HMyfi9oPsI2q2AY/ip/2a01%3Ae0a%3A8f1%3Aaac0%3A53b%3Aa603%3A3714%3A1c77/id/1uGO5HAfgFE.1/source/yt_live_broadcast/requiressl/yes/xpc/EgVo2aDSNQ%3D%3D/hfr/1/maudio/1/bui/AY1jyLOSle6pTcQ3u0HbLoQHCbuYjSMGeO5eSHFAHIqlxeDdrMlhXXLf65Qu-4qv0bc24NxNX4QB39IZ/spc/l3OVKe-llNTD6zk83bWuIZ47ZTQuUFn6pNQLFA_-k7ZhjzSrP2giyYS77twtgNb_dVA/vprv/1/go/1/rqh/5/pacing/0/nvgoi/1/ncsapi/1/keepalive/yes/fexp/51355912/dover/11/itag/0/playlist_type/LIVE/sparams/expire%2Cei%2Cip%2Cid%2Csource%2Crequiressl%2Cxpc%2Chfr%2Cmaudio%2Cbui%2Cspc%2Cvprv%2Cgo%2Crqh%2Citag%2Cplaylist_type/sig/AJfQdSswRgIhAKH7WsDp6cwEeLKbrDzoM8yj5EY117oWA2ko3-xaALiXAiEA7rTV68RLCr8JZoA3o9lLvJtul8wl5_4QXd4Qbq4KU1M%3D/file/index.m3u8",
  "metadata": {
    "id": "1uGO5HAfgFE",
    "author": "Takanashi Kiara Ch. hololive-EN",
    "category": "Music",
    "title": "\u3010UNARCHIVED KARAOKE\u3011Marathon to 1.600.000 Subs PART 2! In my PERFUME SWIMSUIT! #kfp #\u30ad\u30a2\u30e9\u30a4\u30d6"
  }
}

2025-06-29 22:08:31.371 +02:00 [INF] Récupération de l'URL du stream pour https://www.youtube.com/@TakanashiKiara
2025-06-29 22:08:33.512 +02:00 [INF] IsMonitoring a changé: True
2025-06-29 22:08:33.512 +02:00 [INF] CanStopMonitoring est évalué. IsMonitoring: True
2025-06-29 22:08:33.512 +02:00 [INF] CanStartMonitoring après changement: False
2025-06-29 22:08:33.512 +02:00 [INF] CanStopMonitoring est évalué. IsMonitoring: True
2025-06-29 22:08:33.512 +02:00 [INF] CanStopMonitoring après changement: True
2025-06-29 22:08:33.515 +02:00 [INF] Démarrage de l'enregistrement pour TakanashiKiara sur YouTube
2025-06-29 22:08:33.515 +02:00 [INF] URL du stream : https://manifest.googlevideo.com/api/manifest/hls_playlist/expire/1751249341/ei/XZ1haPCyJMTVxN8Pk4DNQA/ip/2a01:e0a:8f1:aac0:53b:a603:3714:1c77/id/1uGO5HAfgFE.1/itag/301/source/yt_live_broadcast/requiressl/yes/ratebypass/yes/live/1/sgoap/gir%3Dyes%3Bitag%3D140/sgovp/gir%3Dyes%3Bitag%3D299/rqh/1/hls_chunk_host/rr4---sn-25ge7nsk.googlevideo.com/xpc/EgVo2aDSNQ%3D%3D/bui/AY1jyLNeaaxfMYOZO8LbG7coVa6R1xvhAjtj-NsEA18ZfpQQHdZ2hscb9YGaInr7eoqfZcgyIhXiShD1/spc/l3OVKUtcELa7NA_qJJE89QriD04eoV3os-VG50sQhzpey3U6NtylWztGFnmTX92-f6Q/vprv/1/playlist_type/LIVE/initcwndbps/1570000/met/1751227742,/mh/RU/mm/44/mn/sn-25ge7nsk/ms/lva/mv/m/mvi/4/pl/45/rms/lva,lva/dover/11/pacing/0/keepalive/yes/fexp/51355912/mt/1751227238/sparams/expire,ei,ip,id,itag,source,requiressl,ratebypass,live,sgoap,sgovp,rqh,xpc,bui,spc,vprv,playlist_type/sig/AJfQdSswRgIhAKtMJYsi5RG7rjifjFihlV8KKkH5a1Zx565vYyC4LYxDAiEAqvYcy7WWIE-Jz8CMmajZk5ENsZn9HztG4qV-ZqrwCdw%3D/lsparams/hls_chunk_host,initcwndbps,met,mh,mm,mn,ms,mv,mvi,pl,rms/lsig/APaTxxMwRgIhAJsrkY7ECWU2csam4loBUFsYBLsf65HajqVpZCD-76S7AiEA5DH4YaEcejTy3nlQLD2lyIekNwABwo-AgZLpzZAluLs%3D/playlist/index.m3u8
2025-06-29 22:08:33.515 +02:00 [INF] Chemin de sortie : C:\Users\terre\Documents\Strivea\Recordings\YouTube\TakanashiKiara\Temp\YouTube_Takanashi Kiara Ch. hololive-EN_20250629_220833\【UNARCHIVED KARAOKE】Marathon to 1.600.000 Subs PART 2! In my PERFUME SWIMSUIT! #kfp #キアライブ_20250629_220833.ts
2025-06-29 22:08:33.572 +02:00 [INF] Enregistrement démarré pour TakanashiKiara sur YouTube
2025-06-29 22:08:38.297 +02:00 [INF] CanStopMonitoring est évalué. IsMonitoring: True
2025-06-29 22:08:38.299 +02:00 [INF] Arrêt de l'enregistrement pour TakanashiKiara sur YouTube
2025-06-29 22:08:38.301 +02:00 [INF] Enregistrement terminé pour TakanashiKiara sur YouTube
2025-06-29 22:08:38.302 +02:00 [INF] Durée : 00:00:04
2025-06-29 22:08:38.302 +02:00 [INF] Taille du fichier : 2 MB
2025-06-29 22:08:38.303 +02:00 [INF] [CONCAT] Début de la concaténation des segments vidéo...
2025-06-29 22:08:38.305 +02:00 [INF] [CONCAT] Fichiers .ts à concaténer (1) :
2025-06-29 22:08:38.305 +02:00 [INF] [CONCAT] - C:\Users\terre\Documents\Strivea\Recordings\YouTube\TakanashiKiara\Temp\YouTube_Takanashi Kiara Ch. hololive-EN_20250629_220833\【UNARCHIVED KARAOKE】Marathon to 1.600.000 Subs PART 2! In my PERFUME SWIMSUIT! #kfp #キアライブ_20250629_220833.ts
2025-06-29 22:08:38.309 +02:00 [INF] CanStopMonitoring est évalué. IsMonitoring: True
2025-06-29 22:08:38.309 +02:00 [INF] [CONCAT] Début de la conversion en mp4...
2025-06-29 22:08:38.309 +02:00 [INF] Commande FFmpeg concat+reencode : ffmpeg -f concat -safe 0 -i "C:\Users\terre\Documents\Strivea\Recordings\YouTube\TakanashiKiara\Temp\YouTube_Takanashi Kiara Ch. hololive-EN_20250629_220833\TempConcat\concat.txt" -c:v libx264 -c:a aac "C:\Users\terre\Documents\Strivea\Recordings\YouTube\TakanashiKiara\Temp\YouTube_Takanashi Kiara Ch. hololive-EN_20250629_220833\TempConcat\output.mp4"
2025-06-29 22:08:41.166 +02:00 [ERR] FFmpeg stderr : ffmpeg version 7.1.1-essentials_build-www.gyan.dev Copyright (c) 2000-2025 the FFmpeg developers
  built with gcc 14.2.0 (Rev1, Built by MSYS2 project)
  configuration: --enable-gpl --enable-version3 --enable-static --disable-w32threads --disable-autodetect --enable-fontconfig --enable-iconv --enable-gnutls --enable-libxml2 --enable-gmp --enable-bzlib --enable-lzma --enable-zlib --enable-libsrt --enable-libssh --enable-libzmq --enable-avisynth --enable-sdl2 --enable-libwebp --enable-libx264 --enable-libx265 --enable-libxvid --enable-libaom --enable-libopenjpeg --enable-libvpx --enable-mediafoundation --enable-libass --enable-libfreetype --enable-libfribidi --enable-libharfbuzz --enable-libvidstab --enable-libvmaf --enable-libzimg --enable-amf --enable-cuda-llvm --enable-cuvid --enable-dxva2 --enable-d3d11va --enable-d3d12va --enable-ffnvcodec --enable-libvpl --enable-nvdec --enable-nvenc --enable-vaapi --enable-libgme --enable-libopenmpt --enable-libopencore-amrwb --enable-libmp3lame --enable-libtheora --enable-libvo-amrwbenc --enable-libgsm --enable-libopencore-amrnb --enable-libopus --enable-libspeex --enable-libvorbis --enable-librubberband
  libavutil      59. 39.100 / 59. 39.100
  libavcodec     61. 19.101 / 61. 19.101
  libavformat    61.  7.100 / 61.  7.100
  libavdevice    61.  3.100 / 61.  3.100
  libavfilter    10.  4.100 / 10.  4.100
  libswscale      8.  3.100 /  8.  3.100
  libswresample   5.  3.100 /  5.  3.100
  libpostproc    58.  3.100 / 58.  3.100
[mpegts @ 0000024208730380] PES packet size mismatch
[mpegts @ 0000024208730380] Packet corrupt (stream = 1, dts = 856168500).
Input #0, concat, from 'C:\Users\terre\Documents\Strivea\Recordings\YouTube\TakanashiKiara\Temp\YouTube_Takanashi Kiara Ch. hololive-EN_20250629_220833\TempConcat\concat.txt':
  Duration: N/A, start: 0.000000, bitrate: 135 kb/s
  Stream #0:0: Audio: aac (LC) ([15][0][0][0] / 0x000F), 44100 Hz, stereo, fltp, 135 kb/s
  Stream #0:1: Video: h264 (Main) ([27][0][0][0] / 0x001B), yuv420p(tv, bt709, progressive), 1920x1080 [SAR 1:1 DAR 16:9], 60 fps, 60 tbr, 90k tbn
Stream mapping:
  Stream #0:1 -> #0:0 (h264 (native) -> h264 (libx264))
  Stream #0:0 -> #0:1 (aac (native) -> aac (native))
Press [q] to stop, [?] for help
[libx264 @ 0000024208d97680] using SAR=1/1
[libx264 @ 0000024208d97680] using cpu capabilities: MMX2 SSE2Fast SSSE3 SSE4.2 AVX FMA3 BMI2 AVX2 AVX512
[libx264 @ 0000024208d97680] profile High, level 4.2, 4:2:0, 8-bit
[libx264 @ 0000024208d97680] 264 - core 164 r3204 373697b - H.264/MPEG-4 AVC codec - Copyleft 2003-2025 - http://www.videolan.org/x264.html - options: cabac=1 ref=3 deblock=1:0:0 analyse=0x3:0x113 me=hex subme=7 psy=1 psy_rd=1.00:0.00 mixed_ref=1 me_range=16 chroma_me=1 trellis=1 8x8dct=1 cqm=0 deadzone=21,11 fast_pskip=1 chroma_qp_offset=-2 threads=24 lookahead_threads=4 sliced_threads=0 nr=0 decimate=1 interlaced=0 bluray_compat=0 constrained_intra=0 bframes=3 b_pyramid=2 b_adapt=1 b_bias=0 direct=1 weightb=1 open_gop=0 weightp=2 keyint=250 keyint_min=25 scenecut=40 intra_refresh=0 rc_lookahead=40 rc=crf mbtree=1 crf=23.0 qcomp=0.60 qpmin=0 qpmax=69 qpstep=4 ip_ratio=1.40 aq=1:1.00
Output #0, mp4, to 'C:\Users\terre\Documents\Strivea\Recordings\YouTube\TakanashiKiara\Temp\YouTube_Takanashi Kiara Ch. hololive-EN_20250629_220833\TempConcat\output.mp4':
  Metadata:
    encoder         : Lavf61.7.100
  Stream #0:0: Video: h264 (avc1 / 0x31637661), yuv420p(tv, bt709, progressive), 1920x1080 [SAR 1:1 DAR 16:9], q=2-31, 60 fps, 15360 tbn
      Metadata:
        encoder         : Lavc61.19.101 libx264
      Side data:
        cpb: bitrate max/min/avg: 0/0/0 buffer size: 0 vbv_delay: N/A
  Stream #0:1: Audio: aac (LC) (mp4a / 0x6134706D), 44100 Hz, stereo, fltp, 128 kb/s
      Metadata:
        encoder         : Lavc61.19.101 aac
frame=   16 fps=0.0 q=31.0 size=     256KiB time=00:00:00.23 bitrate=8989.5kbits/s speed=0.452x    
frame=   74 fps= 72 q=31.0 size=     768KiB time=00:00:01.20 bitrate=5243.2kbits/s speed=1.16x    
frame=  134 fps= 87 q=31.0 size=    1280KiB time=00:00:02.20 bitrate=4766.4kbits/s speed=1.42x    
[mpegts @ 0000024208730380] PES packet size mismatch
[mpegts @ 0000024208730380] Packet corrupt (stream = 1, dts = 856168500).
[concat @ 000002420872ee80] Packet corrupt (stream = 1, dts = 447000).
[in#0/concat @ 0000024208732c80] corrupt input packet in stream 1
[h264 @ 00000242099b68c0] error while decoding MB 40 37, bytestream -5
[h264 @ 00000242099b68c0] concealing 3729 DC, 3729 AC, 3729 MV errors in P frame
frame=  201 fps= 97 q=31.0 size=    2048KiB time=00:00:03.31 bitrate=5058.6kbits/s speed=1.61x    
[vist#0:1/h264 @ 0000024208bb0040] [dec:h264 @ 0000024208740e00] corrupt decoded frame
frame=  279 fps=109 q=-1.0 size=    2816KiB time=N/A bitrate=N/A speed=N/A    
[out#0/mp4 @ 0000024208732900] video:3175KiB audio:78KiB subtitle:0KiB other streams:0KiB global headers:0KiB muxing overhead: 0.289594%
frame=  300 fps=113 q=-1.0 Lsize=    3263KiB time=00:00:04.96 bitrate=5381.8kbits/s speed=1.87x    
[libx264 @ 0000024208d97680] frame I:2     Avg QP:22.11  size: 92082
[libx264 @ 0000024208d97680] frame P:81    Avg QP:24.58  size: 24028
[libx264 @ 0000024208d97680] frame B:217   Avg QP:29.87  size:  5162
[libx264 @ 0000024208d97680] consecutive B-frames:  1.7%  4.7%  3.0% 90.7%
[libx264 @ 0000024208d97680] mb I  I16..4: 25.3% 52.4% 22.3%
[libx264 @ 0000024208d97680] mb P  I16..4:  3.5%  4.3%  1.2%  P16..4: 38.7%  8.1%  3.4%  0.0%  0.0%    skip:40.8%
[libx264 @ 0000024208d97680] mb B  I16..4:  0.2%  0.1%  0.0%  B16..8: 36.0%  1.7%  0.2%  direct: 0.3%  skip:61.5%  L0:52.9% L1:45.6% BI: 1.6%
[libx264 @ 0000024208d97680] 8x8 transform intra:47.6% inter:75.6%
[libx264 @ 0000024208d97680] coded y,uvDC,uvAC intra: 28.4% 52.9% 21.9% inter: 4.0% 6.1% 0.3%
[libx264 @ 0000024208d97680] i16 v,h,dc,p: 48% 30%  8% 14%
[libx264 @ 0000024208d97680] i8 v,h,dc,ddl,ddr,vr,hd,vl,hu: 26% 20% 38%  2%  3%  3%  3%  2%  2%
[libx264 @ 0000024208d97680] i4 v,h,dc,ddl,ddr,vr,hd,vl,hu: 31% 25% 16%  4%  5%  5%  5%  4%  4%
[libx264 @ 0000024208d97680] i8c dc,h,v,p: 40% 25% 30%  5%
[libx264 @ 0000024208d97680] Weighted P-Frames: Y:0.0% UV:0.0%
[libx264 @ 0000024208d97680] ref P L0: 67.6%  9.0% 19.0%  4.5%
[libx264 @ 0000024208d97680] ref B L0: 93.3%  5.8%  0.9%
[libx264 @ 0000024208d97680] ref B L1: 97.5%  2.5%
[libx264 @ 0000024208d97680] kb/s:5201.01
[aac @ 00000242099b6500] Qavg: 416.345

2025-06-29 22:08:41.168 +02:00 [INF] FFmpeg terminé avec code 0
2025-06-29 22:08:41.169 +02:00 [INF] FFmpeg concat+reencode result: 
[stderr]
ffmpeg version 7.1.1-essentials_build-www.gyan.dev Copyright (c) 2000-2025 the FFmpeg developers
  built with gcc 14.2.0 (Rev1, Built by MSYS2 project)
  configuration: --enable-gpl --enable-version3 --enable-static --disable-w32threads --disable-autodetect --enable-fontconfig --enable-iconv --enable-gnutls --enable-libxml2 --enable-gmp --enable-bzlib --enable-lzma --enable-zlib --enable-libsrt --enable-libssh --enable-libzmq --enable-avisynth --enable-sdl2 --enable-libwebp --enable-libx264 --enable-libx265 --enable-libxvid --enable-libaom --enable-libopenjpeg --enable-libvpx --enable-mediafoundation --enable-libass --enable-libfreetype --enable-libfribidi --enable-libharfbuzz --enable-libvidstab --enable-libvmaf --enable-libzimg --enable-amf --enable-cuda-llvm --enable-cuvid --enable-dxva2 --enable-d3d11va --enable-d3d12va --enable-ffnvcodec --enable-libvpl --enable-nvdec --enable-nvenc --enable-vaapi --enable-libgme --enable-libopenmpt --enable-libopencore-amrwb --enable-libmp3lame --enable-libtheora --enable-libvo-amrwbenc --enable-libgsm --enable-libopencore-amrnb --enable-libopus --enable-libspeex --enable-libvorbis --enable-librubberband
  libavutil      59. 39.100 / 59. 39.100
  libavcodec     61. 19.101 / 61. 19.101
  libavformat    61.  7.100 / 61.  7.100
  libavdevice    61.  3.100 / 61.  3.100
  libavfilter    10.  4.100 / 10.  4.100
  libswscale      8.  3.100 /  8.  3.100
  libswresample   5.  3.100 /  5.  3.100
  libpostproc    58.  3.100 / 58.  3.100
[mpegts @ 0000024208730380] PES packet size mismatch
[mpegts @ 0000024208730380] Packet corrupt (stream = 1, dts = 856168500).
Input #0, concat, from 'C:\Users\terre\Documents\Strivea\Recordings\YouTube\TakanashiKiara\Temp\YouTube_Takanashi Kiara Ch. hololive-EN_20250629_220833\TempConcat\concat.txt':
  Duration: N/A, start: 0.000000, bitrate: 135 kb/s
  Stream #0:0: Audio: aac (LC) ([15][0][0][0] / 0x000F), 44100 Hz, stereo, fltp, 135 kb/s
  Stream #0:1: Video: h264 (Main) ([27][0][0][0] / 0x001B), yuv420p(tv, bt709, progressive), 1920x1080 [SAR 1:1 DAR 16:9], 60 fps, 60 tbr, 90k tbn
Stream mapping:
  Stream #0:1 -> #0:0 (h264 (native) -> h264 (libx264))
  Stream #0:0 -> #0:1 (aac (native) -> aac (native))
Press [q] to stop, [?] for help
[libx264 @ 0000024208d97680] using SAR=1/1
[libx264 @ 0000024208d97680] using cpu capabilities: MMX2 SSE2Fast SSSE3 SSE4.2 AVX FMA3 BMI2 AVX2 AVX512
[libx264 @ 0000024208d97680] profile High, level 4.2, 4:2:0, 8-bit
[libx264 @ 0000024208d97680] 264 - core 164 r3204 373697b - H.264/MPEG-4 AVC codec - Copyleft 2003-2025 - http://www.videolan.org/x264.html - options: cabac=1 ref=3 deblock=1:0:0 analyse=0x3:0x113 me=hex subme=7 psy=1 psy_rd=1.00:0.00 mixed_ref=1 me_range=16 chroma_me=1 trellis=1 8x8dct=1 cqm=0 deadzone=21,11 fast_pskip=1 chroma_qp_offset=-2 threads=24 lookahead_threads=4 sliced_threads=0 nr=0 decimate=1 interlaced=0 bluray_compat=0 constrained_intra=0 bframes=3 b_pyramid=2 b_adapt=1 b_bias=0 direct=1 weightb=1 open_gop=0 weightp=2 keyint=250 keyint_min=25 scenecut=40 intra_refresh=0 rc_lookahead=40 rc=crf mbtree=1 crf=23.0 qcomp=0.60 qpmin=0 qpmax=69 qpstep=4 ip_ratio=1.40 aq=1:1.00
Output #0, mp4, to 'C:\Users\terre\Documents\Strivea\Recordings\YouTube\TakanashiKiara\Temp\YouTube_Takanashi Kiara Ch. hololive-EN_20250629_220833\TempConcat\output.mp4':
  Metadata:
    encoder         : Lavf61.7.100
  Stream #0:0: Video: h264 (avc1 / 0x31637661), yuv420p(tv, bt709, progressive), 1920x1080 [SAR 1:1 DAR 16:9], q=2-31, 60 fps, 15360 tbn
      Metadata:
        encoder         : Lavc61.19.101 libx264
      Side data:
        cpb: bitrate max/min/avg: 0/0/0 buffer size: 0 vbv_delay: N/A
  Stream #0:1: Audio: aac (LC) (mp4a / 0x6134706D), 44100 Hz, stereo, fltp, 128 kb/s
      Metadata:
        encoder         : Lavc61.19.101 aac
frame=   16 fps=0.0 q=31.0 size=     256KiB time=00:00:00.23 bitrate=8989.5kbits/s speed=0.452x    
frame=   74 fps= 72 q=31.0 size=     768KiB time=00:00:01.20 bitrate=5243.2kbits/s speed=1.16x    
frame=  134 fps= 87 q=31.0 size=    1280KiB time=00:00:02.20 bitrate=4766.4kbits/s speed=1.42x    
[mpegts @ 0000024208730380] PES packet size mismatch
[mpegts @ 0000024208730380] Packet corrupt (stream = 1, dts = 856168500).
[concat @ 000002420872ee80] Packet corrupt (stream = 1, dts = 447000).
[in#0/concat @ 0000024208732c80] corrupt input packet in stream 1
[h264 @ 00000242099b68c0] error while decoding MB 40 37, bytestream -5
[h264 @ 00000242099b68c0] concealing 3729 DC, 3729 AC, 3729 MV errors in P frame
frame=  201 fps= 97 q=31.0 size=    2048KiB time=00:00:03.31 bitrate=5058.6kbits/s speed=1.61x    
[vist#0:1/h264 @ 0000024208bb0040] [dec:h264 @ 0000024208740e00] corrupt decoded frame
frame=  279 fps=109 q=-1.0 size=    2816KiB time=N/A bitrate=N/A speed=N/A    
[out#0/mp4 @ 0000024208732900] video:3175KiB audio:78KiB subtitle:0KiB other streams:0KiB global headers:0KiB muxing overhead: 0.289594%
frame=  300 fps=113 q=-1.0 Lsize=    3263KiB time=00:00:04.96 bitrate=5381.8kbits/s speed=1.87x    
[libx264 @ 0000024208d97680] frame I:2     Avg QP:22.11  size: 92082
[libx264 @ 0000024208d97680] frame P:81    Avg QP:24.58  size: 24028
[libx264 @ 0000024208d97680] frame B:217   Avg QP:29.87  size:  5162
[libx264 @ 0000024208d97680] consecutive B-frames:  1.7%  4.7%  3.0% 90.7%
[libx264 @ 0000024208d97680] mb I  I16..4: 25.3% 52.4% 22.3%
[libx264 @ 0000024208d97680] mb P  I16..4:  3.5%  4.3%  1.2%  P16..4: 38.7%  8.1%  3.4%  0.0%  0.0%    skip:40.8%
[libx264 @ 0000024208d97680] mb B  I16..4:  0.2%  0.1%  0.0%  B16..8: 36.0%  1.7%  0.2%  direct: 0.3%  skip:61.5%  L0:52.9% L1:45.6% BI: 1.6%
[libx264 @ 0000024208d97680] 8x8 transform intra:47.6% inter:75.6%
[libx264 @ 0000024208d97680] coded y,uvDC,uvAC intra: 28.4% 52.9% 21.9% inter: 4.0% 6.1% 0.3%
[libx264 @ 0000024208d97680] i16 v,h,dc,p: 48% 30%  8% 14%
[libx264 @ 0000024208d97680] i8 v,h,dc,ddl,ddr,vr,hd,vl,hu: 26% 20% 38%  2%  3%  3%  3%  2%  2%
[libx264 @ 0000024208d97680] i4 v,h,dc,ddl,ddr,vr,hd,vl,hu: 31% 25% 16%  4%  5%  5%  5%  4%  4%
[libx264 @ 0000024208d97680] i8c dc,h,v,p: 40% 25% 30%  5%
[libx264 @ 0000024208d97680] Weighted P-Frames: Y:0.0% UV:0.0%
[libx264 @ 0000024208d97680] ref P L0: 67.6%  9.0% 19.0%  4.5%
[libx264 @ 0000024208d97680] ref B L0: 93.3%  5.8%  0.9%
[libx264 @ 0000024208d97680] ref B L1: 97.5%  2.5%
[libx264 @ 0000024208d97680] kb/s:5201.01
[aac @ 00000242099b6500] Qavg: 416.345

2025-06-29 22:08:41.170 +02:00 [INF] [CONCAT] Déplacement du fichier final vers : C:\Users\terre\Documents\Strivea\Recordings\YouTube\TakanashiKiara\Temp\【UNARCHIVED KARAOKE】Marathon to 1.600.000 Subs PART 2! In my PERFUME SWIMSUIT! #kfp #キアライブ.mp4
2025-06-29 22:08:41.171 +02:00 [INF] [CONCAT] Fichier final déplacé vers : C:\Users\terre\Documents\Strivea\Recordings\YouTube\TakanashiKiara\Temp\【UNARCHIVED KARAOKE】Marathon to 1.600.000 Subs PART 2! In my PERFUME SWIMSUIT! #kfp #キアライブ.mp4
2025-06-29 22:08:41.172 +02:00 [INF] [CONCAT] Concaténation et conversion terminées avec succès.
2025-06-29 22:08:41.173 +02:00 [INF] CanStopMonitoring est évalué. IsMonitoring: True
2025-06-29 22:08:41.175 +02:00 [INF] IsMonitoring a changé: False
2025-06-29 22:08:41.175 +02:00 [INF] CanStopMonitoring est évalué. IsMonitoring: False
2025-06-29 22:08:41.175 +02:00 [INF] CanStartMonitoring après changement: True
2025-06-29 22:08:41.175 +02:00 [INF] CanStopMonitoring est évalué. IsMonitoring: False
2025-06-29 22:08:41.175 +02:00 [INF] CanStopMonitoring après changement: False
2025-06-29 22:08:41.175 +02:00 [INF] [DEBUG] IsMonitoring forcé à False dans finally StopMonitoringAsync
2025-06-29 22:08:41.175 +02:00 [INF] CanStopMonitoring est évalué. IsMonitoring: False
2025-06-29 22:12:37.075 +02:00 [INF] Démarrage de l'application...
2025-06-29 22:12:37.111 +02:00 [INF] Initialisation de l'application...
2025-06-29 22:12:37.150 +02:00 [INF] Initialisation du framework terminée...
2025-06-29 22:12:37.150 +02:00 [INF] Application Avalonia construite
2025-06-29 22:12:37.151 +02:00 [INF] Configuration des services...
2025-06-29 22:12:37.161 +02:00 [INF] Construction du conteneur DI...
2025-06-29 22:12:37.498 +02:00 [INF] Démarrage de l'application...
2025-06-29 22:12:37.585 +02:00 [INF] Initialisation du framework terminée...
2025-06-29 22:12:37.918 +02:00 [INF] YouTubeStreamDetector initialisé
2025-06-29 22:12:37.922 +02:00 [INF] MainViewModel initialisé
2025-06-29 22:12:37.924 +02:00 [INF] CanStartMonitoring après changement: True
2025-06-29 22:12:37.924 +02:00 [INF] CanStopMonitoring est évalué. IsMonitoring: False
2025-06-29 22:12:37.924 +02:00 [INF] CanStopMonitoring après changement: False
2025-06-29 22:12:37.940 +02:00 [INF] CanStopMonitoring est évalué. IsMonitoring: False
2025-06-29 22:12:37.943 +02:00 [INF] Application démarrée avec succès
2025-06-29 22:12:40.103 +02:00 [INF] Début de la récupération des informations du stream YouTube pour : https://www.youtube.com/watch?v=1uGO5HAfgFE
2025-06-29 22:12:40.322 +02:00 [ERR] Erreur inattendue lors de la récupération des informations du stream pour https://www.youtube.com/watch?v=1uGO5HAfgFE
System.Net.Http.HttpRequestException: Response status code does not indicate success: 400 (Bad Request).
   at System.Net.Http.HttpResponseMessage.EnsureSuccessStatusCode()
   at System.Net.Http.HttpClient.GetStringAsyncCore(HttpRequestMessage request, CancellationToken cancellationToken)
   at Strivea.Services.YouTubeStreamDetector.GetStreamInfoAsync(String url) in F:\1\Nouveau dossier\Channel-monitor\Services\YouTubeStreamDetector.cs:line 259
2025-06-29 22:14:19.836 +02:00 [INF] Démarrage de l'application...
2025-06-29 22:14:19.874 +02:00 [INF] Initialisation de l'application...
2025-06-29 22:14:19.913 +02:00 [INF] Initialisation du framework terminée...
2025-06-29 22:14:19.913 +02:00 [INF] Application Avalonia construite
2025-06-29 22:14:19.914 +02:00 [INF] Configuration des services...
2025-06-29 22:14:19.922 +02:00 [INF] Construction du conteneur DI...
2025-06-29 22:14:20.250 +02:00 [INF] Démarrage de l'application...
2025-06-29 22:14:20.343 +02:00 [INF] Initialisation du framework terminée...
2025-06-29 22:14:20.719 +02:00 [INF] YouTubeStreamDetector initialisé
2025-06-29 22:14:20.723 +02:00 [INF] MainViewModel initialisé
2025-06-29 22:14:20.725 +02:00 [INF] CanStartMonitoring après changement: True
2025-06-29 22:14:20.726 +02:00 [INF] CanStopMonitoring est évalué. IsMonitoring: False
2025-06-29 22:14:20.726 +02:00 [INF] CanStopMonitoring après changement: False
2025-06-29 22:14:20.742 +02:00 [INF] CanStopMonitoring est évalué. IsMonitoring: False
2025-06-29 22:14:20.746 +02:00 [INF] Application démarrée avec succès
2025-06-29 22:14:26.957 +02:00 [INF] Début de la récupération des informations du stream YouTube pour : https://www.youtube.com/watch?v=1uGO5HAfgFE
2025-06-29 22:14:27.165 +02:00 [ERR] Erreur inattendue lors de la récupération des informations du stream pour https://www.youtube.com/watch?v=1uGO5HAfgFE
System.Net.Http.HttpRequestException: Response status code does not indicate success: 400 (Bad Request).
   at System.Net.Http.HttpResponseMessage.EnsureSuccessStatusCode()
   at System.Net.Http.HttpClient.GetStringAsyncCore(HttpRequestMessage request, CancellationToken cancellationToken)
   at Strivea.Services.YouTubeStreamDetector.GetStreamInfoAsync(String url) in F:\1\Nouveau dossier\Channel-monitor\Services\YouTubeStreamDetector.cs:line 259
2025-06-29 22:15:41.360 +02:00 [INF] Démarrage de l'application...
2025-06-29 22:15:41.391 +02:00 [INF] Initialisation de l'application...
2025-06-29 22:15:41.425 +02:00 [INF] Initialisation du framework terminée...
2025-06-29 22:15:41.425 +02:00 [INF] Application Avalonia construite
2025-06-29 22:15:41.426 +02:00 [INF] Configuration des services...
2025-06-29 22:15:41.434 +02:00 [INF] Construction du conteneur DI...
2025-06-29 22:15:41.721 +02:00 [INF] Démarrage de l'application...
2025-06-29 22:15:41.797 +02:00 [INF] Initialisation du framework terminée...
2025-06-29 22:15:42.094 +02:00 [INF] YouTubeStreamDetector initialisé
2025-06-29 22:15:42.096 +02:00 [INF] MainViewModel initialisé
2025-06-29 22:15:42.098 +02:00 [INF] CanStartMonitoring après changement: True
2025-06-29 22:15:42.098 +02:00 [INF] CanStopMonitoring est évalué. IsMonitoring: False
2025-06-29 22:15:42.098 +02:00 [INF] CanStopMonitoring après changement: False
2025-06-29 22:15:42.112 +02:00 [INF] CanStopMonitoring est évalué. IsMonitoring: False
2025-06-29 22:15:42.114 +02:00 [INF] Application démarrée avec succès
2025-06-29 22:15:51.517 +02:00 [INF] Début de la récupération des informations du stream YouTube pour : https://www.youtube.com/watch?v=1uGO5HAfgFE
2025-06-29 22:15:51.737 +02:00 [ERR] Erreur inattendue lors de la récupération des informations du stream pour https://www.youtube.com/watch?v=1uGO5HAfgFE
System.Net.Http.HttpRequestException: Response status code does not indicate success: 400 (Bad Request).
   at System.Net.Http.HttpResponseMessage.EnsureSuccessStatusCode()
   at System.Net.Http.HttpClient.GetStringAsyncCore(HttpRequestMessage request, CancellationToken cancellationToken)
   at Strivea.Services.YouTubeStreamDetector.GetStreamInfoAsync(String url) in F:\1\Nouveau dossier\Channel-monitor\Services\YouTubeStreamDetector.cs:line 259
2025-06-29 22:19:48.421 +02:00 [INF] Démarrage de l'application...
2025-06-29 22:19:48.461 +02:00 [INF] Initialisation de l'application...
2025-06-29 22:19:48.506 +02:00 [INF] Initialisation du framework terminée...
2025-06-29 22:19:48.506 +02:00 [INF] Application Avalonia construite
2025-06-29 22:19:48.507 +02:00 [INF] Configuration des services...
2025-06-29 22:19:48.516 +02:00 [INF] Construction du conteneur DI...
2025-06-29 22:19:48.860 +02:00 [INF] Démarrage de l'application...
2025-06-29 22:19:48.956 +02:00 [INF] Initialisation du framework terminée...
2025-06-29 22:19:49.286 +02:00 [INF] YouTubeStreamDetector initialisé
2025-06-29 22:19:49.289 +02:00 [INF] MainViewModel initialisé
2025-06-29 22:19:49.292 +02:00 [INF] CanStartMonitoring après changement: True
2025-06-29 22:19:49.292 +02:00 [INF] CanStopMonitoring est évalué. IsMonitoring: False
2025-06-29 22:19:49.292 +02:00 [INF] CanStopMonitoring après changement: False
2025-06-29 22:19:49.308 +02:00 [INF] CanStopMonitoring est évalué. IsMonitoring: False
2025-06-29 22:19:49.311 +02:00 [INF] Application démarrée avec succès
2025-06-29 22:19:52.106 +02:00 [INF] Début de la récupération des informations du stream YouTube pour : https://www.youtube.com/watch?v=1uGO5HAfgFE
2025-06-29 22:19:52.366 +02:00 [ERR] Erreur inattendue lors de la récupération des informations du stream pour https://www.youtube.com/watch?v=1uGO5HAfgFE
System.Net.Http.HttpRequestException: Response status code does not indicate success: 400 (Bad Request).
   at System.Net.Http.HttpResponseMessage.EnsureSuccessStatusCode()
   at System.Net.Http.HttpClient.GetStringAsyncCore(HttpRequestMessage request, CancellationToken cancellationToken)
   at Strivea.Services.YouTubeStreamDetector.GetStreamInfoAsync(String url) in F:\1\Nouveau dossier\Channel-monitor\Services\YouTubeStreamDetector.cs:line 267
2025-06-29 22:22:56.321 +02:00 [INF] Démarrage de l'application...
2025-06-29 22:22:56.353 +02:00 [INF] Initialisation de l'application...
2025-06-29 22:22:56.389 +02:00 [INF] Initialisation du framework terminée...
2025-06-29 22:22:56.389 +02:00 [INF] Application Avalonia construite
2025-06-29 22:22:56.390 +02:00 [INF] Configuration des services...
2025-06-29 22:22:56.398 +02:00 [INF] Construction du conteneur DI...
2025-06-29 22:22:56.700 +02:00 [INF] Démarrage de l'application...
2025-06-29 22:22:56.774 +02:00 [INF] Initialisation du framework terminée...
2025-06-29 22:22:57.065 +02:00 [INF] YouTubeStreamDetector initialisé
2025-06-29 22:22:57.068 +02:00 [INF] MainViewModel initialisé
2025-06-29 22:22:57.070 +02:00 [INF] CanStartMonitoring après changement: True
2025-06-29 22:22:57.070 +02:00 [INF] CanStopMonitoring est évalué. IsMonitoring: False
2025-06-29 22:22:57.070 +02:00 [INF] CanStopMonitoring après changement: False
2025-06-29 22:22:57.083 +02:00 [INF] CanStopMonitoring est évalué. IsMonitoring: False
2025-06-29 22:22:57.086 +02:00 [INF] Application démarrée avec succès
2025-06-29 22:23:03.323 +02:00 [INF] Début de la récupération des informations du stream YouTube pour : https://www.youtube.com/watch?v=1uGO5HAfgFE
2025-06-29 22:23:03.463 +02:00 [INF] [API] videoResponse: {
  "kind": "youtube#videoListResponse",
  "etag": "oslHSR6buVTDNtV3lo1do3skN4s",
  "items": [
    {
      "kind": "youtube#video",
      "etag": "pGrEFup4UNKmhr003zzg3HpXHFg",
      "id": "1uGO5HAfgFE",
      "snippet": {
        "publishedAt": "2025-06-29T00:48:46Z",
        "channelId": "UCHsx4Hqa-1ORjQTh9TYDhww",
        "title": "【UNARCHIVED KARAOKE】Marathon to 1.600.000 Subs PART 2! In my PERFUME SWIMSUIT! #kfp #キアライブ",
        "description": "stream my new song, PERFUME✨ https://cover.lnk.to/zJ4BEH\nmodel made by  @holoen_raorapanthera  and SIvan!!! thumbnail art by  @yubbii_draw  \n\n 🏵️[Twitter] 🏵️\nhttps://twitter.com/takanashikiara\n\n 🏵️[Hashtags] 🏵️\n#kfp #キアライブ#hololiveenglish #holomyth #takanashikiara \nFANART #KFPicasso\n\n＝＝＝＝＝＝＝＝＝＝＝＝＝＝＝＝＝＝＝＝＝＝＝＝＝\n\n[Fan Work Guidelines]\nhttps://en.hololive.tv/terms\n\n\n--------------------------------\nRequest from hololive production to underage viewers\nPlease search for [Request To Minors] or click on the link below, to read it and enjoy the video\nhttps://hololivepro.com/en/request-to-minors/\n-------------------------------",
        "thumbnails": {
          "default": {
            "url": "https://i.ytimg.com/vi/1uGO5HAfgFE/default_live.jpg",
            "width": 120,
            "height": 90
          },
          "medium": {
            "url": "https://i.ytimg.com/vi/1uGO5HAfgFE/mqdefault_live.jpg",
            "width": 320,
            "height": 180
          },
          "high": {
            "url": "https://i.ytimg.com/vi/1uGO5HAfgFE/hqdefault_live.jpg",
            "width": 480,
            "height": 360
          },
          "standard": {
            "url": "https://i.ytimg.com/vi/1uGO5HAfgFE/sddefault_live.jpg",
            "width": 640,
            "height": 480
          },
          "maxres": {
            "url": "https://i.ytimg.com/vi/1uGO5HAfgFE/maxresdefault_live.jpg",
            "width": 1280,
            "height": 720
          }
        },
        "channelTitle": "Takanashi Kiara Ch. hololive-EN",
        "tags": [
          "ホロライブ",
          "hololive",
          "ホロライブプロダクション",
          "hololive production",
          "ホロプロ",
          "Takanashi",
          "Kiara",
          "小鳥遊",
          "キアラ",
          "hololive English",
          "holoEN",
          "hololive Myth",
          "holoMyth"
        ],
        "categoryId": "10",
        "liveBroadcastContent": "live",
        "localized": {
          "title": "【UNARCHIVED KARAOKE】Marathon to 1.600.000 Subs PART 2! In my PERFUME SWIMSUIT! #kfp #キアライブ",
          "description": "stream my new song, PERFUME✨ https://cover.lnk.to/zJ4BEH\nmodel made by  @holoen_raorapanthera  and SIvan!!! thumbnail art by  @yubbii_draw  \n\n 🏵️[Twitter] 🏵️\nhttps://twitter.com/takanashikiara\n\n 🏵️[Hashtags] 🏵️\n#kfp #キアライブ#hololiveenglish #holomyth #takanashikiara \nFANART #KFPicasso\n\n＝＝＝＝＝＝＝＝＝＝＝＝＝＝＝＝＝＝＝＝＝＝＝＝＝\n\n[Fan Work Guidelines]\nhttps://en.hololive.tv/terms\n\n\n--------------------------------\nRequest from hololive production to underage viewers\nPlease search for [Request To Minors] or click on the link below, to read it and enjoy the video\nhttps://hololivepro.com/en/request-to-minors/\n-------------------------------"
        },
        "defaultAudioLanguage": "en"
      },
      "liveStreamingDetails": {
        "actualStartTime": "2025-06-29T17:30:34Z",
        "scheduledStartTime": "2025-06-29T17:30:00Z",
        "concurrentViewers": "9383",
        "activeLiveChatId": "Cg0KCzF1R081SEFmZ0ZFKicKGFVDSHN4NEhxYS0xT1JqUVRoOVRZRGh3dxILMXVHTzVIQWZnRkU"
      }
    }
  ],
  "pageInfo": {
    "totalResults": 1,
    "resultsPerPage": 1
  }
}

2025-06-29 22:23:03.512 +02:00 [ERR] Erreur inattendue lors de la récupération des informations du stream pour https://www.youtube.com/watch?v=1uGO5HAfgFE
System.Net.Http.HttpRequestException: Response status code does not indicate success: 400 (Bad Request).
   at System.Net.Http.HttpResponseMessage.EnsureSuccessStatusCode()
   at System.Net.Http.HttpClient.GetStringAsyncCore(HttpRequestMessage request, CancellationToken cancellationToken)
   at Strivea.Services.YouTubeStreamDetector.GetStreamInfoAsync(String url) in F:\1\Nouveau dossier\Channel-monitor\Services\YouTubeStreamDetector.cs:line 266
2025-06-29 22:24:28.062 +02:00 [INF] Démarrage de l'application...
2025-06-29 22:24:28.098 +02:00 [INF] Initialisation de l'application...
2025-06-29 22:24:28.148 +02:00 [INF] Initialisation du framework terminée...
2025-06-29 22:24:28.148 +02:00 [INF] Application Avalonia construite
2025-06-29 22:24:28.150 +02:00 [INF] Configuration des services...
2025-06-29 22:24:28.159 +02:00 [INF] Construction du conteneur DI...
2025-06-29 22:24:28.507 +02:00 [INF] Démarrage de l'application...
2025-06-29 22:24:28.603 +02:00 [INF] Initialisation du framework terminée...
2025-06-29 22:24:28.964 +02:00 [INF] YouTubeStreamDetector initialisé
2025-06-29 22:24:28.968 +02:00 [INF] MainViewModel initialisé
2025-06-29 22:24:28.970 +02:00 [INF] CanStartMonitoring après changement: True
2025-06-29 22:24:28.970 +02:00 [INF] CanStopMonitoring est évalué. IsMonitoring: False
2025-06-29 22:24:28.970 +02:00 [INF] CanStopMonitoring après changement: False
2025-06-29 22:24:28.988 +02:00 [INF] CanStopMonitoring est évalué. IsMonitoring: False
2025-06-29 22:24:28.992 +02:00 [INF] Application démarrée avec succès
2025-06-29 22:24:31.434 +02:00 [INF] Début de la récupération des informations du stream YouTube pour : https://www.youtube.com/watch?v=1uGO5HAfgFE
2025-06-29 22:24:31.608 +02:00 [INF] [API] videoResponse: {
  "kind": "youtube#videoListResponse",
  "etag": "vqSJr5n7ob1KiWzOTP5lorxUzrI",
  "items": [
    {
      "kind": "youtube#video",
      "etag": "IpFptuIoE12pXNKXl9kd0IsDXsQ",
      "id": "1uGO5HAfgFE",
      "snippet": {
        "publishedAt": "2025-06-29T00:48:46Z",
        "channelId": "UCHsx4Hqa-1ORjQTh9TYDhww",
        "title": "【UNARCHIVED KARAOKE】Marathon to 1.600.000 Subs PART 2! In my PERFUME SWIMSUIT! #kfp #キアライブ",
        "description": "stream my new song, PERFUME✨ https://cover.lnk.to/zJ4BEH\nmodel made by  @holoen_raorapanthera  and SIvan!!! thumbnail art by  @yubbii_draw  \n\n 🏵️[Twitter] 🏵️\nhttps://twitter.com/takanashikiara\n\n 🏵️[Hashtags] 🏵️\n#kfp #キアライブ#hololiveenglish #holomyth #takanashikiara \nFANART #KFPicasso\n\n＝＝＝＝＝＝＝＝＝＝＝＝＝＝＝＝＝＝＝＝＝＝＝＝＝\n\n[Fan Work Guidelines]\nhttps://en.hololive.tv/terms\n\n\n--------------------------------\nRequest from hololive production to underage viewers\nPlease search for [Request To Minors] or click on the link below, to read it and enjoy the video\nhttps://hololivepro.com/en/request-to-minors/\n-------------------------------",
        "thumbnails": {
          "default": {
            "url": "https://i.ytimg.com/vi/1uGO5HAfgFE/default_live.jpg",
            "width": 120,
            "height": 90
          },
          "medium": {
            "url": "https://i.ytimg.com/vi/1uGO5HAfgFE/mqdefault_live.jpg",
            "width": 320,
            "height": 180
          },
          "high": {
            "url": "https://i.ytimg.com/vi/1uGO5HAfgFE/hqdefault_live.jpg",
            "width": 480,
            "height": 360
          },
          "standard": {
            "url": "https://i.ytimg.com/vi/1uGO5HAfgFE/sddefault_live.jpg",
            "width": 640,
            "height": 480
          },
          "maxres": {
            "url": "https://i.ytimg.com/vi/1uGO5HAfgFE/maxresdefault_live.jpg",
            "width": 1280,
            "height": 720
          }
        },
        "channelTitle": "Takanashi Kiara Ch. hololive-EN",
        "tags": [
          "ホロライブ",
          "hololive",
          "ホロライブプロダクション",
          "hololive production",
          "ホロプロ",
          "Takanashi",
          "Kiara",
          "小鳥遊",
          "キアラ",
          "hololive English",
          "holoEN",
          "hololive Myth",
          "holoMyth"
        ],
        "categoryId": "10",
        "liveBroadcastContent": "live",
        "localized": {
          "title": "【UNARCHIVED KARAOKE】Marathon to 1.600.000 Subs PART 2! In my PERFUME SWIMSUIT! #kfp #キアライブ",
          "description": "stream my new song, PERFUME✨ https://cover.lnk.to/zJ4BEH\nmodel made by  @holoen_raorapanthera  and SIvan!!! thumbnail art by  @yubbii_draw  \n\n 🏵️[Twitter] 🏵️\nhttps://twitter.com/takanashikiara\n\n 🏵️[Hashtags] 🏵️\n#kfp #キアライブ#hololiveenglish #holomyth #takanashikiara \nFANART #KFPicasso\n\n＝＝＝＝＝＝＝＝＝＝＝＝＝＝＝＝＝＝＝＝＝＝＝＝＝\n\n[Fan Work Guidelines]\nhttps://en.hololive.tv/terms\n\n\n--------------------------------\nRequest from hololive production to underage viewers\nPlease search for [Request To Minors] or click on the link below, to read it and enjoy the video\nhttps://hololivepro.com/en/request-to-minors/\n-------------------------------"
        },
        "defaultAudioLanguage": "en"
      },
      "liveStreamingDetails": {
        "actualStartTime": "2025-06-29T17:30:34Z",
        "scheduledStartTime": "2025-06-29T17:30:00Z",
        "concurrentViewers": "9221",
        "activeLiveChatId": "Cg0KCzF1R081SEFmZ0ZFKicKGFVDSHN4NEhxYS0xT1JqUVRoOVRZRGh3dxILMXVHTzVIQWZnRkU"
      }
    }
  ],
  "pageInfo": {
    "totalResults": 1,
    "resultsPerPage": 1
  }
}

2025-06-29 22:24:31.669 +02:00 [INF] [API] channelResponse: {
  "kind": "youtube#channelListResponse",
  "etag": "b-Xe2pBPA_NbxZbFJnqLSjZANpo",
  "pageInfo": {
    "totalResults": 1,
    "resultsPerPage": 5
  },
  "items": [
    {
      "kind": "youtube#channel",
      "etag": "M2_x4ev_23gVY5Tr3uI0Ju0P0DM",
      "id": "UCHsx4Hqa-1ORjQTh9TYDhww",
      "snippet": {
        "title": "Takanashi Kiara Ch. hololive-EN",
        "description": "An idol whose dream is to become a fast food shop owner. She is a phoenix, NOT a chicken or turkey. (Very important)\nShe works extremely hard since she will be reborn from ashes anyway.\n\nFor Inquiries\nCover Corp: http://cover-corp.com/\nOfficial Twitter: https://twitter.com/hololive_En",
        "customUrl": "@takanashikiara",
        "publishedAt": "2020-07-16T06:17:18.113297Z",
        "thumbnails": {
          "default": {
            "url": "https://yt3.ggpht.com/vnzn_RiKneABPPnp1-0SO4IAZQRXqVsL5RNDQYGR9GhT-Flm47vM4UJeyGfn4U_gteKqJMBwNA=s88-c-k-c0x00ffffff-no-rj",
            "width": 88,
            "height": 88
          },
          "medium": {
            "url": "https://yt3.ggpht.com/vnzn_RiKneABPPnp1-0SO4IAZQRXqVsL5RNDQYGR9GhT-Flm47vM4UJeyGfn4U_gteKqJMBwNA=s240-c-k-c0x00ffffff-no-rj",
            "width": 240,
            "height": 240
          },
          "high": {
            "url": "https://yt3.ggpht.com/vnzn_RiKneABPPnp1-0SO4IAZQRXqVsL5RNDQYGR9GhT-Flm47vM4UJeyGfn4U_gteKqJMBwNA=s800-c-k-c0x00ffffff-no-rj",
            "width": 800,
            "height": 800
          }
        },
        "localized": {
          "title": "Takanashi Kiara Ch. hololive-EN",
          "description": "An idol whose dream is to become a fast food shop owner. She is a phoenix, NOT a chicken or turkey. (Very important)\nShe works extremely hard since she will be reborn from ashes anyway.\n\nFor Inquiries\nCover Corp: http://cover-corp.com/\nOfficial Twitter: https://twitter.com/hololive_En"
        },
        "country": "JP"
      }
    }
  ]
}

2025-06-29 22:24:31.734 +02:00 [INF] Exécution de streamlink avec les arguments : -j https://www.youtube.com/watch?v=1uGO5HAfgFE best
2025-06-29 22:24:31.737 +02:00 [INF] Processus streamlink démarré
2025-06-29 22:24:33.863 +02:00 [INF] Processus streamlink terminé avec le code : 0
2025-06-29 22:24:33.863 +02:00 [INF] Sortie Streamlink (JSON) : {
  "type": "hls",
  "url": "https://manifest.googlevideo.com/api/manifest/hls_playlist/expire/1751250301/ei/HaFhaNaiGZeCp-oPlrGV2Qc/ip/2a01:e0a:8f1:aac0:53b:a603:3714:1c77/id/1uGO5HAfgFE.1/itag/301/source/yt_live_broadcast/requiressl/yes/ratebypass/yes/live/1/sgoap/gir%3Dyes%3Bitag%3D140/sgovp/gir%3Dyes%3Bitag%3D299/rqh/1/hls_chunk_host/rr4---sn-25glenlz.googlevideo.com/xpc/EgVo2aDSNQ%3D%3D/bui/AY1jyLM3VCXTPJebLIeNAAS4SYA2wlCicdNRx6YsS3lUJW_92MvamYW_4BS-qGpbrMTK-J2tQLaItZz0/spc/l3OVKazJLJbXUY6hLGnHNso_RtpcrsuSleQuXITSKvxZIFOfZHthMxOJQs3yGT0ptk627QSCcJ0/vprv/1/playlist_type/LIVE/initcwndbps/1891250/met/1751228702,/mh/RU/mm/44/mn/sn-25glenlz/ms/lva/mv/m/mvi/4/pl/45/rms/lva,lva/dover/11/pacing/0/keepalive/yes/fexp/51355912,51469038/mt/1751228438/sparams/expire,ei,ip,id,itag,source,requiressl,ratebypass,live,sgoap,sgovp,rqh,xpc,bui,spc,vprv,playlist_type/sig/AJfQdSswRQIhALYO3rq9hgve7BgMyGAfmW9YU6lUF8Mrq86TY7LR9f4zAiBpXdspfBzRmCY9MHJ99upUZjoDn9JpOBCPisgP1F0Qdg%3D%3D/lsparams/hls_chunk_host,initcwndbps,met,mh,mm,mn,ms,mv,mvi,pl,rms/lsig/APaTxxMwRgIhAJa7P_pElDCUXGrwW_7p0M5tcuC9vWyM7_zdb69M_wOKAiEA93pgnXD77th3dtT3ZR0BZNcdP51lpdab0_88_WJPd_I%3D/playlist/index.m3u8",
  "headers": {
    "User-Agent": "Mozilla/5.0 (Windows NT 10.0; Win64; x64) AppleWebKit/537.36 (KHTML, like Gecko) Chrome/134.0.0.0 Safari/537.36",
    "Accept-Encoding": "gzip, deflate, br, zstd",
    "Accept": "*/*",
    "Connection": "keep-alive"
  },
  "master": "https://manifest.googlevideo.com/api/manifest/hls_variant/expire/1751250301/ei/HaFhaNaiGZeCp-oPlrGV2Qc/ip/2a01%3Ae0a%3A8f1%3Aaac0%3A53b%3Aa603%3A3714%3A1c77/id/1uGO5HAfgFE.1/source/yt_live_broadcast/requiressl/yes/xpc/EgVo2aDSNQ%3D%3D/hfr/1/maudio/1/bui/AY1jyLM3VCXTPJebLIeNAAS4SYA2wlCicdNRx6YsS3lUJW_92MvamYW_4BS-qGpbrMTK-J2tQLaItZz0/spc/l3OVKazJLJbXUY6hLGnHNso_RtpcrsuSleQuXITSKvxZIFOfZHthMxOJQs3yGT0ptk627QSCcJ0/vprv/1/go/1/rqh/5/pacing/0/nvgoi/1/ncsapi/1/keepalive/yes/fexp/51355912%2C51469038/dover/11/itag/0/playlist_type/LIVE/sparams/expire%2Cei%2Cip%2Cid%2Csource%2Crequiressl%2Cxpc%2Chfr%2Cmaudio%2Cbui%2Cspc%2Cvprv%2Cgo%2Crqh%2Citag%2Cplaylist_type/sig/AJfQdSswRQIgOYKHmZM2zG66NSzD6IIijXM6sHMAYI3VaZVuO_rZ1X4CIQC-SMbElnSWkmY_beZh_Ecofz10R7y63qu4uaPz7aCa6Q%3D%3D/file/index.m3u8",
  "metadata": {
    "id": "1uGO5HAfgFE",
    "author": "Takanashi Kiara Ch. hololive-EN",
    "category": "Music",
    "title": "\u3010UNARCHIVED KARAOKE\u3011Marathon to 1.600.000 Subs PART 2! In my PERFUME SWIMSUIT! #kfp #\u30ad\u30a2\u30e9\u30a4\u30d6"
  }
}

2025-06-29 22:24:33.870 +02:00 [INF] Récupération de l'URL du stream pour https://www.youtube.com/watch?v=1uGO5HAfgFE
2025-06-29 22:24:35.826 +02:00 [INF] IsMonitoring a changé: True
2025-06-29 22:24:35.826 +02:00 [INF] CanStopMonitoring est évalué. IsMonitoring: True
2025-06-29 22:24:35.826 +02:00 [INF] CanStartMonitoring après changement: False
2025-06-29 22:24:35.826 +02:00 [INF] CanStopMonitoring est évalué. IsMonitoring: True
2025-06-29 22:24:35.826 +02:00 [INF] CanStopMonitoring après changement: True
2025-06-29 22:24:35.829 +02:00 [INF] Démarrage de l'enregistrement pour @@takanashikiara sur YouTube
2025-06-29 22:24:35.829 +02:00 [INF] URL du stream : https://manifest.googlevideo.com/api/manifest/hls_playlist/expire/1751250303/ei/H6FhaOHVJrz3xN8P9oKRuQo/ip/2a01:e0a:8f1:aac0:53b:a603:3714:1c77/id/1uGO5HAfgFE.1/itag/301/source/yt_live_broadcast/requiressl/yes/ratebypass/yes/live/1/sgoap/gir%3Dyes%3Bitag%3D140/sgovp/gir%3Dyes%3Bitag%3D299/rqh/1/hls_chunk_host/rr4---sn-25ge7nsk.googlevideo.com/xpc/EgVo2aDSNQ%3D%3D/bui/AY1jyLOphHKzFB4K9rnnrVpGSyzVJXYxPrrFpb9cLx4TXReR8wOf2Nr9IQ_9Yb7CCFwn5D_PeeEBWVDc/spc/l3OVKWzgGc3Wqt6sm-fM4E0xsTD4FQMDKYYcoHFIPT0ur0bT-svRN8EV2dKSeLg-NYfbf92Dz6A/vprv/1/playlist_type/LIVE/initcwndbps/1600000/met/1751228704,/mh/RU/mm/44/mn/sn-25ge7nsk/ms/lva/mv/m/mvi/4/pl/45/rms/lva,lva/dover/11/pacing/0/keepalive/yes/fexp/51355912/mt/1751228204/sparams/expire,ei,ip,id,itag,source,requiressl,ratebypass,live,sgoap,sgovp,rqh,xpc,bui,spc,vprv,playlist_type/sig/AJfQdSswRAIgdZugdTmq8cX6D0pwLbqHPlHF9H00xe0yGkqUfe2mS2wCICDlFE6vU1Ou8gFIQzGbOPW7rZovI46cpqg02FsOA5ud/lsparams/hls_chunk_host,initcwndbps,met,mh,mm,mn,ms,mv,mvi,pl,rms/lsig/APaTxxMwRQIhAI-uchrGlwXXTlma3l6nUdqtfM4V9u5KDMKAhI7yAxQzAiAJ-5_CAttJwjZaDiuYbJTsdN5qTaxBTHZvOcdAIszWNg%3D%3D/playlist/index.m3u8
2025-06-29 22:24:35.829 +02:00 [INF] Chemin de sortie : C:\Users\terre\Documents\Strivea\Recordings\YouTube\@@takanashikiara\Temp\1uGO5HAfgFE\【UNARCHIVED KARAOKE】Marathon to 1.600.000 Subs PART 2! In my PERFUME SWIMSUIT! #kfp #キアライブ_20250629_222435.ts
2025-06-29 22:24:35.901 +02:00 [INF] Enregistrement démarré pour @@takanashikiara sur YouTube
2025-06-29 22:24:59.420 +02:00 [INF] CanStopMonitoring est évalué. IsMonitoring: True
2025-06-29 22:24:59.422 +02:00 [INF] Arrêt de l'enregistrement pour @@takanashikiara sur YouTube
2025-06-29 22:24:59.425 +02:00 [INF] Enregistrement terminé pour @@takanashikiara sur YouTube
2025-06-29 22:24:59.425 +02:00 [INF] Durée : 00:00:23
2025-06-29 22:24:59.425 +02:00 [INF] Taille du fichier : 16 MB
2025-06-29 22:24:59.427 +02:00 [INF] [CONCAT] Début de la concaténation des segments vidéo...
2025-06-29 22:24:59.429 +02:00 [INF] [CONCAT] Fichiers .ts à concaténer (1) :
2025-06-29 22:24:59.430 +02:00 [INF] [CONCAT] - C:\Users\terre\Documents\Strivea\Recordings\YouTube\@@takanashikiara\Temp\1uGO5HAfgFE\【UNARCHIVED KARAOKE】Marathon to 1.600.000 Subs PART 2! In my PERFUME SWIMSUIT! #kfp #キアライブ_20250629_222435.ts
2025-06-29 22:24:59.444 +02:00 [INF] CanStopMonitoring est évalué. IsMonitoring: True
2025-06-29 22:24:59.445 +02:00 [INF] [CONCAT] Début de la conversion en mp4...
2025-06-29 22:24:59.445 +02:00 [INF] Commande FFmpeg concat+reencode : ffmpeg -f concat -safe 0 -i "C:\Users\terre\Documents\Strivea\Recordings\YouTube\@@takanashikiara\Temp\1uGO5HAfgFE\TempConcat\concat.txt" -c:v libx264 -c:a aac "C:\Users\terre\Documents\Strivea\Recordings\YouTube\@@takanashikiara\Temp\1uGO5HAfgFE\TempConcat\output.mp4"
2025-06-29 22:25:08.214 +02:00 [ERR] FFmpeg stderr : ffmpeg version 7.1.1-essentials_build-www.gyan.dev Copyright (c) 2000-2025 the FFmpeg developers
  built with gcc 14.2.0 (Rev1, Built by MSYS2 project)
  configuration: --enable-gpl --enable-version3 --enable-static --disable-w32threads --disable-autodetect --enable-fontconfig --enable-iconv --enable-gnutls --enable-libxml2 --enable-gmp --enable-bzlib --enable-lzma --enable-zlib --enable-libsrt --enable-libssh --enable-libzmq --enable-avisynth --enable-sdl2 --enable-libwebp --enable-libx264 --enable-libx265 --enable-libxvid --enable-libaom --enable-libopenjpeg --enable-libvpx --enable-mediafoundation --enable-libass --enable-libfreetype --enable-libfribidi --enable-libharfbuzz --enable-libvidstab --enable-libvmaf --enable-libzimg --enable-amf --enable-cuda-llvm --enable-cuvid --enable-dxva2 --enable-d3d11va --enable-d3d12va --enable-ffnvcodec --enable-libvpl --enable-nvdec --enable-nvenc --enable-vaapi --enable-libgme --enable-libopenmpt --enable-libopencore-amrwb --enable-libmp3lame --enable-libtheora --enable-libvo-amrwbenc --enable-libgsm --enable-libopencore-amrnb --enable-libopus --enable-libspeex --enable-libvorbis --enable-librubberband
  libavutil      59. 39.100 / 59. 39.100
  libavcodec     61. 19.101 / 61. 19.101
  libavformat    61.  7.100 / 61.  7.100
  libavdevice    61.  3.100 / 61.  3.100
  libavfilter    10.  4.100 / 10.  4.100
  libswscale      8.  3.100 /  8.  3.100
  libswresample   5.  3.100 /  5.  3.100
  libpostproc    58.  3.100 / 58.  3.100
[mpegts @ 000001909c800440] PES packet size mismatch
[mpegts @ 000001909c800440] Packet corrupt (stream = 1, dts = 944638500).
Input #0, concat, from 'C:\Users\terre\Documents\Strivea\Recordings\YouTube\@@takanashikiara\Temp\1uGO5HAfgFE\TempConcat\concat.txt':
  Duration: N/A, start: 0.000000, bitrate: 130 kb/s
  Stream #0:0: Audio: aac (LC) ([15][0][0][0] / 0x000F), 44100 Hz, stereo, fltp, 130 kb/s
  Stream #0:1: Video: h264 (Main) ([27][0][0][0] / 0x001B), yuv420p(tv, bt709, progressive), 1920x1080 [SAR 1:1 DAR 16:9], 60 fps, 60 tbr, 90k tbn
Stream mapping:
  Stream #0:1 -> #0:0 (h264 (native) -> h264 (libx264))
  Stream #0:0 -> #0:1 (aac (native) -> aac (native))
Press [q] to stop, [?] for help
[libx264 @ 000001909d51f040] using SAR=1/1
[libx264 @ 000001909d51f040] using cpu capabilities: MMX2 SSE2Fast SSSE3 SSE4.2 AVX FMA3 BMI2 AVX2 AVX512
[libx264 @ 000001909d51f040] profile High, level 4.2, 4:2:0, 8-bit
[libx264 @ 000001909d51f040] 264 - core 164 r3204 373697b - H.264/MPEG-4 AVC codec - Copyleft 2003-2025 - http://www.videolan.org/x264.html - options: cabac=1 ref=3 deblock=1:0:0 analyse=0x3:0x113 me=hex subme=7 psy=1 psy_rd=1.00:0.00 mixed_ref=1 me_range=16 chroma_me=1 trellis=1 8x8dct=1 cqm=0 deadzone=21,11 fast_pskip=1 chroma_qp_offset=-2 threads=24 lookahead_threads=4 sliced_threads=0 nr=0 decimate=1 interlaced=0 bluray_compat=0 constrained_intra=0 bframes=3 b_pyramid=2 b_adapt=1 b_bias=0 direct=1 weightb=1 open_gop=0 weightp=2 keyint=250 keyint_min=25 scenecut=40 intra_refresh=0 rc_lookahead=40 rc=crf mbtree=1 crf=23.0 qcomp=0.60 qpmin=0 qpmax=69 qpstep=4 ip_ratio=1.40 aq=1:1.00
Output #0, mp4, to 'C:\Users\terre\Documents\Strivea\Recordings\YouTube\@@takanashikiara\Temp\1uGO5HAfgFE\TempConcat\output.mp4':
  Metadata:
    encoder         : Lavf61.7.100
  Stream #0:0: Video: h264 (avc1 / 0x31637661), yuv420p(tv, bt709, progressive), 1920x1080 [SAR 1:1 DAR 16:9], q=2-31, 60 fps, 15360 tbn
      Metadata:
        encoder         : Lavc61.19.101 libx264
      Side data:
        cpb: bitrate max/min/avg: 0/0/0 buffer size: 0 vbv_delay: N/A
  Stream #0:1: Audio: aac (LC) (mp4a / 0x6134706D), 44100 Hz, stereo, fltp, 128 kb/s
      Metadata:
        encoder         : Lavc61.19.101 aac
frame=   24 fps=0.0 q=31.0 size=     256KiB time=00:00:00.36 bitrate=5720.5kbits/s speed=0.711x    
frame=   96 fps= 92 q=31.0 size=     512KiB time=00:00:01.56 bitrate=2677.5kbits/s speed=1.51x    
frame=  162 fps=104 q=31.0 size=     768KiB time=00:00:02.66 bitrate=2359.4kbits/s speed=1.72x    
frame=  231 fps=112 q=31.0 size=    1280KiB time=00:00:03.81 bitrate=2747.5kbits/s speed=1.85x    
frame=  308 fps=119 q=31.0 size=    1792KiB time=00:00:05.11 bitrate=2869.1kbits/s speed=1.98x    
frame=  392 fps=126 q=31.0 size=    2304KiB time=00:00:06.50 bitrate=2903.8kbits/s speed= 2.1x    
frame=  486 fps=135 q=31.0 size=    3072KiB time=00:00:08.06 bitrate=3119.8kbits/s speed=2.23x    
frame=  584 fps=142 q=31.0 size=    3840KiB time=00:00:09.70 bitrate=3243.1kbits/s speed=2.35x    
frame=  686 fps=148 q=31.0 size=    4352KiB time=00:00:11.40 bitrate=3127.4kbits/s speed=2.46x    
frame=  779 fps=151 q=31.0 size=    5120KiB time=00:00:12.95 bitrate=3238.9kbits/s speed=2.51x    
frame=  885 fps=156 q=31.0 size=    5888KiB time=00:00:14.71 bitrate=3277.6kbits/s speed=2.59x    
frame=  987 fps=159 q=31.0 size=    6400KiB time=00:00:16.41 bitrate=3193.7kbits/s speed=2.65x    
frame= 1092 fps=163 q=31.0 size=    7168KiB time=00:00:18.16 bitrate=3232.3kbits/s speed=2.71x    
frame= 1195 fps=165 q=31.0 size=    7936KiB time=00:00:19.88 bitrate=3269.7kbits/s speed=2.75x    
frame= 1301 fps=168 q=31.0 size=    8704KiB time=00:00:21.65 bitrate=3293.5kbits/s speed= 2.8x    
[mpegts @ 000001909c800440] PES packet size mismatch
[mpegts @ 000001909c800440] Packet corrupt (stream = 1, dts = 944638500).
[concat @ 000001909c7fef80] Packet corrupt (stream = 1, dts = 2247000).
[in#0/concat @ 000001909c802d40] corrupt input packet in stream 1
[h264 @ 000001909ceeccc0] error while decoding MB 44 58, bytestream -5
[h264 @ 000001909ceeccc0] concealing 1205 DC, 1205 AC, 1205 MV errors in P frame
frame= 1412 fps=171 q=31.0 size=    9472KiB time=00:00:23.50 bitrate=3301.9kbits/s speed=2.85x    
[vist#0:1/h264 @ 000001909d520740] [dec:h264 @ 000001909d51fbc0] corrupt decoded frame
[out#0/mp4 @ 000001909c812600] video:9590KiB audio:391KiB subtitle:0KiB other streams:0KiB global headers:0KiB muxing overhead: 0.415682%
frame= 1500 fps=175 q=-1.0 Lsize=   10023KiB time=00:00:24.96 bitrate=3288.8kbits/s speed=2.92x    
[libx264 @ 000001909d51f040] frame I:6     Avg QP:19.94  size:182665
[libx264 @ 000001909d51f040] frame P:383   Avg QP:23.84  size: 16446
[libx264 @ 000001909d51f040] frame B:1111  Avg QP:29.49  size:  2183
[libx264 @ 000001909d51f040] consecutive B-frames:  0.8%  0.9%  1.2% 97.1%
[libx264 @ 000001909d51f040] mb I  I16..4: 23.4% 42.7% 33.9%
[libx264 @ 000001909d51f040] mb P  I16..4:  2.7%  2.5%  0.6%  P16..4: 28.8%  5.6%  3.0%  0.0%  0.0%    skip:56.8%
[libx264 @ 000001909d51f040] mb B  I16..4:  0.1%  0.1%  0.0%  B16..8: 21.7%  0.6%  0.1%  direct: 0.1%  skip:77.5%  L0:46.9% L1:52.1% BI: 1.0%
[libx264 @ 000001909d51f040] 8x8 transform intra:43.3% inter:69.1%
[libx264 @ 000001909d51f040] coded y,uvDC,uvAC intra: 23.5% 47.0% 18.5% inter: 2.1% 3.6% 0.4%
[libx264 @ 000001909d51f040] i16 v,h,dc,p: 24% 45% 11% 21%
[libx264 @ 000001909d51f040] i8 v,h,dc,ddl,ddr,vr,hd,vl,hu: 19% 24% 47%  1%  2%  2%  2%  2%  2%
[libx264 @ 000001909d51f040] i4 v,h,dc,ddl,ddr,vr,hd,vl,hu: 26% 25% 14%  6%  6%  6%  6%  5%  6%
[libx264 @ 000001909d51f040] i8c dc,h,v,p: 44% 32% 19%  5%
[libx264 @ 000001909d51f040] Weighted P-Frames: Y:0.0% UV:0.0%
[libx264 @ 000001909d51f040] ref P L0: 66.5% 10.0% 18.6%  5.0%
[libx264 @ 000001909d51f040] ref B L0: 91.0%  7.8%  1.2%
[libx264 @ 000001909d51f040] ref B L1: 96.5%  3.5%
[libx264 @ 000001909d51f040] kb/s:3142.35
[aac @ 000001909ceedb80] Qavg: 655.719

2025-06-29 22:25:08.220 +02:00 [INF] FFmpeg terminé avec code 0
2025-06-29 22:25:08.220 +02:00 [INF] FFmpeg concat+reencode result: 
[stderr]
ffmpeg version 7.1.1-essentials_build-www.gyan.dev Copyright (c) 2000-2025 the FFmpeg developers
  built with gcc 14.2.0 (Rev1, Built by MSYS2 project)
  configuration: --enable-gpl --enable-version3 --enable-static --disable-w32threads --disable-autodetect --enable-fontconfig --enable-iconv --enable-gnutls --enable-libxml2 --enable-gmp --enable-bzlib --enable-lzma --enable-zlib --enable-libsrt --enable-libssh --enable-libzmq --enable-avisynth --enable-sdl2 --enable-libwebp --enable-libx264 --enable-libx265 --enable-libxvid --enable-libaom --enable-libopenjpeg --enable-libvpx --enable-mediafoundation --enable-libass --enable-libfreetype --enable-libfribidi --enable-libharfbuzz --enable-libvidstab --enable-libvmaf --enable-libzimg --enable-amf --enable-cuda-llvm --enable-cuvid --enable-dxva2 --enable-d3d11va --enable-d3d12va --enable-ffnvcodec --enable-libvpl --enable-nvdec --enable-nvenc --enable-vaapi --enable-libgme --enable-libopenmpt --enable-libopencore-amrwb --enable-libmp3lame --enable-libtheora --enable-libvo-amrwbenc --enable-libgsm --enable-libopencore-amrnb --enable-libopus --enable-libspeex --enable-libvorbis --enable-librubberband
  libavutil      59. 39.100 / 59. 39.100
  libavcodec     61. 19.101 / 61. 19.101
  libavformat    61.  7.100 / 61.  7.100
  libavdevice    61.  3.100 / 61.  3.100
  libavfilter    10.  4.100 / 10.  4.100
  libswscale      8.  3.100 /  8.  3.100
  libswresample   5.  3.100 /  5.  3.100
  libpostproc    58.  3.100 / 58.  3.100
[mpegts @ 000001909c800440] PES packet size mismatch
[mpegts @ 000001909c800440] Packet corrupt (stream = 1, dts = 944638500).
Input #0, concat, from 'C:\Users\terre\Documents\Strivea\Recordings\YouTube\@@takanashikiara\Temp\1uGO5HAfgFE\TempConcat\concat.txt':
  Duration: N/A, start: 0.000000, bitrate: 130 kb/s
  Stream #0:0: Audio: aac (LC) ([15][0][0][0] / 0x000F), 44100 Hz, stereo, fltp, 130 kb/s
  Stream #0:1: Video: h264 (Main) ([27][0][0][0] / 0x001B), yuv420p(tv, bt709, progressive), 1920x1080 [SAR 1:1 DAR 16:9], 60 fps, 60 tbr, 90k tbn
Stream mapping:
  Stream #0:1 -> #0:0 (h264 (native) -> h264 (libx264))
  Stream #0:0 -> #0:1 (aac (native) -> aac (native))
Press [q] to stop, [?] for help
[libx264 @ 000001909d51f040] using SAR=1/1
[libx264 @ 000001909d51f040] using cpu capabilities: MMX2 SSE2Fast SSSE3 SSE4.2 AVX FMA3 BMI2 AVX2 AVX512
[libx264 @ 000001909d51f040] profile High, level 4.2, 4:2:0, 8-bit
[libx264 @ 000001909d51f040] 264 - core 164 r3204 373697b - H.264/MPEG-4 AVC codec - Copyleft 2003-2025 - http://www.videolan.org/x264.html - options: cabac=1 ref=3 deblock=1:0:0 analyse=0x3:0x113 me=hex subme=7 psy=1 psy_rd=1.00:0.00 mixed_ref=1 me_range=16 chroma_me=1 trellis=1 8x8dct=1 cqm=0 deadzone=21,11 fast_pskip=1 chroma_qp_offset=-2 threads=24 lookahead_threads=4 sliced_threads=0 nr=0 decimate=1 interlaced=0 bluray_compat=0 constrained_intra=0 bframes=3 b_pyramid=2 b_adapt=1 b_bias=0 direct=1 weightb=1 open_gop=0 weightp=2 keyint=250 keyint_min=25 scenecut=40 intra_refresh=0 rc_lookahead=40 rc=crf mbtree=1 crf=23.0 qcomp=0.60 qpmin=0 qpmax=69 qpstep=4 ip_ratio=1.40 aq=1:1.00
Output #0, mp4, to 'C:\Users\terre\Documents\Strivea\Recordings\YouTube\@@takanashikiara\Temp\1uGO5HAfgFE\TempConcat\output.mp4':
  Metadata:
    encoder         : Lavf61.7.100
  Stream #0:0: Video: h264 (avc1 / 0x31637661), yuv420p(tv, bt709, progressive), 1920x1080 [SAR 1:1 DAR 16:9], q=2-31, 60 fps, 15360 tbn
      Metadata:
        encoder         : Lavc61.19.101 libx264
      Side data:
        cpb: bitrate max/min/avg: 0/0/0 buffer size: 0 vbv_delay: N/A
  Stream #0:1: Audio: aac (LC) (mp4a / 0x6134706D), 44100 Hz, stereo, fltp, 128 kb/s
      Metadata:
        encoder         : Lavc61.19.101 aac
frame=   24 fps=0.0 q=31.0 size=     256KiB time=00:00:00.36 bitrate=5720.5kbits/s speed=0.711x    
frame=   96 fps= 92 q=31.0 size=     512KiB time=00:00:01.56 bitrate=2677.5kbits/s speed=1.51x    
frame=  162 fps=104 q=31.0 size=     768KiB time=00:00:02.66 bitrate=2359.4kbits/s speed=1.72x    
frame=  231 fps=112 q=31.0 size=    1280KiB time=00:00:03.81 bitrate=2747.5kbits/s speed=1.85x    
frame=  308 fps=119 q=31.0 size=    1792KiB time=00:00:05.11 bitrate=2869.1kbits/s speed=1.98x    
frame=  392 fps=126 q=31.0 size=    2304KiB time=00:00:06.50 bitrate=2903.8kbits/s speed= 2.1x    
frame=  486 fps=135 q=31.0 size=    3072KiB time=00:00:08.06 bitrate=3119.8kbits/s speed=2.23x    
frame=  584 fps=142 q=31.0 size=    3840KiB time=00:00:09.70 bitrate=3243.1kbits/s speed=2.35x    
frame=  686 fps=148 q=31.0 size=    4352KiB time=00:00:11.40 bitrate=3127.4kbits/s speed=2.46x    
frame=  779 fps=151 q=31.0 size=    5120KiB time=00:00:12.95 bitrate=3238.9kbits/s speed=2.51x    
frame=  885 fps=156 q=31.0 size=    5888KiB time=00:00:14.71 bitrate=3277.6kbits/s speed=2.59x    
frame=  987 fps=159 q=31.0 size=    6400KiB time=00:00:16.41 bitrate=3193.7kbits/s speed=2.65x    
frame= 1092 fps=163 q=31.0 size=    7168KiB time=00:00:18.16 bitrate=3232.3kbits/s speed=2.71x    
frame= 1195 fps=165 q=31.0 size=    7936KiB time=00:00:19.88 bitrate=3269.7kbits/s speed=2.75x    
frame= 1301 fps=168 q=31.0 size=    8704KiB time=00:00:21.65 bitrate=3293.5kbits/s speed= 2.8x    
[mpegts @ 000001909c800440] PES packet size mismatch
[mpegts @ 000001909c800440] Packet corrupt (stream = 1, dts = 944638500).
[concat @ 000001909c7fef80] Packet corrupt (stream = 1, dts = 2247000).
[in#0/concat @ 000001909c802d40] corrupt input packet in stream 1
[h264 @ 000001909ceeccc0] error while decoding MB 44 58, bytestream -5
[h264 @ 000001909ceeccc0] concealing 1205 DC, 1205 AC, 1205 MV errors in P frame
frame= 1412 fps=171 q=31.0 size=    9472KiB time=00:00:23.50 bitrate=3301.9kbits/s speed=2.85x    
[vist#0:1/h264 @ 000001909d520740] [dec:h264 @ 000001909d51fbc0] corrupt decoded frame
[out#0/mp4 @ 000001909c812600] video:9590KiB audio:391KiB subtitle:0KiB other streams:0KiB global headers:0KiB muxing overhead: 0.415682%
frame= 1500 fps=175 q=-1.0 Lsize=   10023KiB time=00:00:24.96 bitrate=3288.8kbits/s speed=2.92x    
[libx264 @ 000001909d51f040] frame I:6     Avg QP:19.94  size:182665
[libx264 @ 000001909d51f040] frame P:383   Avg QP:23.84  size: 16446
[libx264 @ 000001909d51f040] frame B:1111  Avg QP:29.49  size:  2183
[libx264 @ 000001909d51f040] consecutive B-frames:  0.8%  0.9%  1.2% 97.1%
[libx264 @ 000001909d51f040] mb I  I16..4: 23.4% 42.7% 33.9%
[libx264 @ 000001909d51f040] mb P  I16..4:  2.7%  2.5%  0.6%  P16..4: 28.8%  5.6%  3.0%  0.0%  0.0%    skip:56.8%
[libx264 @ 000001909d51f040] mb B  I16..4:  0.1%  0.1%  0.0%  B16..8: 21.7%  0.6%  0.1%  direct: 0.1%  skip:77.5%  L0:46.9% L1:52.1% BI: 1.0%
[libx264 @ 000001909d51f040] 8x8 transform intra:43.3% inter:69.1%
[libx264 @ 000001909d51f040] coded y,uvDC,uvAC intra: 23.5% 47.0% 18.5% inter: 2.1% 3.6% 0.4%
[libx264 @ 000001909d51f040] i16 v,h,dc,p: 24% 45% 11% 21%
[libx264 @ 000001909d51f040] i8 v,h,dc,ddl,ddr,vr,hd,vl,hu: 19% 24% 47%  1%  2%  2%  2%  2%  2%
[libx264 @ 000001909d51f040] i4 v,h,dc,ddl,ddr,vr,hd,vl,hu: 26% 25% 14%  6%  6%  6%  6%  5%  6%
[libx264 @ 000001909d51f040] i8c dc,h,v,p: 44% 32% 19%  5%
[libx264 @ 000001909d51f040] Weighted P-Frames: Y:0.0% UV:0.0%
[libx264 @ 000001909d51f040] ref P L0: 66.5% 10.0% 18.6%  5.0%
[libx264 @ 000001909d51f040] ref B L0: 91.0%  7.8%  1.2%
[libx264 @ 000001909d51f040] ref B L1: 96.5%  3.5%
[libx264 @ 000001909d51f040] kb/s:3142.35
[aac @ 000001909ceedb80] Qavg: 655.719

2025-06-29 22:25:08.221 +02:00 [INF] [CONCAT] Déplacement du fichier final vers : C:\Users\terre\Documents\Strivea\Recordings\YouTube\@@takanashikiara\Temp\【UNARCHIVED KARAOKE】Marathon to 1.600.000 Subs PART 2! In my PERFUME SWIMSUIT! #kfp #キアライブ.mp4
2025-06-29 22:25:08.221 +02:00 [INF] [CONCAT] Fichier final déplacé vers : C:\Users\terre\Documents\Strivea\Recordings\YouTube\@@takanashikiara\Temp\【UNARCHIVED KARAOKE】Marathon to 1.600.000 Subs PART 2! In my PERFUME SWIMSUIT! #kfp #キアライブ.mp4
2025-06-29 22:25:08.221 +02:00 [INF] [CONCAT] Concaténation et conversion terminées avec succès.
2025-06-29 22:25:08.223 +02:00 [INF] CanStopMonitoring est évalué. IsMonitoring: True
2025-06-29 22:25:08.225 +02:00 [INF] IsMonitoring a changé: False
2025-06-29 22:25:08.225 +02:00 [INF] CanStopMonitoring est évalué. IsMonitoring: False
2025-06-29 22:25:08.225 +02:00 [INF] CanStartMonitoring après changement: True
2025-06-29 22:25:08.225 +02:00 [INF] CanStopMonitoring est évalué. IsMonitoring: False
2025-06-29 22:25:08.225 +02:00 [INF] CanStopMonitoring après changement: False
2025-06-29 22:25:08.225 +02:00 [INF] [DEBUG] IsMonitoring forcé à False dans finally StopMonitoringAsync
2025-06-29 22:25:08.225 +02:00 [INF] CanStopMonitoring est évalué. IsMonitoring: False
2025-06-29 22:25:09.748 +02:00 [INF] Début de la récupération des informations du stream YouTube pour : https://www.youtube.com/@TakanashiKiara
2025-06-29 22:25:10.265 +02:00 [INF] [API] searchResponse: {
  "kind": "youtube#searchListResponse",
  "etag": "kh5WtjkFRM1OKGTaXFAyK_cAqI4",
  "regionCode": "FR",
  "pageInfo": {
    "totalResults": 1,
    "resultsPerPage": 1
  },
  "items": [
    {
      "kind": "youtube#searchResult",
      "etag": "0zKWq9vSLxroBKzj1SVHWEe-n-0",
      "id": {
        "kind": "youtube#video",
        "videoId": "1uGO5HAfgFE"
      },
      "snippet": {
        "publishedAt": "2025-06-29T00:48:46Z",
        "channelId": "UCHsx4Hqa-1ORjQTh9TYDhww",
        "title": "【UNARCHIVED KARAOKE】Marathon to 1.600.000 Subs PART 2! In my PERFUME SWIMSUIT! #kfp #キアライブ",
        "description": "stream my new song, PERFUME✨ https://cover.lnk.to/zJ4BEH model made by @holoen_raorapanthera and SIvan!!! thumbnail art ...",
        "thumbnails": {
          "default": {
            "url": "https://i.ytimg.com/vi/1uGO5HAfgFE/default_live.jpg",
            "width": 120,
            "height": 90
          },
          "medium": {
            "url": "https://i.ytimg.com/vi/1uGO5HAfgFE/mqdefault_live.jpg",
            "width": 320,
            "height": 180
          },
          "high": {
            "url": "https://i.ytimg.com/vi/1uGO5HAfgFE/hqdefault_live.jpg",
            "width": 480,
            "height": 360
          }
        },
        "channelTitle": "Takanashi Kiara Ch. hololive-EN",
        "liveBroadcastContent": "live",
        "publishTime": "2025-06-29T00:48:46Z"
      }
    }
  ]
}

2025-06-29 22:25:10.306 +02:00 [INF] [API] videoResponse: {
  "kind": "youtube#videoListResponse",
  "etag": "bAYALcu53YoJCIfEbrGhy5Uc4uw",
  "items": [
    {
      "kind": "youtube#video",
      "etag": "PxmIB5-fKcw3NdkZZdzgXv7nQDA",
      "id": "1uGO5HAfgFE",
      "snippet": {
        "publishedAt": "2025-06-29T00:48:46Z",
        "channelId": "UCHsx4Hqa-1ORjQTh9TYDhww",
        "title": "【UNARCHIVED KARAOKE】Marathon to 1.600.000 Subs PART 2! In my PERFUME SWIMSUIT! #kfp #キアライブ",
        "description": "stream my new song, PERFUME✨ https://cover.lnk.to/zJ4BEH\nmodel made by  @holoen_raorapanthera  and SIvan!!! thumbnail art by  @yubbii_draw  \n\n 🏵️[Twitter] 🏵️\nhttps://twitter.com/takanashikiara\n\n 🏵️[Hashtags] 🏵️\n#kfp #キアライブ#hololiveenglish #holomyth #takanashikiara \nFANART #KFPicasso\n\n＝＝＝＝＝＝＝＝＝＝＝＝＝＝＝＝＝＝＝＝＝＝＝＝＝\n\n[Fan Work Guidelines]\nhttps://en.hololive.tv/terms\n\n\n--------------------------------\nRequest from hololive production to underage viewers\nPlease search for [Request To Minors] or click on the link below, to read it and enjoy the video\nhttps://hololivepro.com/en/request-to-minors/\n-------------------------------",
        "thumbnails": {
          "default": {
            "url": "https://i.ytimg.com/vi/1uGO5HAfgFE/default_live.jpg",
            "width": 120,
            "height": 90
          },
          "medium": {
            "url": "https://i.ytimg.com/vi/1uGO5HAfgFE/mqdefault_live.jpg",
            "width": 320,
            "height": 180
          },
          "high": {
            "url": "https://i.ytimg.com/vi/1uGO5HAfgFE/hqdefault_live.jpg",
            "width": 480,
            "height": 360
          },
          "standard": {
            "url": "https://i.ytimg.com/vi/1uGO5HAfgFE/sddefault_live.jpg",
            "width": 640,
            "height": 480
          },
          "maxres": {
            "url": "https://i.ytimg.com/vi/1uGO5HAfgFE/maxresdefault_live.jpg",
            "width": 1280,
            "height": 720
          }
        },
        "channelTitle": "Takanashi Kiara Ch. hololive-EN",
        "tags": [
          "ホロライブ",
          "hololive",
          "ホロライブプロダクション",
          "hololive production",
          "ホロプロ",
          "Takanashi",
          "Kiara",
          "小鳥遊",
          "キアラ",
          "hololive English",
          "holoEN",
          "hololive Myth",
          "holoMyth"
        ],
        "categoryId": "10",
        "liveBroadcastContent": "live",
        "localized": {
          "title": "【UNARCHIVED KARAOKE】Marathon to 1.600.000 Subs PART 2! In my PERFUME SWIMSUIT! #kfp #キアライブ",
          "description": "stream my new song, PERFUME✨ https://cover.lnk.to/zJ4BEH\nmodel made by  @holoen_raorapanthera  and SIvan!!! thumbnail art by  @yubbii_draw  \n\n 🏵️[Twitter] 🏵️\nhttps://twitter.com/takanashikiara\n\n 🏵️[Hashtags] 🏵️\n#kfp #キアライブ#hololiveenglish #holomyth #takanashikiara \nFANART #KFPicasso\n\n＝＝＝＝＝＝＝＝＝＝＝＝＝＝＝＝＝＝＝＝＝＝＝＝＝\n\n[Fan Work Guidelines]\nhttps://en.hololive.tv/terms\n\n\n--------------------------------\nRequest from hololive production to underage viewers\nPlease search for [Request To Minors] or click on the link below, to read it and enjoy the video\nhttps://hololivepro.com/en/request-to-minors/\n-------------------------------"
        },
        "defaultAudioLanguage": "en"
      },
      "liveStreamingDetails": {
        "actualStartTime": "2025-06-29T17:30:34Z",
        "scheduledStartTime": "2025-06-29T17:30:00Z",
        "concurrentViewers": "9241",
        "activeLiveChatId": "Cg0KCzF1R081SEFmZ0ZFKicKGFVDSHN4NEhxYS0xT1JqUVRoOVRZRGh3dxILMXVHTzVIQWZnRkU"
      }
    }
  ],
  "pageInfo": {
    "totalResults": 1,
    "resultsPerPage": 1
  }
}

2025-06-29 22:25:10.363 +02:00 [INF] [API] channelResponse: {
  "kind": "youtube#channelListResponse",
  "etag": "b-Xe2pBPA_NbxZbFJnqLSjZANpo",
  "pageInfo": {
    "totalResults": 1,
    "resultsPerPage": 5
  },
  "items": [
    {
      "kind": "youtube#channel",
      "etag": "M2_x4ev_23gVY5Tr3uI0Ju0P0DM",
      "id": "UCHsx4Hqa-1ORjQTh9TYDhww",
      "snippet": {
        "title": "Takanashi Kiara Ch. hololive-EN",
        "description": "An idol whose dream is to become a fast food shop owner. She is a phoenix, NOT a chicken or turkey. (Very important)\nShe works extremely hard since she will be reborn from ashes anyway.\n\nFor Inquiries\nCover Corp: http://cover-corp.com/\nOfficial Twitter: https://twitter.com/hololive_En",
        "customUrl": "@takanashikiara",
        "publishedAt": "2020-07-16T06:17:18.113297Z",
        "thumbnails": {
          "default": {
            "url": "https://yt3.ggpht.com/vnzn_RiKneABPPnp1-0SO4IAZQRXqVsL5RNDQYGR9GhT-Flm47vM4UJeyGfn4U_gteKqJMBwNA=s88-c-k-c0x00ffffff-no-rj",
            "width": 88,
            "height": 88
          },
          "medium": {
            "url": "https://yt3.ggpht.com/vnzn_RiKneABPPnp1-0SO4IAZQRXqVsL5RNDQYGR9GhT-Flm47vM4UJeyGfn4U_gteKqJMBwNA=s240-c-k-c0x00ffffff-no-rj",
            "width": 240,
            "height": 240
          },
          "high": {
            "url": "https://yt3.ggpht.com/vnzn_RiKneABPPnp1-0SO4IAZQRXqVsL5RNDQYGR9GhT-Flm47vM4UJeyGfn4U_gteKqJMBwNA=s800-c-k-c0x00ffffff-no-rj",
            "width": 800,
            "height": 800
          }
        },
        "localized": {
          "title": "Takanashi Kiara Ch. hololive-EN",
          "description": "An idol whose dream is to become a fast food shop owner. She is a phoenix, NOT a chicken or turkey. (Very important)\nShe works extremely hard since she will be reborn from ashes anyway.\n\nFor Inquiries\nCover Corp: http://cover-corp.com/\nOfficial Twitter: https://twitter.com/hololive_En"
        },
        "country": "JP"
      }
    }
  ]
}

2025-06-29 22:25:10.414 +02:00 [INF] Exécution de streamlink avec les arguments : -j https://www.youtube.com/@TakanashiKiara best
2025-06-29 22:25:10.416 +02:00 [INF] Processus streamlink démarré
2025-06-29 22:25:12.983 +02:00 [INF] Processus streamlink terminé avec le code : 0
2025-06-29 22:25:12.983 +02:00 [INF] Sortie Streamlink (JSON) : {
  "type": "hls",
  "url": "https://manifest.googlevideo.com/api/manifest/hls_playlist/expire/1751250340/ei/RKFhaPOaHoPPp-oPxa3zsAY/ip/2a01:e0a:8f1:aac0:53b:a603:3714:1c77/id/1uGO5HAfgFE.1/itag/301/source/yt_live_broadcast/requiressl/yes/ratebypass/yes/live/1/sgoap/gir%3Dyes%3Bitag%3D140/sgovp/gir%3Dyes%3Bitag%3D299/rqh/1/hls_chunk_host/rr4---sn-25glenlz.googlevideo.com/xpc/EgVo2aDSNQ%3D%3D/bui/AY1jyLM10y2-BL71yUAI1FDGDWmTRRK1YjUUwj9eO6x7CN-v05hnFklbiy-rZ0wzqGRTtlomvdi6ebmO/spc/l3OVKWzGEqv8Sn_dKYSH5BSTe3UeGyReDDGUdadBaW0eB5HTqkjQKRYUGeDrGFHKX68/vprv/1/playlist_type/LIVE/initcwndbps/1911250/met/1751228741,/mh/RU/mm/44/mn/sn-25glenlz/ms/lva/mv/m/mvi/4/pl/45/rms/lva,lva/dover/11/pacing/0/keepalive/yes/fexp/51355912/mt/1751228204/sparams/expire,ei,ip,id,itag,source,requiressl,ratebypass,live,sgoap,sgovp,rqh,xpc,bui,spc,vprv,playlist_type/sig/AJfQdSswRQIhAJWr9J22p23gkF1g_mGmhr7aZmXPpdH9819VbiuFPPMPAiAA60AI57iNKWjK0hAgNFuvGXEwgYFodW8hovzfPTlzaQ%3D%3D/lsparams/hls_chunk_host,initcwndbps,met,mh,mm,mn,ms,mv,mvi,pl,rms/lsig/APaTxxMwRQIgYIxmipCnJ5RXamsb1qFLlMV0pGVpiNzWt3bxuHR3e0oCIQCznuaYwLBNAzcz2Gnp0iusrpDF_yPHRYyMOG3yB01BcQ%3D%3D/playlist/index.m3u8",
  "headers": {
    "User-Agent": "Mozilla/5.0 (Windows NT 10.0; Win64; x64) AppleWebKit/537.36 (KHTML, like Gecko) Chrome/134.0.0.0 Safari/537.36",
    "Accept-Encoding": "gzip, deflate, br, zstd",
    "Accept": "*/*",
    "Connection": "keep-alive"
  },
  "master": "https://manifest.googlevideo.com/api/manifest/hls_variant/expire/1751250340/ei/RKFhaPOaHoPPp-oPxa3zsAY/ip/2a01%3Ae0a%3A8f1%3Aaac0%3A53b%3Aa603%3A3714%3A1c77/id/1uGO5HAfgFE.1/source/yt_live_broadcast/requiressl/yes/xpc/EgVo2aDSNQ%3D%3D/hfr/1/maudio/1/bui/AY1jyLM10y2-BL71yUAI1FDGDWmTRRK1YjUUwj9eO6x7CN-v05hnFklbiy-rZ0wzqGRTtlomvdi6ebmO/spc/l3OVKWzGEqv8Sn_dKYSH5BSTe3UeGyReDDGUdadBaW0eB5HTqkjQKRYUGeDrGFHKX68/vprv/1/go/1/rqh/5/pacing/0/nvgoi/1/ncsapi/1/keepalive/yes/fexp/51355912/dover/11/itag/0/playlist_type/LIVE/sparams/expire%2Cei%2Cip%2Cid%2Csource%2Crequiressl%2Cxpc%2Chfr%2Cmaudio%2Cbui%2Cspc%2Cvprv%2Cgo%2Crqh%2Citag%2Cplaylist_type/sig/AJfQdSswRQIhAI_UTiSCzuxRoA-ykl_YQocxqkven5s-pyqZJ0pS82VYAiB9lJgWcE-BodWacKbY83MQpw8V0pJyf7RzhtJFkdc6Cg%3D%3D/file/index.m3u8",
  "metadata": {
    "id": "1uGO5HAfgFE",
    "author": "Takanashi Kiara Ch. hololive-EN",
    "category": "Music",
    "title": "\u3010UNARCHIVED KARAOKE\u3011Marathon to 1.600.000 Subs PART 2! In my PERFUME SWIMSUIT! #kfp #\u30ad\u30a2\u30e9\u30a4\u30d6"
  }
}

2025-06-29 22:25:12.989 +02:00 [INF] Récupération de l'URL du stream pour https://www.youtube.com/@TakanashiKiara
2025-06-29 22:25:15.013 +02:00 [INF] IsMonitoring a changé: True
2025-06-29 22:25:15.013 +02:00 [INF] CanStopMonitoring est évalué. IsMonitoring: True
2025-06-29 22:25:15.013 +02:00 [INF] CanStartMonitoring après changement: False
2025-06-29 22:25:15.013 +02:00 [INF] CanStopMonitoring est évalué. IsMonitoring: True
2025-06-29 22:25:15.013 +02:00 [INF] CanStopMonitoring après changement: True
2025-06-29 22:25:15.013 +02:00 [INF] Démarrage de l'enregistrement pour @@takanashikiara sur YouTube
2025-06-29 22:25:15.013 +02:00 [INF] URL du stream : https://manifest.googlevideo.com/api/manifest/hls_playlist/expire/1751250343/ei/R6FhaO2PCIPOp-oP3arE2Ac/ip/2a01:e0a:8f1:aac0:53b:a603:3714:1c77/id/1uGO5HAfgFE.1/itag/301/source/yt_live_broadcast/requiressl/yes/ratebypass/yes/live/1/sgoap/gir%3Dyes%3Bitag%3D140/sgovp/gir%3Dyes%3Bitag%3D299/rqh/1/hls_chunk_host/rr4---sn-25glenlz.googlevideo.com/xpc/EgVo2aDSNQ%3D%3D/bui/AY1jyLO0dLY0tSijLMU9QoxLziqgcERFE82VkObnnu9uLVZyy7RfQUKk2LIvje8Pj_wmIG_4Tf30852B/spc/l3OVKcvGH7rO85-ubOiIihynt-k5Zr8gp4ntMHJBj8fAp-6bctp4lGAN_X-mgegH84M/vprv/1/playlist_type/LIVE/initcwndbps/1843750/met/1751228743,/mh/RU/mm/44/mn/sn-25glenlz/ms/lva/mv/m/mvi/4/pl/45/rms/lva,lva/dover/11/pacing/0/keepalive/yes/fexp/51355912/mt/1751228204/sparams/expire,ei,ip,id,itag,source,requiressl,ratebypass,live,sgoap,sgovp,rqh,xpc,bui,spc,vprv,playlist_type/sig/AJfQdSswRgIhAPEybuzOmt2ATG4sL_JJdW2egdvRMq8NccyfQ31lJ8MkAiEAk7F_4gn6UaQk0f-nhubkoPrVSaHLU3eQDc5ex-fgx9o%3D/lsparams/hls_chunk_host,initcwndbps,met,mh,mm,mn,ms,mv,mvi,pl,rms/lsig/APaTxxMwRAIgdnKgkuECh8iSPM9YuH2RSHSbN-ks04SMMoLNngQ4HVMCIF__OSb3DkeArNIA6S_0ilIYwdPq7wAkpJlmR-jMWGFu/playlist/index.m3u8
2025-06-29 22:25:15.013 +02:00 [INF] Chemin de sortie : C:\Users\terre\Documents\Strivea\Recordings\YouTube\@@takanashikiara\Temp\1uGO5HAfgFE\【UNARCHIVED KARAOKE】Marathon to 1.600.000 Subs PART 2! In my PERFUME SWIMSUIT! #kfp #キアライブ_20250629_222515.ts
2025-06-29 22:25:15.058 +02:00 [INF] Enregistrement démarré pour @@takanashikiara sur YouTube
2025-06-29 22:25:45.025 +02:00 [INF] CanStopMonitoring est évalué. IsMonitoring: True
2025-06-29 22:25:45.026 +02:00 [INF] Arrêt de l'enregistrement pour @@takanashikiara sur YouTube
2025-06-29 22:25:45.027 +02:00 [INF] Enregistrement terminé pour @@takanashikiara sur YouTube
2025-06-29 22:25:45.027 +02:00 [INF] Durée : 00:00:29
2025-06-29 22:25:45.027 +02:00 [INF] Taille du fichier : 21 MB
2025-06-29 22:25:45.027 +02:00 [INF] [CONCAT] Début de la concaténation des segments vidéo...
2025-06-29 22:25:45.028 +02:00 [INF] [CONCAT] Fichiers .ts à concaténer (2) :
2025-06-29 22:25:45.028 +02:00 [INF] [CONCAT] - C:\Users\terre\Documents\Strivea\Recordings\YouTube\@@takanashikiara\Temp\1uGO5HAfgFE\【UNARCHIVED KARAOKE】Marathon to 1.600.000 Subs PART 2! In my PERFUME SWIMSUIT! #kfp #キアライブ_20250629_222435.ts
2025-06-29 22:25:45.028 +02:00 [INF] [CONCAT] - C:\Users\terre\Documents\Strivea\Recordings\YouTube\@@takanashikiara\Temp\1uGO5HAfgFE\【UNARCHIVED KARAOKE】Marathon to 1.600.000 Subs PART 2! In my PERFUME SWIMSUIT! #kfp #キアライブ_20250629_222515.ts
2025-06-29 22:25:45.040 +02:00 [INF] CanStopMonitoring est évalué. IsMonitoring: True
2025-06-29 22:25:45.041 +02:00 [INF] [CONCAT] Début de la conversion en mp4...
2025-06-29 22:25:45.041 +02:00 [INF] Commande FFmpeg concat+reencode : ffmpeg -f concat -safe 0 -i "C:\Users\terre\Documents\Strivea\Recordings\YouTube\@@takanashikiara\Temp\1uGO5HAfgFE\TempConcat\concat.txt" -c:v libx264 -c:a aac "C:\Users\terre\Documents\Strivea\Recordings\YouTube\@@takanashikiara\Temp\1uGO5HAfgFE\TempConcat\output.mp4"
2025-06-29 22:26:01.959 +02:00 [ERR] FFmpeg stderr : ffmpeg version 7.1.1-essentials_build-www.gyan.dev Copyright (c) 2000-2025 the FFmpeg developers
  built with gcc 14.2.0 (Rev1, Built by MSYS2 project)
  configuration: --enable-gpl --enable-version3 --enable-static --disable-w32threads --disable-autodetect --enable-fontconfig --enable-iconv --enable-gnutls --enable-libxml2 --enable-gmp --enable-bzlib --enable-lzma --enable-zlib --enable-libsrt --enable-libssh --enable-libzmq --enable-avisynth --enable-sdl2 --enable-libwebp --enable-libx264 --enable-libx265 --enable-libxvid --enable-libaom --enable-libopenjpeg --enable-libvpx --enable-mediafoundation --enable-libass --enable-libfreetype --enable-libfribidi --enable-libharfbuzz --enable-libvidstab --enable-libvmaf --enable-libzimg --enable-amf --enable-cuda-llvm --enable-cuvid --enable-dxva2 --enable-d3d11va --enable-d3d12va --enable-ffnvcodec --enable-libvpl --enable-nvdec --enable-nvenc --enable-vaapi --enable-libgme --enable-libopenmpt --enable-libopencore-amrwb --enable-libmp3lame --enable-libtheora --enable-libvo-amrwbenc --enable-libgsm --enable-libopencore-amrnb --enable-libopus --enable-libspeex --enable-libvorbis --enable-librubberband
  libavutil      59. 39.100 / 59. 39.100
  libavcodec     61. 19.101 / 61. 19.101
  libavformat    61.  7.100 / 61.  7.100
  libavdevice    61.  3.100 / 61.  3.100
  libavfilter    10.  4.100 / 10.  4.100
  libswscale      8.  3.100 /  8.  3.100
  libswresample   5.  3.100 /  5.  3.100
  libpostproc    58.  3.100 / 58.  3.100
[mpegts @ 000001ef1c350540] PES packet size mismatch
[mpegts @ 000001ef1c350540] Packet corrupt (stream = 1, dts = 944638500).
Input #0, concat, from 'C:\Users\terre\Documents\Strivea\Recordings\YouTube\@@takanashikiara\Temp\1uGO5HAfgFE\TempConcat\concat.txt':
  Duration: N/A, start: 0.000000, bitrate: 130 kb/s
  Stream #0:0: Audio: aac (LC) ([15][0][0][0] / 0x000F), 44100 Hz, stereo, fltp, 130 kb/s
  Stream #0:1: Video: h264 (Main) ([27][0][0][0] / 0x001B), yuv420p(tv, bt709, progressive), 1920x1080 [SAR 1:1 DAR 16:9], 60 fps, 60 tbr, 90k tbn
Stream mapping:
  Stream #0:1 -> #0:0 (h264 (native) -> h264 (libx264))
  Stream #0:0 -> #0:1 (aac (native) -> aac (native))
Press [q] to stop, [?] for help
[libx264 @ 000001ef1c940780] using SAR=1/1
[libx264 @ 000001ef1c940780] using cpu capabilities: MMX2 SSE2Fast SSSE3 SSE4.2 AVX FMA3 BMI2 AVX2 AVX512
[libx264 @ 000001ef1c940780] profile High, level 4.2, 4:2:0, 8-bit
[libx264 @ 000001ef1c940780] 264 - core 164 r3204 373697b - H.264/MPEG-4 AVC codec - Copyleft 2003-2025 - http://www.videolan.org/x264.html - options: cabac=1 ref=3 deblock=1:0:0 analyse=0x3:0x113 me=hex subme=7 psy=1 psy_rd=1.00:0.00 mixed_ref=1 me_range=16 chroma_me=1 trellis=1 8x8dct=1 cqm=0 deadzone=21,11 fast_pskip=1 chroma_qp_offset=-2 threads=24 lookahead_threads=4 sliced_threads=0 nr=0 decimate=1 interlaced=0 bluray_compat=0 constrained_intra=0 bframes=3 b_pyramid=2 b_adapt=1 b_bias=0 direct=1 weightb=1 open_gop=0 weightp=2 keyint=250 keyint_min=25 scenecut=40 intra_refresh=0 rc_lookahead=40 rc=crf mbtree=1 crf=23.0 qcomp=0.60 qpmin=0 qpmax=69 qpstep=4 ip_ratio=1.40 aq=1:1.00
Output #0, mp4, to 'C:\Users\terre\Documents\Strivea\Recordings\YouTube\@@takanashikiara\Temp\1uGO5HAfgFE\TempConcat\output.mp4':
  Metadata:
    encoder         : Lavf61.7.100
  Stream #0:0: Video: h264 (avc1 / 0x31637661), yuv420p(tv, bt709, progressive), 1920x1080 [SAR 1:1 DAR 16:9], q=2-31, 60 fps, 15360 tbn
      Metadata:
        encoder         : Lavc61.19.101 libx264
      Side data:
        cpb: bitrate max/min/avg: 0/0/0 buffer size: 0 vbv_delay: N/A
  Stream #0:1: Audio: aac (LC) (mp4a / 0x6134706D), 44100 Hz, stereo, fltp, 128 kb/s
      Metadata:
        encoder         : Lavc61.19.101 aac
frame=   60 fps=0.0 q=31.0 size=     256KiB time=00:00:00.96 bitrate=2169.9kbits/s speed=1.88x    
frame=  165 fps=160 q=31.0 size=     768KiB time=00:00:02.71 bitrate=2316.0kbits/s speed=2.63x    
frame=  264 fps=172 q=31.0 size=    1536KiB time=00:00:04.36 bitrate=2881.7kbits/s speed=2.84x    
frame=  366 fps=178 q=31.0 size=    2304KiB time=00:00:06.06 bitrate=3111.2kbits/s speed=2.95x    
frame=  467 fps=182 q=31.0 size=    2816KiB time=00:00:07.75 bitrate=2976.7kbits/s speed=3.02x    
frame=  572 fps=185 q=31.0 size=    3840KiB time=00:00:09.50 bitrate=3311.3kbits/s speed=3.08x    
frame=  687 fps=191 q=31.0 size=    4352KiB time=00:00:11.41 bitrate=3122.8kbits/s speed=3.17x    
frame=  784 fps=190 q=31.0 size=    5120KiB time=00:00:13.03 bitrate=3218.2kbits/s speed=3.16x    
frame=  889 fps=192 q=31.0 size=    5888KiB time=00:00:14.78 bitrate=3262.8kbits/s speed=3.19x    
frame=  994 fps=193 q=31.0 size=    6400KiB time=00:00:16.53 bitrate=3171.1kbits/s speed=3.21x    
frame= 1101 fps=194 q=31.0 size=    7424KiB time=00:00:18.31 bitrate=3320.4kbits/s speed=3.23x    
frame= 1198 fps=193 q=31.0 size=    7936KiB time=00:00:19.93 bitrate=3261.5kbits/s speed=3.22x    
frame= 1315 fps=196 q=31.0 size=    8704KiB time=00:00:21.88 bitrate=3258.3kbits/s speed=3.26x    
[mpegts @ 000001ef1c350540] PES packet size mismatch
[mpegts @ 000001ef1c350540] Packet corrupt (stream = 1, dts = 944638500).
[concat @ 000001ef1c34ef80] Packet corrupt (stream = 1, dts = 2247000).
[in#0/concat @ 000001ef1c352d40] corrupt input packet in stream 1
[h264 @ 000001ef1c3ee680] error while decoding MB 44 58, bytestream -5
[h264 @ 000001ef1c3ee680] concealing 1205 DC, 1205 AC, 1205 MV errors in P frame
[vist#0:1/h264 @ 000001ef1d02f040] [dec:h264 @ 000001ef1cf30d00] corrupt decoded frame
frame= 1416 fps=196 q=31.0 size=    9472KiB time=00:00:23.56 bitrate=3292.6kbits/s speed=3.26x    
frame= 1506 fps=194 q=31.0 size=    9984KiB time=00:00:25.06 bitrate=3262.9kbits/s speed=3.23x    
frame= 1612 fps=195 q=31.0 size=   10752KiB time=00:00:26.83 bitrate=3282.5kbits/s speed=3.25x    
frame= 1716 fps=196 q=31.0 size=   11520KiB time=00:00:28.56 bitrate=3303.6kbits/s speed=3.25x    
frame= 1820 fps=196 q=31.0 size=   12288KiB time=00:00:30.30 bitrate=3322.2kbits/s speed=3.26x    
frame= 1917 fps=196 q=31.0 size=   12800KiB time=00:00:31.91 bitrate=3285.4kbits/s speed=3.26x    
frame= 2018 fps=196 q=31.0 size=   13824KiB time=00:00:33.60 bitrate=3370.4kbits/s speed=3.26x    
frame= 2128 fps=196 q=31.0 size=   14336KiB time=00:00:35.43 bitrate=3314.4kbits/s speed=3.27x    
frame= 2245 fps=198 q=31.0 size=   15104KiB time=00:00:37.38 bitrate=3309.8kbits/s speed=3.29x    
frame= 2371 fps=200 q=31.0 size=   15872KiB time=00:00:39.50 bitrate=3291.7kbits/s speed=3.33x    
frame= 2478 fps=200 q=29.0 size=   16384KiB time=00:00:41.26 bitrate=3252.5kbits/s speed=3.33x    
frame= 2582 fps=200 q=31.0 size=   17152KiB time=00:00:43.00 bitrate=3267.7kbits/s speed=3.33x    
frame= 2697 fps=201 q=31.0 size=   17920KiB time=00:00:44.91 bitrate=3268.3kbits/s speed=3.35x    
frame= 2803 fps=201 q=31.0 size=   18688KiB time=00:00:46.68 bitrate=3279.4kbits/s speed=3.35x    
frame= 2909 fps=201 q=31.0 size=   19200KiB time=00:00:48.45 bitrate=3246.4kbits/s speed=3.36x    
frame= 3029 fps=202 q=31.0 size=   20224KiB time=00:00:50.45 bitrate=3284.0kbits/s speed=3.37x    
frame= 3144 fps=203 q=31.0 size=   20992KiB time=00:00:52.36 bitrate=3283.9kbits/s speed=3.38x    
frame= 3244 fps=203 q=31.0 size=   21504KiB time=00:00:54.03 bitrate=3260.2kbits/s speed=3.38x    
frame= 3343 fps=203 q=31.0 size=   22272KiB time=N/A bitrate=N/A speed=N/A    
[out#0/mp4 @ 000001ef1d130200] video:22012KiB audio:890KiB subtitle:0KiB other streams:0KiB global headers:0KiB muxing overhead: 0.405189%
frame= 3420 fps=204 q=-1.0 Lsize=   22995KiB time=00:00:56.96 bitrate=3306.8kbits/s speed= 3.4x    
[libx264 @ 000001ef1c940780] frame I:14    Avg QP:19.51  size:184611
[libx264 @ 000001ef1c940780] frame P:878   Avg QP:23.78  size: 16207
[libx264 @ 000001ef1c940780] frame B:2528  Avg QP:29.38  size:  2265
[libx264 @ 000001ef1c940780] consecutive B-frames:  1.0%  1.0%  1.3% 96.7%
[libx264 @ 000001ef1c940780] mb I  I16..4: 23.6% 41.4% 35.0%
[libx264 @ 000001ef1c940780] mb P  I16..4:  2.7%  2.7%  0.6%  P16..4: 28.0%  5.5%  2.9%  0.0%  0.0%    skip:57.4%
[libx264 @ 000001ef1c940780] mb B  I16..4:  0.1%  0.1%  0.0%  B16..8: 21.5%  0.6%  0.1%  direct: 0.1%  skip:77.5%  L0:47.1% L1:51.8% BI: 1.1%
[libx264 @ 000001ef1c940780] 8x8 transform intra:44.2% inter:69.2%
[libx264 @ 000001ef1c940780] coded y,uvDC,uvAC intra: 23.1% 45.9% 18.4% inter: 2.1% 3.6% 0.4%
[libx264 @ 000001ef1c940780] i16 v,h,dc,p: 24% 47% 11% 18%
[libx264 @ 000001ef1c940780] i8 v,h,dc,ddl,ddr,vr,hd,vl,hu: 19% 24% 48%  1%  2%  1%  2%  1%  2%
[libx264 @ 000001ef1c940780] i4 v,h,dc,ddl,ddr,vr,hd,vl,hu: 27% 25% 15%  6%  5%  6%  5%  5%  6%
[libx264 @ 000001ef1c940780] i8c dc,h,v,p: 45% 32% 19%  4%
[libx264 @ 000001ef1c940780] Weighted P-Frames: Y:0.0% UV:0.0%
[libx264 @ 000001ef1c940780] ref P L0: 66.6%  9.7% 18.5%  5.1%
[libx264 @ 000001ef1c940780] ref B L0: 91.1%  7.7%  1.2%
[libx264 @ 000001ef1c940780] ref B L1: 96.5%  3.5%
[libx264 @ 000001ef1c940780] kb/s:3163.42
[aac @ 000001ef1c3ecc80] Qavg: 619.258

2025-06-29 22:26:01.966 +02:00 [INF] FFmpeg terminé avec code 0
2025-06-29 22:26:01.966 +02:00 [INF] FFmpeg concat+reencode result: 
[stderr]
ffmpeg version 7.1.1-essentials_build-www.gyan.dev Copyright (c) 2000-2025 the FFmpeg developers
  built with gcc 14.2.0 (Rev1, Built by MSYS2 project)
  configuration: --enable-gpl --enable-version3 --enable-static --disable-w32threads --disable-autodetect --enable-fontconfig --enable-iconv --enable-gnutls --enable-libxml2 --enable-gmp --enable-bzlib --enable-lzma --enable-zlib --enable-libsrt --enable-libssh --enable-libzmq --enable-avisynth --enable-sdl2 --enable-libwebp --enable-libx264 --enable-libx265 --enable-libxvid --enable-libaom --enable-libopenjpeg --enable-libvpx --enable-mediafoundation --enable-libass --enable-libfreetype --enable-libfribidi --enable-libharfbuzz --enable-libvidstab --enable-libvmaf --enable-libzimg --enable-amf --enable-cuda-llvm --enable-cuvid --enable-dxva2 --enable-d3d11va --enable-d3d12va --enable-ffnvcodec --enable-libvpl --enable-nvdec --enable-nvenc --enable-vaapi --enable-libgme --enable-libopenmpt --enable-libopencore-amrwb --enable-libmp3lame --enable-libtheora --enable-libvo-amrwbenc --enable-libgsm --enable-libopencore-amrnb --enable-libopus --enable-libspeex --enable-libvorbis --enable-librubberband
  libavutil      59. 39.100 / 59. 39.100
  libavcodec     61. 19.101 / 61. 19.101
  libavformat    61.  7.100 / 61.  7.100
  libavdevice    61.  3.100 / 61.  3.100
  libavfilter    10.  4.100 / 10.  4.100
  libswscale      8.  3.100 /  8.  3.100
  libswresample   5.  3.100 /  5.  3.100
  libpostproc    58.  3.100 / 58.  3.100
[mpegts @ 000001ef1c350540] PES packet size mismatch
[mpegts @ 000001ef1c350540] Packet corrupt (stream = 1, dts = 944638500).
Input #0, concat, from 'C:\Users\terre\Documents\Strivea\Recordings\YouTube\@@takanashikiara\Temp\1uGO5HAfgFE\TempConcat\concat.txt':
  Duration: N/A, start: 0.000000, bitrate: 130 kb/s
  Stream #0:0: Audio: aac (LC) ([15][0][0][0] / 0x000F), 44100 Hz, stereo, fltp, 130 kb/s
  Stream #0:1: Video: h264 (Main) ([27][0][0][0] / 0x001B), yuv420p(tv, bt709, progressive), 1920x1080 [SAR 1:1 DAR 16:9], 60 fps, 60 tbr, 90k tbn
Stream mapping:
  Stream #0:1 -> #0:0 (h264 (native) -> h264 (libx264))
  Stream #0:0 -> #0:1 (aac (native) -> aac (native))
Press [q] to stop, [?] for help
[libx264 @ 000001ef1c940780] using SAR=1/1
[libx264 @ 000001ef1c940780] using cpu capabilities: MMX2 SSE2Fast SSSE3 SSE4.2 AVX FMA3 BMI2 AVX2 AVX512
[libx264 @ 000001ef1c940780] profile High, level 4.2, 4:2:0, 8-bit
[libx264 @ 000001ef1c940780] 264 - core 164 r3204 373697b - H.264/MPEG-4 AVC codec - Copyleft 2003-2025 - http://www.videolan.org/x264.html - options: cabac=1 ref=3 deblock=1:0:0 analyse=0x3:0x113 me=hex subme=7 psy=1 psy_rd=1.00:0.00 mixed_ref=1 me_range=16 chroma_me=1 trellis=1 8x8dct=1 cqm=0 deadzone=21,11 fast_pskip=1 chroma_qp_offset=-2 threads=24 lookahead_threads=4 sliced_threads=0 nr=0 decimate=1 interlaced=0 bluray_compat=0 constrained_intra=0 bframes=3 b_pyramid=2 b_adapt=1 b_bias=0 direct=1 weightb=1 open_gop=0 weightp=2 keyint=250 keyint_min=25 scenecut=40 intra_refresh=0 rc_lookahead=40 rc=crf mbtree=1 crf=23.0 qcomp=0.60 qpmin=0 qpmax=69 qpstep=4 ip_ratio=1.40 aq=1:1.00
Output #0, mp4, to 'C:\Users\terre\Documents\Strivea\Recordings\YouTube\@@takanashikiara\Temp\1uGO5HAfgFE\TempConcat\output.mp4':
  Metadata:
    encoder         : Lavf61.7.100
  Stream #0:0: Video: h264 (avc1 / 0x31637661), yuv420p(tv, bt709, progressive), 1920x1080 [SAR 1:1 DAR 16:9], q=2-31, 60 fps, 15360 tbn
      Metadata:
        encoder         : Lavc61.19.101 libx264
      Side data:
        cpb: bitrate max/min/avg: 0/0/0 buffer size: 0 vbv_delay: N/A
  Stream #0:1: Audio: aac (LC) (mp4a / 0x6134706D), 44100 Hz, stereo, fltp, 128 kb/s
      Metadata:
        encoder         : Lavc61.19.101 aac
frame=   60 fps=0.0 q=31.0 size=     256KiB time=00:00:00.96 bitrate=2169.9kbits/s speed=1.88x    
frame=  165 fps=160 q=31.0 size=     768KiB time=00:00:02.71 bitrate=2316.0kbits/s speed=2.63x    
frame=  264 fps=172 q=31.0 size=    1536KiB time=00:00:04.36 bitrate=2881.7kbits/s speed=2.84x    
frame=  366 fps=178 q=31.0 size=    2304KiB time=00:00:06.06 bitrate=3111.2kbits/s speed=2.95x    
frame=  467 fps=182 q=31.0 size=    2816KiB time=00:00:07.75 bitrate=2976.7kbits/s speed=3.02x    
frame=  572 fps=185 q=31.0 size=    3840KiB time=00:00:09.50 bitrate=3311.3kbits/s speed=3.08x    
frame=  687 fps=191 q=31.0 size=    4352KiB time=00:00:11.41 bitrate=3122.8kbits/s speed=3.17x    
frame=  784 fps=190 q=31.0 size=    5120KiB time=00:00:13.03 bitrate=3218.2kbits/s speed=3.16x    
frame=  889 fps=192 q=31.0 size=    5888KiB time=00:00:14.78 bitrate=3262.8kbits/s speed=3.19x    
frame=  994 fps=193 q=31.0 size=    6400KiB time=00:00:16.53 bitrate=3171.1kbits/s speed=3.21x    
frame= 1101 fps=194 q=31.0 size=    7424KiB time=00:00:18.31 bitrate=3320.4kbits/s speed=3.23x    
frame= 1198 fps=193 q=31.0 size=    7936KiB time=00:00:19.93 bitrate=3261.5kbits/s speed=3.22x    
frame= 1315 fps=196 q=31.0 size=    8704KiB time=00:00:21.88 bitrate=3258.3kbits/s speed=3.26x    
[mpegts @ 000001ef1c350540] PES packet size mismatch
[mpegts @ 000001ef1c350540] Packet corrupt (stream = 1, dts = 944638500).
[concat @ 000001ef1c34ef80] Packet corrupt (stream = 1, dts = 2247000).
[in#0/concat @ 000001ef1c352d40] corrupt input packet in stream 1
[h264 @ 000001ef1c3ee680] error while decoding MB 44 58, bytestream -5
[h264 @ 000001ef1c3ee680] concealing 1205 DC, 1205 AC, 1205 MV errors in P frame
[vist#0:1/h264 @ 000001ef1d02f040] [dec:h264 @ 000001ef1cf30d00] corrupt decoded frame
frame= 1416 fps=196 q=31.0 size=    9472KiB time=00:00:23.56 bitrate=3292.6kbits/s speed=3.26x    
frame= 1506 fps=194 q=31.0 size=    9984KiB time=00:00:25.06 bitrate=3262.9kbits/s speed=3.23x    
frame= 1612 fps=195 q=31.0 size=   10752KiB time=00:00:26.83 bitrate=3282.5kbits/s speed=3.25x    
frame= 1716 fps=196 q=31.0 size=   11520KiB time=00:00:28.56 bitrate=3303.6kbits/s speed=3.25x    
frame= 1820 fps=196 q=31.0 size=   12288KiB time=00:00:30.30 bitrate=3322.2kbits/s speed=3.26x    
frame= 1917 fps=196 q=31.0 size=   12800KiB time=00:00:31.91 bitrate=3285.4kbits/s speed=3.26x    
frame= 2018 fps=196 q=31.0 size=   13824KiB time=00:00:33.60 bitrate=3370.4kbits/s speed=3.26x    
frame= 2128 fps=196 q=31.0 size=   14336KiB time=00:00:35.43 bitrate=3314.4kbits/s speed=3.27x    
frame= 2245 fps=198 q=31.0 size=   15104KiB time=00:00:37.38 bitrate=3309.8kbits/s speed=3.29x    
frame= 2371 fps=200 q=31.0 size=   15872KiB time=00:00:39.50 bitrate=3291.7kbits/s speed=3.33x    
frame= 2478 fps=200 q=29.0 size=   16384KiB time=00:00:41.26 bitrate=3252.5kbits/s speed=3.33x    
frame= 2582 fps=200 q=31.0 size=   17152KiB time=00:00:43.00 bitrate=3267.7kbits/s speed=3.33x    
frame= 2697 fps=201 q=31.0 size=   17920KiB time=00:00:44.91 bitrate=3268.3kbits/s speed=3.35x    
frame= 2803 fps=201 q=31.0 size=   18688KiB time=00:00:46.68 bitrate=3279.4kbits/s speed=3.35x    
frame= 2909 fps=201 q=31.0 size=   19200KiB time=00:00:48.45 bitrate=3246.4kbits/s speed=3.36x    
frame= 3029 fps=202 q=31.0 size=   20224KiB time=00:00:50.45 bitrate=3284.0kbits/s speed=3.37x    
frame= 3144 fps=203 q=31.0 size=   20992KiB time=00:00:52.36 bitrate=3283.9kbits/s speed=3.38x    
frame= 3244 fps=203 q=31.0 size=   21504KiB time=00:00:54.03 bitrate=3260.2kbits/s speed=3.38x    
frame= 3343 fps=203 q=31.0 size=   22272KiB time=N/A bitrate=N/A speed=N/A    
[out#0/mp4 @ 000001ef1d130200] video:22012KiB audio:890KiB subtitle:0KiB other streams:0KiB global headers:0KiB muxing overhead: 0.405189%
frame= 3420 fps=204 q=-1.0 Lsize=   22995KiB time=00:00:56.96 bitrate=3306.8kbits/s speed= 3.4x    
[libx264 @ 000001ef1c940780] frame I:14    Avg QP:19.51  size:184611
[libx264 @ 000001ef1c940780] frame P:878   Avg QP:23.78  size: 16207
[libx264 @ 000001ef1c940780] frame B:2528  Avg QP:29.38  size:  2265
[libx264 @ 000001ef1c940780] consecutive B-frames:  1.0%  1.0%  1.3% 96.7%
[libx264 @ 000001ef1c940780] mb I  I16..4: 23.6% 41.4% 35.0%
[libx264 @ 000001ef1c940780] mb P  I16..4:  2.7%  2.7%  0.6%  P16..4: 28.0%  5.5%  2.9%  0.0%  0.0%    skip:57.4%
[libx264 @ 000001ef1c940780] mb B  I16..4:  0.1%  0.1%  0.0%  B16..8: 21.5%  0.6%  0.1%  direct: 0.1%  skip:77.5%  L0:47.1% L1:51.8% BI: 1.1%
[libx264 @ 000001ef1c940780] 8x8 transform intra:44.2% inter:69.2%
[libx264 @ 000001ef1c940780] coded y,uvDC,uvAC intra: 23.1% 45.9% 18.4% inter: 2.1% 3.6% 0.4%
[libx264 @ 000001ef1c940780] i16 v,h,dc,p: 24% 47% 11% 18%
[libx264 @ 000001ef1c940780] i8 v,h,dc,ddl,ddr,vr,hd,vl,hu: 19% 24% 48%  1%  2%  1%  2%  1%  2%
[libx264 @ 000001ef1c940780] i4 v,h,dc,ddl,ddr,vr,hd,vl,hu: 27% 25% 15%  6%  5%  6%  5%  5%  6%
[libx264 @ 000001ef1c940780] i8c dc,h,v,p: 45% 32% 19%  4%
[libx264 @ 000001ef1c940780] Weighted P-Frames: Y:0.0% UV:0.0%
[libx264 @ 000001ef1c940780] ref P L0: 66.6%  9.7% 18.5%  5.1%
[libx264 @ 000001ef1c940780] ref B L0: 91.1%  7.7%  1.2%
[libx264 @ 000001ef1c940780] ref B L1: 96.5%  3.5%
[libx264 @ 000001ef1c940780] kb/s:3163.42
[aac @ 000001ef1c3ecc80] Qavg: 619.258

2025-06-29 22:26:01.968 +02:00 [INF] [CONCAT] Déplacement du fichier final vers : C:\Users\terre\Documents\Strivea\Recordings\YouTube\@@takanashikiara\Temp\【UNARCHIVED KARAOKE】Marathon to 1.600.000 Subs PART 2! In my PERFUME SWIMSUIT! #kfp #キアライブ.mp4
2025-06-29 22:26:01.969 +02:00 [INF] [CONCAT] Fichier final déplacé vers : C:\Users\terre\Documents\Strivea\Recordings\YouTube\@@takanashikiara\Temp\【UNARCHIVED KARAOKE】Marathon to 1.600.000 Subs PART 2! In my PERFUME SWIMSUIT! #kfp #キアライブ.mp4
2025-06-29 22:26:01.969 +02:00 [INF] [CONCAT] Concaténation et conversion terminées avec succès.
2025-06-29 22:26:01.973 +02:00 [INF] CanStopMonitoring est évalué. IsMonitoring: True
2025-06-29 22:26:01.974 +02:00 [INF] IsMonitoring a changé: False
2025-06-29 22:26:01.974 +02:00 [INF] CanStopMonitoring est évalué. IsMonitoring: False
2025-06-29 22:26:01.974 +02:00 [INF] CanStartMonitoring après changement: True
2025-06-29 22:26:01.974 +02:00 [INF] CanStopMonitoring est évalué. IsMonitoring: False
2025-06-29 22:26:01.974 +02:00 [INF] CanStopMonitoring après changement: False
2025-06-29 22:26:01.974 +02:00 [INF] [DEBUG] IsMonitoring forcé à False dans finally StopMonitoringAsync
2025-06-29 22:26:01.974 +02:00 [INF] CanStopMonitoring est évalué. IsMonitoring: False
2025-06-29 22:31:55.991 +02:00 [INF] Démarrage de l'application...
2025-06-29 22:31:56.031 +02:00 [INF] Initialisation de l'application...
2025-06-29 22:31:56.069 +02:00 [INF] Initialisation du framework terminée...
2025-06-29 22:31:56.069 +02:00 [INF] Application Avalonia construite
2025-06-29 22:31:56.070 +02:00 [INF] Configuration des services...
2025-06-29 22:31:56.078 +02:00 [INF] Construction du conteneur DI...
2025-06-29 22:31:56.411 +02:00 [INF] Démarrage de l'application...
2025-06-29 22:31:56.495 +02:00 [INF] Initialisation du framework terminée...
2025-06-29 22:31:56.828 +02:00 [INF] YouTubeStreamDetector initialisé
2025-06-29 22:31:56.832 +02:00 [INF] MainViewModel initialisé
2025-06-29 22:31:56.834 +02:00 [INF] CanStartMonitoring après changement: True
2025-06-29 22:31:56.834 +02:00 [INF] CanStopMonitoring est évalué. IsMonitoring: False
2025-06-29 22:31:56.834 +02:00 [INF] CanStopMonitoring après changement: False
2025-06-29 22:31:56.849 +02:00 [INF] CanStopMonitoring est évalué. IsMonitoring: False
2025-06-29 22:31:56.853 +02:00 [INF] Application démarrée avec succès
2025-06-29 22:32:01.629 +02:00 [INF] Début de la récupération des informations du stream YouTube pour : https://www.youtube.com/watch?v=5EIjfy_ikKo
2025-06-29 22:32:01.795 +02:00 [INF] [API] videoResponse: {
  "kind": "youtube#videoListResponse",
  "etag": "86jDI-PbpRzVAfcNH3zNrMxLUpQ",
  "items": [
    {
      "kind": "youtube#video",
      "etag": "Y3WgL0jhLwyArEOOq8sn1RGJea4",
      "id": "5EIjfy_ikKo",
      "snippet": {
        "publishedAt": "2025-06-29T09:59:15Z",
        "channelId": "UCDHABijvPBnJm7F-KlNME3w",
        "title": "Kura Revolving Sushi Bar x hololive English Collab! #sponsored",
        "description": "#sponsored #hololiveenglish #kurasushi_usa #revolvingsushi #conveyorbeltsushi\n@OuroKronii @NinomaeInanis \n\nKura’s X link: https://x.com/kurasushi_usa?lang=en\nKura’s Insta Link: https://www.instagram.com/kurasushi_usa/?hl=en\n\nAbout Kura Sushi USA, Inc.\nKura Sushi USA, Inc. is a technology-enabled Japanese restaurant concept\nwith over 76 locations across the United States. Known for its revolving\nsushi bar experience and commitment to quality ingredients, Kura Sushi\nUSA is a subsidiary of Kura Sushi, Inc., which has operated in Japan for over\n45 years since 1977.\n\nAll collaboration menu items, merchandise, and giveaways are\navailable while supplies last. For more information, including\nparticipating locations and full promotional details, visit\nhttps://kurasushi.com/hololiveenglish-bikkura-pon-collaboration\n\nVlog credits:\no Edited by: Vincent Deng\no Music Provided by: Haben Godefa\n\n‐‐‐‐‐‐‐‐‐‐‐‐‐‐‐ underage viewers  ‐‐‐‐‐‐‐‐‐‐‐‐‐‐‐\n▶Request from hololive production to underage viewers\nPlease search for [Request To Minors] or click on the link below, to read it and enjoy the video\nhttps://hololivepro.com/en/request-to-minors/\n\n‐‐‐‐‐‐‐‐‐‐‐‐‐‐‐ Fan Work Guidelines  ‐‐‐‐‐‐‐‐‐‐‐‐‐‐‐\nhttps://en.hololive.tv/terms\n\n‐‐‐‐‐‐‐‐‐‐‐‐‐‐‐ Holoschedule  ‐‐‐‐‐‐‐‐‐‐‐‐‐‐‐\nhttps://schedule.hololive.tv/#hololive\n\n‐‐‐‐‐‐‐‐‐‐‐‐‐‐‐  Official Online Shop  ‐‐‐‐‐‐‐‐‐‐‐‐‐‐‐\nhttps://shop.hololivepro.com/en\n\n‐‐‐‐‐‐‐‐‐‐‐‐‐‐‐  Hololive Production  ‐‐‐‐‐‐‐‐‐‐‐‐‐‐‐\n・Hololive English YouTube Channel: https://t.co/LcYDgFF9V0?amp=1\n・Hololive Production Official Twitter: https://twitter.com/hololivetv\n・Hololive English Official Twitter: https://twitter.com/hololive_En\n・Hololive English Official Reddit: https://www.reddit.com/r/Hololive\n_________________________________________________________\n\n#hololiveEnglish #holoJustice",
        "thumbnails": {
          "default": {
            "url": "https://i.ytimg.com/vi/5EIjfy_ikKo/default_live.jpg",
            "width": 120,
            "height": 90
          },
          "medium": {
            "url": "https://i.ytimg.com/vi/5EIjfy_ikKo/mqdefault_live.jpg",
            "width": 320,
            "height": 180
          },
          "high": {
            "url": "https://i.ytimg.com/vi/5EIjfy_ikKo/hqdefault_live.jpg",
            "width": 480,
            "height": 360
          },
          "standard": {
            "url": "https://i.ytimg.com/vi/5EIjfy_ikKo/sddefault_live.jpg",
            "width": 640,
            "height": 480
          },
          "maxres": {
            "url": "https://i.ytimg.com/vi/5EIjfy_ikKo/maxresdefault_live.jpg",
            "width": 1280,
            "height": 720
          }
        },
        "channelTitle": "Gigi Murin Ch. hololive-EN",
        "categoryId": "20",
        "liveBroadcastContent": "live",
        "localized": {
          "title": "Kura Revolving Sushi Bar x hololive English Collab! #sponsored",
          "description": "#sponsored #hololiveenglish #kurasushi_usa #revolvingsushi #conveyorbeltsushi\n@OuroKronii @NinomaeInanis \n\nKura’s X link: https://x.com/kurasushi_usa?lang=en\nKura’s Insta Link: https://www.instagram.com/kurasushi_usa/?hl=en\n\nAbout Kura Sushi USA, Inc.\nKura Sushi USA, Inc. is a technology-enabled Japanese restaurant concept\nwith over 76 locations across the United States. Known for its revolving\nsushi bar experience and commitment to quality ingredients, Kura Sushi\nUSA is a subsidiary of Kura Sushi, Inc., which has operated in Japan for over\n45 years since 1977.\n\nAll collaboration menu items, merchandise, and giveaways are\navailable while supplies last. For more information, including\nparticipating locations and full promotional details, visit\nhttps://kurasushi.com/hololiveenglish-bikkura-pon-collaboration\n\nVlog credits:\no Edited by: Vincent Deng\no Music Provided by: Haben Godefa\n\n‐‐‐‐‐‐‐‐‐‐‐‐‐‐‐ underage viewers  ‐‐‐‐‐‐‐‐‐‐‐‐‐‐‐\n▶Request from hololive production to underage viewers\nPlease search for [Request To Minors] or click on the link below, to read it and enjoy the video\nhttps://hololivepro.com/en/request-to-minors/\n\n‐‐‐‐‐‐‐‐‐‐‐‐‐‐‐ Fan Work Guidelines  ‐‐‐‐‐‐‐‐‐‐‐‐‐‐‐\nhttps://en.hololive.tv/terms\n\n‐‐‐‐‐‐‐‐‐‐‐‐‐‐‐ Holoschedule  ‐‐‐‐‐‐‐‐‐‐‐‐‐‐‐\nhttps://schedule.hololive.tv/#hololive\n\n‐‐‐‐‐‐‐‐‐‐‐‐‐‐‐  Official Online Shop  ‐‐‐‐‐‐‐‐‐‐‐‐‐‐‐\nhttps://shop.hololivepro.com/en\n\n‐‐‐‐‐‐‐‐‐‐‐‐‐‐‐  Hololive Production  ‐‐‐‐‐‐‐‐‐‐‐‐‐‐‐\n・Hololive English YouTube Channel: https://t.co/LcYDgFF9V0?amp=1\n・Hololive Production Official Twitter: https://twitter.com/hololivetv\n・Hololive English Official Twitter: https://twitter.com/hololive_En\n・Hololive English Official Reddit: https://www.reddit.com/r/Hololive\n_________________________________________________________\n\n#hololiveEnglish #holoJustice"
        }
      },
      "liveStreamingDetails": {
        "actualStartTime": "2025-06-29T20:02:54Z",
        "scheduledStartTime": "2025-06-29T20:00:00Z",
        "concurrentViewers": "9186",
        "activeLiveChatId": "Cg0KCzVFSWpmeV9pa0tvKicKGFVDREhBQmlqdlBCbkptN0YtS2xOTUUzdxILNUVJamZ5X2lrS28"
      }
    }
  ],
  "pageInfo": {
    "totalResults": 1,
    "resultsPerPage": 1
  }
}

2025-06-29 22:32:01.849 +02:00 [INF] [API] channelResponse: {
  "kind": "youtube#channelListResponse",
  "etag": "O7dsuaMTto4gStVhrICDcT2Uimk",
  "pageInfo": {
    "totalResults": 1,
    "resultsPerPage": 5
  },
  "items": [
    {
      "kind": "youtube#channel",
      "etag": "gHU_7Ru2UjDWpvtkwmapEF1y-O4",
      "id": "UCDHABijvPBnJm7F-KlNME3w",
      "snippet": {
        "title": "Gigi Murin Ch. hololive-EN",
        "description": "\nfree-spirited Chaser and mischievous gremlin!\n*chases u cutely* 👧\n\n-------------------------------------------\n\nFan letters and Gifts\nAddress\nPresent for: Gigi Murin\nCOVER Corporation\nNet Depot Shin-Itabashi\n1-6-1 Kaga\nItabashi-ku, Tokyo\nJapan\nPostal/Zip Code: 173-0003\n\n-----------------------------------\nRequest from hololive production to underage viewers:\nPlease be sure to check the link below before viewing our content.\nhttps://en.hololive.tv/request-to-minors\n",
        "customUrl": "@holoen_gigimurin",
        "publishedAt": "2024-04-03T06:09:35.23051Z",
        "thumbnails": {
          "default": {
            "url": "https://yt3.ggpht.com/VTrjE6XoUY0QRq9VgwPIADiUA1S2FYPvJ7qRpUpgix8JLiU-mjKwEtADjS35w9C21Yarxk9kKA=s88-c-k-c0x00ffffff-no-rj",
            "width": 88,
            "height": 88
          },
          "medium": {
            "url": "https://yt3.ggpht.com/VTrjE6XoUY0QRq9VgwPIADiUA1S2FYPvJ7qRpUpgix8JLiU-mjKwEtADjS35w9C21Yarxk9kKA=s240-c-k-c0x00ffffff-no-rj",
            "width": 240,
            "height": 240
          },
          "high": {
            "url": "https://yt3.ggpht.com/VTrjE6XoUY0QRq9VgwPIADiUA1S2FYPvJ7qRpUpgix8JLiU-mjKwEtADjS35w9C21Yarxk9kKA=s800-c-k-c0x00ffffff-no-rj",
            "width": 800,
            "height": 800
          }
        },
        "localized": {
          "title": "Gigi Murin Ch. hololive-EN",
          "description": "\nfree-spirited Chaser and mischievous gremlin!\n*chases u cutely* 👧\n\n-------------------------------------------\n\nFan letters and Gifts\nAddress\nPresent for: Gigi Murin\nCOVER Corporation\nNet Depot Shin-Itabashi\n1-6-1 Kaga\nItabashi-ku, Tokyo\nJapan\nPostal/Zip Code: 173-0003\n\n-----------------------------------\nRequest from hololive production to underage viewers:\nPlease be sure to check the link below before viewing our content.\nhttps://en.hololive.tv/request-to-minors\n"
        },
        "country": "JP"
      }
    }
  ]
}

2025-06-29 22:32:01.903 +02:00 [INF] Exécution de streamlink avec les arguments : -j https://www.youtube.com/watch?v=5EIjfy_ikKo best
2025-06-29 22:32:01.906 +02:00 [INF] Processus streamlink démarré
2025-06-29 22:32:03.330 +02:00 [INF] Processus streamlink terminé avec le code : 0
2025-06-29 22:32:03.330 +02:00 [INF] Sortie Streamlink (JSON) : {
  "type": "hls",
  "url": "https://manifest.googlevideo.com/api/manifest/hls_playlist/expire/1751250751/ei/36JhaMnKINKti9oPi7b9oAY/ip/2a01:e0a:8f1:aac0:53b:a603:3714:1c77/id/5EIjfy_ikKo.1/itag/301/source/yt_live_broadcast/requiressl/yes/ratebypass/yes/live/1/sgoap/gir%3Dyes%3Bitag%3D140/sgovp/gir%3Dyes%3Bitag%3D299/rqh/1/hls_chunk_host/rr1---sn-25glenez.googlevideo.com/xpc/EgVo2aDSNQ%3D%3D/bui/AY1jyLMN_MYegoNuTDYSLF2J2gTC25LV8_BJJm4Sgc7K98Ih7aqf_DSkjPo7EROzXEQ2iuGjOJ-Tm0Db/spc/l3OVKRWiwEuXePPg_uTzB5fbvi_WlZMWfgfdwpBxCDpa5S4EO7tT2tFia6H4NpjzIMaMbj3HYeE/vprv/1/playlist_type/LIVE/initcwndbps/1912500/met/1751229152,/mh/4y/mm/44/mn/sn-25glenez/ms/lva/mv/m/mvi/1/pl/45/rms/lva,lva/dover/11/pacing/0/keepalive/yes/fexp/51355912/mt/1751228680/sparams/expire,ei,ip,id,itag,source,requiressl,ratebypass,live,sgoap,sgovp,rqh,xpc,bui,spc,vprv,playlist_type/sig/AJfQdSswRQIgCXzJjm3z4PRsnM_B67FkTF2alkEEQRr8gOoG0EruK5ACIQDU3upB_xTtxOtLQfGCGfiNKnHMXSA3-hzJJ81cqNm1VQ%3D%3D/lsparams/hls_chunk_host,initcwndbps,met,mh,mm,mn,ms,mv,mvi,pl,rms/lsig/APaTxxMwRgIhAM7GvwV6GuZHwQiOkzEjuG5SWumRpkAl2njztg32yBhkAiEA4dbPe-SllMG5j9Epz5TflRkq9EPK8xJTJfePermKtB8%3D/playlist/index.m3u8",
  "headers": {
    "User-Agent": "Mozilla/5.0 (Windows NT 10.0; Win64; x64) AppleWebKit/537.36 (KHTML, like Gecko) Chrome/134.0.0.0 Safari/537.36",
    "Accept-Encoding": "gzip, deflate, br, zstd",
    "Accept": "*/*",
    "Connection": "keep-alive"
  },
  "master": "https://manifest.googlevideo.com/api/manifest/hls_variant/expire/1751250751/ei/36JhaMnKINKti9oPi7b9oAY/ip/2a01%3Ae0a%3A8f1%3Aaac0%3A53b%3Aa603%3A3714%3A1c77/id/5EIjfy_ikKo.1/source/yt_live_broadcast/requiressl/yes/xpc/EgVo2aDSNQ%3D%3D/hfr/1/maudio/1/bui/AY1jyLMN_MYegoNuTDYSLF2J2gTC25LV8_BJJm4Sgc7K98Ih7aqf_DSkjPo7EROzXEQ2iuGjOJ-Tm0Db/spc/l3OVKRWiwEuXePPg_uTzB5fbvi_WlZMWfgfdwpBxCDpa5S4EO7tT2tFia6H4NpjzIMaMbj3HYeE/vprv/1/go/1/rqh/5/pacing/0/nvgoi/1/ncsapi/1/keepalive/yes/fexp/51355912/dover/11/itag/0/playlist_type/LIVE/sparams/expire%2Cei%2Cip%2Cid%2Csource%2Crequiressl%2Cxpc%2Chfr%2Cmaudio%2Cbui%2Cspc%2Cvprv%2Cgo%2Crqh%2Citag%2Cplaylist_type/sig/AJfQdSswRgIhANaV9cmf0AgXbIqZ2ANEpJGjCuteKZ3yTZzxSqy3B-t9AiEArnEG607mYLM_WBmu4m1gKw26WRKq99z3gpWGKwljy3M%3D/file/index.m3u8",
  "metadata": {
    "id": "5EIjfy_ikKo",
    "author": "Gigi Murin Ch. hololive-EN",
    "category": "Gaming",
    "title": "Kura Revolving Sushi Bar x hololive English Collab! #sponsored"
  }
}

2025-06-29 22:32:03.333 +02:00 [INF] Récupération de l'URL du stream pour https://www.youtube.com/watch?v=5EIjfy_ikKo
2025-06-29 22:32:04.814 +02:00 [INF] IsMonitoring a changé: True
2025-06-29 22:32:04.814 +02:00 [INF] CanStopMonitoring est évalué. IsMonitoring: True
2025-06-29 22:32:04.814 +02:00 [INF] CanStartMonitoring après changement: False
2025-06-29 22:32:04.814 +02:00 [INF] CanStopMonitoring est évalué. IsMonitoring: True
2025-06-29 22:32:04.814 +02:00 [INF] CanStopMonitoring après changement: True
2025-06-29 22:32:04.817 +02:00 [INF] Démarrage de l'enregistrement pour @holoen_gigimurin sur YouTube
2025-06-29 22:32:04.817 +02:00 [INF] URL du stream : https://manifest.googlevideo.com/api/manifest/hls_playlist/expire/1751250752/ei/4KJhaL-pOeiJsvQPoOTyUA/ip/2a01:e0a:8f1:aac0:53b:a603:3714:1c77/id/5EIjfy_ikKo.1/itag/301/source/yt_live_broadcast/requiressl/yes/ratebypass/yes/live/1/sgoap/gir%3Dyes%3Bitag%3D140/sgovp/gir%3Dyes%3Bitag%3D299/rqh/1/hls_chunk_host/rr1---sn-25glenez.googlevideo.com/xpc/EgVo2aDSNQ%3D%3D/bui/AY1jyLPZ7ZNKo7m5lT8Gipyvul1LUYMhYG4OnlZTk37V4102TWFj2PjevzBmoadnBZjLgSPQJMePLiTT/spc/l3OVKYPl9S_BRrCGlZl_I1GE_9SxkZl3Iu6q23W3NbHM-ioyhLC8yZ5UhAB0z9MGfBQMZg1unP4/vprv/1/playlist_type/LIVE/initcwndbps/1702500/met/1751229153,/mh/4y/mm/44/mn/sn-25glenez/ms/lva/mv/m/mvi/1/pl/45/rms/lva,lva/dover/11/pacing/0/keepalive/yes/fexp/51355912/mt/1751228680/sparams/expire,ei,ip,id,itag,source,requiressl,ratebypass,live,sgoap,sgovp,rqh,xpc,bui,spc,vprv,playlist_type/sig/AJfQdSswRgIhAMTHHZgL0jRYvrc4oatVdhyRIvxWmm8JMSTMW-AGY84yAiEAjget0EjrCPsCwXzcAzFNpAZQYbtk8zMQfUFAeVdIA78%3D/lsparams/hls_chunk_host,initcwndbps,met,mh,mm,mn,ms,mv,mvi,pl,rms/lsig/APaTxxMwRQIhAOcI8iPJkVXBxtMN4BpaHMx0tV8EjJczciZRIV-z7-V3AiBAr1DdRWq1PAwXAcSusH3uFuRFrs3n3o1hJ0_J_LB6Bg%3D%3D/playlist/index.m3u8
2025-06-29 22:32:04.817 +02:00 [INF] Chemin de sortie : C:\Users\terre\Documents\Strivea\Recordings\YouTube\@holoen_gigimurin\Temp\5EIjfy_ikKo\Kura Revolving Sushi Bar x hololive English Collab! #sponsored_20250629_223204.ts
2025-06-29 22:32:04.883 +02:00 [INF] Enregistrement démarré pour @holoen_gigimurin sur YouTube
2025-06-29 22:32:32.257 +02:00 [INF] CanStopMonitoring est évalué. IsMonitoring: True
2025-06-29 22:32:32.259 +02:00 [INF] Arrêt de l'enregistrement pour @holoen_gigimurin sur YouTube
2025-06-29 22:32:32.262 +02:00 [INF] Enregistrement terminé pour @holoen_gigimurin sur YouTube
2025-06-29 22:32:32.262 +02:00 [INF] Durée : 00:00:27
2025-06-29 22:32:32.262 +02:00 [INF] Taille du fichier : 9 MB
2025-06-29 22:32:32.263 +02:00 [INF] [CONCAT] Début de la concaténation des segments vidéo...
2025-06-29 22:32:32.265 +02:00 [INF] [CONCAT] Fichiers .ts à concaténer (1) :
2025-06-29 22:32:32.265 +02:00 [INF] [CONCAT] - C:\Users\terre\Documents\Strivea\Recordings\YouTube\@holoen_gigimurin\Temp\5EIjfy_ikKo\Kura Revolving Sushi Bar x hololive English Collab! #sponsored_20250629_223204.ts
2025-06-29 22:32:32.271 +02:00 [INF] CanStopMonitoring est évalué. IsMonitoring: True
2025-06-29 22:32:32.271 +02:00 [INF] [CONCAT] Début de la conversion en mp4...
2025-06-29 22:32:32.272 +02:00 [INF] Commande FFmpeg concat+reencode : ffmpeg -f concat -safe 0 -i "C:\Users\terre\Documents\Strivea\Recordings\YouTube\@holoen_gigimurin\Temp\5EIjfy_ikKo\TempConcat\concat.txt" -c:v libx264 -c:a aac "C:\Users\terre\Documents\Strivea\Recordings\YouTube\@holoen_gigimurin\Temp\5EIjfy_ikKo\TempConcat\output.mp4"
2025-06-29 22:32:39.007 +02:00 [ERR] FFmpeg stderr : ffmpeg version 7.1.1-essentials_build-www.gyan.dev Copyright (c) 2000-2025 the FFmpeg developers
  built with gcc 14.2.0 (Rev1, Built by MSYS2 project)
  configuration: --enable-gpl --enable-version3 --enable-static --disable-w32threads --disable-autodetect --enable-fontconfig --enable-iconv --enable-gnutls --enable-libxml2 --enable-gmp --enable-bzlib --enable-lzma --enable-zlib --enable-libsrt --enable-libssh --enable-libzmq --enable-avisynth --enable-sdl2 --enable-libwebp --enable-libx264 --enable-libx265 --enable-libxvid --enable-libaom --enable-libopenjpeg --enable-libvpx --enable-mediafoundation --enable-libass --enable-libfreetype --enable-libfribidi --enable-libharfbuzz --enable-libvidstab --enable-libvmaf --enable-libzimg --enable-amf --enable-cuda-llvm --enable-cuvid --enable-dxva2 --enable-d3d11va --enable-d3d12va --enable-ffnvcodec --enable-libvpl --enable-nvdec --enable-nvenc --enable-vaapi --enable-libgme --enable-libopenmpt --enable-libopencore-amrwb --enable-libmp3lame --enable-libtheora --enable-libvo-amrwbenc --enable-libgsm --enable-libopencore-amrnb --enable-libopus --enable-libspeex --enable-libvorbis --enable-librubberband
  libavutil      59. 39.100 / 59. 39.100
  libavcodec     61. 19.101 / 61. 19.101
  libavformat    61.  7.100 / 61.  7.100
  libavdevice    61.  3.100 / 61.  3.100
  libavfilter    10.  4.100 / 10.  4.100
  libswscale      8.  3.100 /  8.  3.100
  libswresample   5.  3.100 /  5.  3.100
  libpostproc    58.  3.100 / 58.  3.100
[mpegts @ 000002d2dbd80440] PES packet size mismatch
[mpegts @ 000002d2dbd80440] Packet corrupt (stream = 1, dts = 162538877).
Input #0, concat, from 'C:\Users\terre\Documents\Strivea\Recordings\YouTube\@holoen_gigimurin\Temp\5EIjfy_ikKo\TempConcat\concat.txt':
  Duration: N/A, start: 0.000000, bitrate: 129 kb/s
  Stream #0:0: Audio: aac (LC) ([15][0][0][0] / 0x000F), 44100 Hz, stereo, fltp, 129 kb/s
  Stream #0:1: Video: h264 (Main) ([27][0][0][0] / 0x001B), yuv420p(tv, bt709, progressive), 1920x1080 [SAR 1:1 DAR 16:9], 59.94 fps, 59.94 tbr, 90k tbn
Stream mapping:
  Stream #0:1 -> #0:0 (h264 (native) -> h264 (libx264))
  Stream #0:0 -> #0:1 (aac (native) -> aac (native))
Press [q] to stop, [?] for help
[libx264 @ 000002d2dd6a02c0] using SAR=1/1
[libx264 @ 000002d2dd6a02c0] using cpu capabilities: MMX2 SSE2Fast SSSE3 SSE4.2 AVX FMA3 BMI2 AVX2 AVX512
[libx264 @ 000002d2dd6a02c0] profile High, level 4.2, 4:2:0, 8-bit
[libx264 @ 000002d2dd6a02c0] 264 - core 164 r3204 373697b - H.264/MPEG-4 AVC codec - Copyleft 2003-2025 - http://www.videolan.org/x264.html - options: cabac=1 ref=3 deblock=1:0:0 analyse=0x3:0x113 me=hex subme=7 psy=1 psy_rd=1.00:0.00 mixed_ref=1 me_range=16 chroma_me=1 trellis=1 8x8dct=1 cqm=0 deadzone=21,11 fast_pskip=1 chroma_qp_offset=-2 threads=24 lookahead_threads=4 sliced_threads=0 nr=0 decimate=1 interlaced=0 bluray_compat=0 constrained_intra=0 bframes=3 b_pyramid=2 b_adapt=1 b_bias=0 direct=1 weightb=1 open_gop=0 weightp=2 keyint=250 keyint_min=25 scenecut=40 intra_refresh=0 rc_lookahead=40 rc=crf mbtree=1 crf=23.0 qcomp=0.60 qpmin=0 qpmax=69 qpstep=4 ip_ratio=1.40 aq=1:1.00
Output #0, mp4, to 'C:\Users\terre\Documents\Strivea\Recordings\YouTube\@holoen_gigimurin\Temp\5EIjfy_ikKo\TempConcat\output.mp4':
  Metadata:
    encoder         : Lavf61.7.100
  Stream #0:0: Video: h264 (avc1 / 0x31637661), yuv420p(tv, bt709, progressive), 1920x1080 [SAR 1:1 DAR 16:9], q=2-31, 59.94 fps, 60k tbn
      Metadata:
        encoder         : Lavc61.19.101 libx264
      Side data:
        cpb: bitrate max/min/avg: 0/0/0 buffer size: 0 vbv_delay: N/A
  Stream #0:1: Audio: aac (LC) (mp4a / 0x6134706D), 44100 Hz, stereo, fltp, 128 kb/s
      Metadata:
        encoder         : Lavc61.19.101 aac
frame=   60 fps=0.0 q=31.0 size=     256KiB time=00:00:00.98 bitrate=2131.0kbits/s speed=1.92x    
frame=  181 fps=176 q=31.0 size=     512KiB time=00:00:03.00 bitrate=1396.8kbits/s speed=2.91x    
frame=  296 fps=192 q=31.0 size=     768KiB time=00:00:04.92 bitrate=1278.4kbits/s speed=3.19x    
frame=  420 fps=204 q=31.0 size=    1280KiB time=00:00:06.99 bitrate=1500.1kbits/s speed= 3.4x    
frame=  556 fps=216 q=31.0 size=    1536KiB time=00:00:09.25 bitrate=1359.0kbits/s speed= 3.6x    
frame=  703 fps=228 q=31.0 size=    2048KiB time=00:00:11.71 bitrate=1432.6kbits/s speed= 3.8x    
frame=  862 fps=239 q=31.0 size=    2560KiB time=00:00:14.36 bitrate=1460.0kbits/s speed=3.98x    
frame= 1003 fps=243 q=31.0 size=    3072KiB time=00:00:16.71 bitrate=1505.5kbits/s speed=4.05x    
frame= 1156 fps=249 q=31.0 size=    3584KiB time=00:00:19.26 bitrate=1523.7kbits/s speed=4.15x    
frame= 1288 fps=250 q=31.0 size=    3840KiB time=00:00:21.47 bitrate=1465.1kbits/s speed=4.17x    
frame= 1421 fps=251 q=31.0 size=    4352KiB time=00:00:23.69 bitrate=1504.9kbits/s speed=4.18x    
frame= 1549 fps=251 q=31.0 size=    4864KiB time=00:00:25.82 bitrate=1542.9kbits/s speed=4.18x    
[mpegts @ 000002d2dbd80440] PES packet size mismatch
[mpegts @ 000002d2dbd80440] Packet corrupt (stream = 1, dts = 162538877).
[concat @ 000002d2dbd7ef80] Packet corrupt (stream = 1, dts = 2517522).
[in#0/concat @ 000002d2dbd82d40] corrupt input packet in stream 1
[h264 @ 000002d2de0c8080] error while decoding MB 90 65, bytestream -6
[h264 @ 000002d2de0c8080] concealing 319 DC, 319 AC, 319 MV errors in P frame
[vist#0:1/h264 @ 000002d2de1e7d40] [dec:h264 @ 000002d2dd6a07c0] corrupt decoded frame
[out#0/mp4 @ 000002d2dd6b1800] video:4903KiB audio:451KiB subtitle:0KiB other streams:0KiB global headers:0KiB muxing overhead: 0.864039%
frame= 1678 fps=256 q=-1.0 Lsize=    5400KiB time=00:00:27.97 bitrate=1581.2kbits/s speed=4.27x    
[libx264 @ 000002d2dd6a02c0] frame I:7     Avg QP:15.88  size:129149
[libx264 @ 000002d2dd6a02c0] frame P:423   Avg QP:20.19  size:  6943
[libx264 @ 000002d2dd6a02c0] frame B:1248  Avg QP:20.35  size:   944
[libx264 @ 000002d2dd6a02c0] consecutive B-frames:  0.7%  0.2%  0.4% 98.7%
[libx264 @ 000002d2dd6a02c0] mb I  I16..4: 40.4% 23.7% 36.0%
[libx264 @ 000002d2dd6a02c0] mb P  I16..4:  0.2%  0.3%  0.1%  P16..4:  7.8%  3.4%  2.2%  0.0%  0.0%    skip:85.9%
[libx264 @ 000002d2dd6a02c0] mb B  I16..4:  0.0%  0.0%  0.0%  B16..8:  7.1%  0.4%  0.1%  direct: 0.1%  skip:92.3%  L0:48.3% L1:47.5% BI: 4.2%
[libx264 @ 000002d2dd6a02c0] 8x8 transform intra:30.4% inter:57.9%
[libx264 @ 000002d2dd6a02c0] coded y,uvDC,uvAC intra: 32.9% 52.8% 32.9% inter: 1.1% 1.3% 0.1%
[libx264 @ 000002d2dd6a02c0] i16 v,h,dc,p: 67% 23%  7%  3%
[libx264 @ 000002d2dd6a02c0] i8 v,h,dc,ddl,ddr,vr,hd,vl,hu: 29% 17% 39%  3%  2%  2%  3%  2%  4%
[libx264 @ 000002d2dd6a02c0] i4 v,h,dc,ddl,ddr,vr,hd,vl,hu: 34% 18% 12%  5%  6%  6%  7%  6%  5%
[libx264 @ 000002d2dd6a02c0] i8c dc,h,v,p: 50% 24% 20%  5%
[libx264 @ 000002d2dd6a02c0] Weighted P-Frames: Y:0.0% UV:0.0%
[libx264 @ 000002d2dd6a02c0] ref P L0: 70.6% 10.5% 15.5%  3.4%
[libx264 @ 000002d2dd6a02c0] ref B L0: 92.2%  7.0%  0.8%
[libx264 @ 000002d2dd6a02c0] ref B L1: 97.9%  2.1%
[libx264 @ 000002d2dd6a02c0] kb/s:1434.44
[aac @ 000002d2de0c6e00] Qavg: 689.449

2025-06-29 22:32:39.012 +02:00 [INF] FFmpeg terminé avec code 0
2025-06-29 22:32:39.012 +02:00 [INF] FFmpeg concat+reencode result: 
[stderr]
ffmpeg version 7.1.1-essentials_build-www.gyan.dev Copyright (c) 2000-2025 the FFmpeg developers
  built with gcc 14.2.0 (Rev1, Built by MSYS2 project)
  configuration: --enable-gpl --enable-version3 --enable-static --disable-w32threads --disable-autodetect --enable-fontconfig --enable-iconv --enable-gnutls --enable-libxml2 --enable-gmp --enable-bzlib --enable-lzma --enable-zlib --enable-libsrt --enable-libssh --enable-libzmq --enable-avisynth --enable-sdl2 --enable-libwebp --enable-libx264 --enable-libx265 --enable-libxvid --enable-libaom --enable-libopenjpeg --enable-libvpx --enable-mediafoundation --enable-libass --enable-libfreetype --enable-libfribidi --enable-libharfbuzz --enable-libvidstab --enable-libvmaf --enable-libzimg --enable-amf --enable-cuda-llvm --enable-cuvid --enable-dxva2 --enable-d3d11va --enable-d3d12va --enable-ffnvcodec --enable-libvpl --enable-nvdec --enable-nvenc --enable-vaapi --enable-libgme --enable-libopenmpt --enable-libopencore-amrwb --enable-libmp3lame --enable-libtheora --enable-libvo-amrwbenc --enable-libgsm --enable-libopencore-amrnb --enable-libopus --enable-libspeex --enable-libvorbis --enable-librubberband
  libavutil      59. 39.100 / 59. 39.100
  libavcodec     61. 19.101 / 61. 19.101
  libavformat    61.  7.100 / 61.  7.100
  libavdevice    61.  3.100 / 61.  3.100
  libavfilter    10.  4.100 / 10.  4.100
  libswscale      8.  3.100 /  8.  3.100
  libswresample   5.  3.100 /  5.  3.100
  libpostproc    58.  3.100 / 58.  3.100
[mpegts @ 000002d2dbd80440] PES packet size mismatch
[mpegts @ 000002d2dbd80440] Packet corrupt (stream = 1, dts = 162538877).
Input #0, concat, from 'C:\Users\terre\Documents\Strivea\Recordings\YouTube\@holoen_gigimurin\Temp\5EIjfy_ikKo\TempConcat\concat.txt':
  Duration: N/A, start: 0.000000, bitrate: 129 kb/s
  Stream #0:0: Audio: aac (LC) ([15][0][0][0] / 0x000F), 44100 Hz, stereo, fltp, 129 kb/s
  Stream #0:1: Video: h264 (Main) ([27][0][0][0] / 0x001B), yuv420p(tv, bt709, progressive), 1920x1080 [SAR 1:1 DAR 16:9], 59.94 fps, 59.94 tbr, 90k tbn
Stream mapping:
  Stream #0:1 -> #0:0 (h264 (native) -> h264 (libx264))
  Stream #0:0 -> #0:1 (aac (native) -> aac (native))
Press [q] to stop, [?] for help
[libx264 @ 000002d2dd6a02c0] using SAR=1/1
[libx264 @ 000002d2dd6a02c0] using cpu capabilities: MMX2 SSE2Fast SSSE3 SSE4.2 AVX FMA3 BMI2 AVX2 AVX512
[libx264 @ 000002d2dd6a02c0] profile High, level 4.2, 4:2:0, 8-bit
[libx264 @ 000002d2dd6a02c0] 264 - core 164 r3204 373697b - H.264/MPEG-4 AVC codec - Copyleft 2003-2025 - http://www.videolan.org/x264.html - options: cabac=1 ref=3 deblock=1:0:0 analyse=0x3:0x113 me=hex subme=7 psy=1 psy_rd=1.00:0.00 mixed_ref=1 me_range=16 chroma_me=1 trellis=1 8x8dct=1 cqm=0 deadzone=21,11 fast_pskip=1 chroma_qp_offset=-2 threads=24 lookahead_threads=4 sliced_threads=0 nr=0 decimate=1 interlaced=0 bluray_compat=0 constrained_intra=0 bframes=3 b_pyramid=2 b_adapt=1 b_bias=0 direct=1 weightb=1 open_gop=0 weightp=2 keyint=250 keyint_min=25 scenecut=40 intra_refresh=0 rc_lookahead=40 rc=crf mbtree=1 crf=23.0 qcomp=0.60 qpmin=0 qpmax=69 qpstep=4 ip_ratio=1.40 aq=1:1.00
Output #0, mp4, to 'C:\Users\terre\Documents\Strivea\Recordings\YouTube\@holoen_gigimurin\Temp\5EIjfy_ikKo\TempConcat\output.mp4':
  Metadata:
    encoder         : Lavf61.7.100
  Stream #0:0: Video: h264 (avc1 / 0x31637661), yuv420p(tv, bt709, progressive), 1920x1080 [SAR 1:1 DAR 16:9], q=2-31, 59.94 fps, 60k tbn
      Metadata:
        encoder         : Lavc61.19.101 libx264
      Side data:
        cpb: bitrate max/min/avg: 0/0/0 buffer size: 0 vbv_delay: N/A
  Stream #0:1: Audio: aac (LC) (mp4a / 0x6134706D), 44100 Hz, stereo, fltp, 128 kb/s
      Metadata:
        encoder         : Lavc61.19.101 aac
frame=   60 fps=0.0 q=31.0 size=     256KiB time=00:00:00.98 bitrate=2131.0kbits/s speed=1.92x    
frame=  181 fps=176 q=31.0 size=     512KiB time=00:00:03.00 bitrate=1396.8kbits/s speed=2.91x    
frame=  296 fps=192 q=31.0 size=     768KiB time=00:00:04.92 bitrate=1278.4kbits/s speed=3.19x    
frame=  420 fps=204 q=31.0 size=    1280KiB time=00:00:06.99 bitrate=1500.1kbits/s speed= 3.4x    
frame=  556 fps=216 q=31.0 size=    1536KiB time=00:00:09.25 bitrate=1359.0kbits/s speed= 3.6x    
frame=  703 fps=228 q=31.0 size=    2048KiB time=00:00:11.71 bitrate=1432.6kbits/s speed= 3.8x    
frame=  862 fps=239 q=31.0 size=    2560KiB time=00:00:14.36 bitrate=1460.0kbits/s speed=3.98x    
frame= 1003 fps=243 q=31.0 size=    3072KiB time=00:00:16.71 bitrate=1505.5kbits/s speed=4.05x    
frame= 1156 fps=249 q=31.0 size=    3584KiB time=00:00:19.26 bitrate=1523.7kbits/s speed=4.15x    
frame= 1288 fps=250 q=31.0 size=    3840KiB time=00:00:21.47 bitrate=1465.1kbits/s speed=4.17x    
frame= 1421 fps=251 q=31.0 size=    4352KiB time=00:00:23.69 bitrate=1504.9kbits/s speed=4.18x    
frame= 1549 fps=251 q=31.0 size=    4864KiB time=00:00:25.82 bitrate=1542.9kbits/s speed=4.18x    
[mpegts @ 000002d2dbd80440] PES packet size mismatch
[mpegts @ 000002d2dbd80440] Packet corrupt (stream = 1, dts = 162538877).
[concat @ 000002d2dbd7ef80] Packet corrupt (stream = 1, dts = 2517522).
[in#0/concat @ 000002d2dbd82d40] corrupt input packet in stream 1
[h264 @ 000002d2de0c8080] error while decoding MB 90 65, bytestream -6
[h264 @ 000002d2de0c8080] concealing 319 DC, 319 AC, 319 MV errors in P frame
[vist#0:1/h264 @ 000002d2de1e7d40] [dec:h264 @ 000002d2dd6a07c0] corrupt decoded frame
[out#0/mp4 @ 000002d2dd6b1800] video:4903KiB audio:451KiB subtitle:0KiB other streams:0KiB global headers:0KiB muxing overhead: 0.864039%
frame= 1678 fps=256 q=-1.0 Lsize=    5400KiB time=00:00:27.97 bitrate=1581.2kbits/s speed=4.27x    
[libx264 @ 000002d2dd6a02c0] frame I:7     Avg QP:15.88  size:129149
[libx264 @ 000002d2dd6a02c0] frame P:423   Avg QP:20.19  size:  6943
[libx264 @ 000002d2dd6a02c0] frame B:1248  Avg QP:20.35  size:   944
[libx264 @ 000002d2dd6a02c0] consecutive B-frames:  0.7%  0.2%  0.4% 98.7%
[libx264 @ 000002d2dd6a02c0] mb I  I16..4: 40.4% 23.7% 36.0%
[libx264 @ 000002d2dd6a02c0] mb P  I16..4:  0.2%  0.3%  0.1%  P16..4:  7.8%  3.4%  2.2%  0.0%  0.0%    skip:85.9%
[libx264 @ 000002d2dd6a02c0] mb B  I16..4:  0.0%  0.0%  0.0%  B16..8:  7.1%  0.4%  0.1%  direct: 0.1%  skip:92.3%  L0:48.3% L1:47.5% BI: 4.2%
[libx264 @ 000002d2dd6a02c0] 8x8 transform intra:30.4% inter:57.9%
[libx264 @ 000002d2dd6a02c0] coded y,uvDC,uvAC intra: 32.9% 52.8% 32.9% inter: 1.1% 1.3% 0.1%
[libx264 @ 000002d2dd6a02c0] i16 v,h,dc,p: 67% 23%  7%  3%
[libx264 @ 000002d2dd6a02c0] i8 v,h,dc,ddl,ddr,vr,hd,vl,hu: 29% 17% 39%  3%  2%  2%  3%  2%  4%
[libx264 @ 000002d2dd6a02c0] i4 v,h,dc,ddl,ddr,vr,hd,vl,hu: 34% 18% 12%  5%  6%  6%  7%  6%  5%
[libx264 @ 000002d2dd6a02c0] i8c dc,h,v,p: 50% 24% 20%  5%
[libx264 @ 000002d2dd6a02c0] Weighted P-Frames: Y:0.0% UV:0.0%
[libx264 @ 000002d2dd6a02c0] ref P L0: 70.6% 10.5% 15.5%  3.4%
[libx264 @ 000002d2dd6a02c0] ref B L0: 92.2%  7.0%  0.8%
[libx264 @ 000002d2dd6a02c0] ref B L1: 97.9%  2.1%
[libx264 @ 000002d2dd6a02c0] kb/s:1434.44
[aac @ 000002d2de0c6e00] Qavg: 689.449

2025-06-29 22:32:39.014 +02:00 [INF] [CONCAT] Déplacement du fichier final vers : C:\Users\terre\Documents\Strivea\Recordings\YouTube\@holoen_gigimurin\Kura Revolving Sushi Bar x hololive English Collab! #sponsored.mp4
2025-06-29 22:32:39.015 +02:00 [INF] [CONCAT] Fichier final déplacé vers : C:\Users\terre\Documents\Strivea\Recordings\YouTube\@holoen_gigimurin\Kura Revolving Sushi Bar x hololive English Collab! #sponsored.mp4
2025-06-29 22:32:39.015 +02:00 [INF] [CONCAT] Concaténation et conversion terminées avec succès.
2025-06-29 22:32:39.018 +02:00 [INF] CanStopMonitoring est évalué. IsMonitoring: True
2025-06-29 22:32:39.021 +02:00 [INF] IsMonitoring a changé: False
2025-06-29 22:32:39.021 +02:00 [INF] CanStopMonitoring est évalué. IsMonitoring: False
2025-06-29 22:32:39.022 +02:00 [INF] CanStartMonitoring après changement: True
2025-06-29 22:32:39.022 +02:00 [INF] CanStopMonitoring est évalué. IsMonitoring: False
2025-06-29 22:32:39.022 +02:00 [INF] CanStopMonitoring après changement: False
2025-06-29 22:32:39.022 +02:00 [INF] [DEBUG] IsMonitoring forcé à False dans finally StopMonitoringAsync
2025-06-29 22:32:39.022 +02:00 [INF] CanStopMonitoring est évalué. IsMonitoring: False
2025-06-29 22:32:42.980 +02:00 [INF] Début de la récupération des informations du stream YouTube pour : https://www.youtube.com/@holoen_gigimurin
2025-06-29 22:32:43.510 +02:00 [INF] [API] searchResponse: {
  "kind": "youtube#searchListResponse",
  "etag": "LjWXGVitjippuCT-cTh86ZMrKWc",
  "regionCode": "FR",
  "pageInfo": {
    "totalResults": 1,
    "resultsPerPage": 1
  },
  "items": [
    {
      "kind": "youtube#searchResult",
      "etag": "T8VV4DwXnobTntYgGvJ3_fvNNtQ",
      "id": {
        "kind": "youtube#video",
        "videoId": "5EIjfy_ikKo"
      },
      "snippet": {
        "publishedAt": "2025-06-29T09:59:15Z",
        "channelId": "UCDHABijvPBnJm7F-KlNME3w",
        "title": "Kura Revolving Sushi Bar x hololive English Collab! #sponsored",
        "description": "sponsored #hololiveenglish #kurasushi_usa #revolvingsushi #conveyorbeltsushi @OuroKronii @NinomaeInanis Kura's X link: ...",
        "thumbnails": {
          "default": {
            "url": "https://i.ytimg.com/vi/5EIjfy_ikKo/default_live.jpg",
            "width": 120,
            "height": 90
          },
          "medium": {
            "url": "https://i.ytimg.com/vi/5EIjfy_ikKo/mqdefault_live.jpg",
            "width": 320,
            "height": 180
          },
          "high": {
            "url": "https://i.ytimg.com/vi/5EIjfy_ikKo/hqdefault_live.jpg",
            "width": 480,
            "height": 360
          }
        },
        "channelTitle": "Gigi Murin Ch. hololive-EN",
        "liveBroadcastContent": "live",
        "publishTime": "2025-06-29T09:59:15Z"
      }
    }
  ]
}

2025-06-29 22:32:43.560 +02:00 [INF] [API] videoResponse: {
  "kind": "youtube#videoListResponse",
  "etag": "aUP5Bw-KeNoruCbrMFQwbzOoY5Y",
  "items": [
    {
      "kind": "youtube#video",
      "etag": "RADgKg7uheIy-nvemW4v1FghvOU",
      "id": "5EIjfy_ikKo",
      "snippet": {
        "publishedAt": "2025-06-29T09:59:15Z",
        "channelId": "UCDHABijvPBnJm7F-KlNME3w",
        "title": "Kura Revolving Sushi Bar x hololive English Collab! #sponsored",
        "description": "#sponsored #hololiveenglish #kurasushi_usa #revolvingsushi #conveyorbeltsushi\n@OuroKronii @NinomaeInanis \n\nKura’s X link: https://x.com/kurasushi_usa?lang=en\nKura’s Insta Link: https://www.instagram.com/kurasushi_usa/?hl=en\n\nAbout Kura Sushi USA, Inc.\nKura Sushi USA, Inc. is a technology-enabled Japanese restaurant concept\nwith over 76 locations across the United States. Known for its revolving\nsushi bar experience and commitment to quality ingredients, Kura Sushi\nUSA is a subsidiary of Kura Sushi, Inc., which has operated in Japan for over\n45 years since 1977.\n\nAll collaboration menu items, merchandise, and giveaways are\navailable while supplies last. For more information, including\nparticipating locations and full promotional details, visit\nhttps://kurasushi.com/hololiveenglish-bikkura-pon-collaboration\n\nVlog credits:\no Edited by: Vincent Deng\no Music Provided by: Haben Godefa\n\n‐‐‐‐‐‐‐‐‐‐‐‐‐‐‐ underage viewers  ‐‐‐‐‐‐‐‐‐‐‐‐‐‐‐\n▶Request from hololive production to underage viewers\nPlease search for [Request To Minors] or click on the link below, to read it and enjoy the video\nhttps://hololivepro.com/en/request-to-minors/\n\n‐‐‐‐‐‐‐‐‐‐‐‐‐‐‐ Fan Work Guidelines  ‐‐‐‐‐‐‐‐‐‐‐‐‐‐‐\nhttps://en.hololive.tv/terms\n\n‐‐‐‐‐‐‐‐‐‐‐‐‐‐‐ Holoschedule  ‐‐‐‐‐‐‐‐‐‐‐‐‐‐‐\nhttps://schedule.hololive.tv/#hololive\n\n‐‐‐‐‐‐‐‐‐‐‐‐‐‐‐  Official Online Shop  ‐‐‐‐‐‐‐‐‐‐‐‐‐‐‐\nhttps://shop.hololivepro.com/en\n\n‐‐‐‐‐‐‐‐‐‐‐‐‐‐‐  Hololive Production  ‐‐‐‐‐‐‐‐‐‐‐‐‐‐‐\n・Hololive English YouTube Channel: https://t.co/LcYDgFF9V0?amp=1\n・Hololive Production Official Twitter: https://twitter.com/hololivetv\n・Hololive English Official Twitter: https://twitter.com/hololive_En\n・Hololive English Official Reddit: https://www.reddit.com/r/Hololive\n_________________________________________________________\n\n#hololiveEnglish #holoJustice",
        "thumbnails": {
          "default": {
            "url": "https://i.ytimg.com/vi/5EIjfy_ikKo/default_live.jpg",
            "width": 120,
            "height": 90
          },
          "medium": {
            "url": "https://i.ytimg.com/vi/5EIjfy_ikKo/mqdefault_live.jpg",
            "width": 320,
            "height": 180
          },
          "high": {
            "url": "https://i.ytimg.com/vi/5EIjfy_ikKo/hqdefault_live.jpg",
            "width": 480,
            "height": 360
          },
          "standard": {
            "url": "https://i.ytimg.com/vi/5EIjfy_ikKo/sddefault_live.jpg",
            "width": 640,
            "height": 480
          },
          "maxres": {
            "url": "https://i.ytimg.com/vi/5EIjfy_ikKo/maxresdefault_live.jpg",
            "width": 1280,
            "height": 720
          }
        },
        "channelTitle": "Gigi Murin Ch. hololive-EN",
        "categoryId": "20",
        "liveBroadcastContent": "live",
        "localized": {
          "title": "Kura Revolving Sushi Bar x hololive English Collab! #sponsored",
          "description": "#sponsored #hololiveenglish #kurasushi_usa #revolvingsushi #conveyorbeltsushi\n@OuroKronii @NinomaeInanis \n\nKura’s X link: https://x.com/kurasushi_usa?lang=en\nKura’s Insta Link: https://www.instagram.com/kurasushi_usa/?hl=en\n\nAbout Kura Sushi USA, Inc.\nKura Sushi USA, Inc. is a technology-enabled Japanese restaurant concept\nwith over 76 locations across the United States. Known for its revolving\nsushi bar experience and commitment to quality ingredients, Kura Sushi\nUSA is a subsidiary of Kura Sushi, Inc., which has operated in Japan for over\n45 years since 1977.\n\nAll collaboration menu items, merchandise, and giveaways are\navailable while supplies last. For more information, including\nparticipating locations and full promotional details, visit\nhttps://kurasushi.com/hololiveenglish-bikkura-pon-collaboration\n\nVlog credits:\no Edited by: Vincent Deng\no Music Provided by: Haben Godefa\n\n‐‐‐‐‐‐‐‐‐‐‐‐‐‐‐ underage viewers  ‐‐‐‐‐‐‐‐‐‐‐‐‐‐‐\n▶Request from hololive production to underage viewers\nPlease search for [Request To Minors] or click on the link below, to read it and enjoy the video\nhttps://hololivepro.com/en/request-to-minors/\n\n‐‐‐‐‐‐‐‐‐‐‐‐‐‐‐ Fan Work Guidelines  ‐‐‐‐‐‐‐‐‐‐‐‐‐‐‐\nhttps://en.hololive.tv/terms\n\n‐‐‐‐‐‐‐‐‐‐‐‐‐‐‐ Holoschedule  ‐‐‐‐‐‐‐‐‐‐‐‐‐‐‐\nhttps://schedule.hololive.tv/#hololive\n\n‐‐‐‐‐‐‐‐‐‐‐‐‐‐‐  Official Online Shop  ‐‐‐‐‐‐‐‐‐‐‐‐‐‐‐\nhttps://shop.hololivepro.com/en\n\n‐‐‐‐‐‐‐‐‐‐‐‐‐‐‐  Hololive Production  ‐‐‐‐‐‐‐‐‐‐‐‐‐‐‐\n・Hololive English YouTube Channel: https://t.co/LcYDgFF9V0?amp=1\n・Hololive Production Official Twitter: https://twitter.com/hololivetv\n・Hololive English Official Twitter: https://twitter.com/hololive_En\n・Hololive English Official Reddit: https://www.reddit.com/r/Hololive\n_________________________________________________________\n\n#hololiveEnglish #holoJustice"
        }
      },
      "liveStreamingDetails": {
        "actualStartTime": "2025-06-29T20:02:54Z",
        "scheduledStartTime": "2025-06-29T20:00:00Z",
        "concurrentViewers": "9165",
        "activeLiveChatId": "Cg0KCzVFSWpmeV9pa0tvKicKGFVDREhBQmlqdlBCbkptN0YtS2xOTUUzdxILNUVJamZ5X2lrS28"
      }
    }
  ],
  "pageInfo": {
    "totalResults": 1,
    "resultsPerPage": 1
  }
}

2025-06-29 22:32:43.622 +02:00 [INF] [API] channelResponse: {
  "kind": "youtube#channelListResponse",
  "etag": "O7dsuaMTto4gStVhrICDcT2Uimk",
  "pageInfo": {
    "totalResults": 1,
    "resultsPerPage": 5
  },
  "items": [
    {
      "kind": "youtube#channel",
      "etag": "gHU_7Ru2UjDWpvtkwmapEF1y-O4",
      "id": "UCDHABijvPBnJm7F-KlNME3w",
      "snippet": {
        "title": "Gigi Murin Ch. hololive-EN",
        "description": "\nfree-spirited Chaser and mischievous gremlin!\n*chases u cutely* 👧\n\n-------------------------------------------\n\nFan letters and Gifts\nAddress\nPresent for: Gigi Murin\nCOVER Corporation\nNet Depot Shin-Itabashi\n1-6-1 Kaga\nItabashi-ku, Tokyo\nJapan\nPostal/Zip Code: 173-0003\n\n-----------------------------------\nRequest from hololive production to underage viewers:\nPlease be sure to check the link below before viewing our content.\nhttps://en.hololive.tv/request-to-minors\n",
        "customUrl": "@holoen_gigimurin",
        "publishedAt": "2024-04-03T06:09:35.23051Z",
        "thumbnails": {
          "default": {
            "url": "https://yt3.ggpht.com/VTrjE6XoUY0QRq9VgwPIADiUA1S2FYPvJ7qRpUpgix8JLiU-mjKwEtADjS35w9C21Yarxk9kKA=s88-c-k-c0x00ffffff-no-rj",
            "width": 88,
            "height": 88
          },
          "medium": {
            "url": "https://yt3.ggpht.com/VTrjE6XoUY0QRq9VgwPIADiUA1S2FYPvJ7qRpUpgix8JLiU-mjKwEtADjS35w9C21Yarxk9kKA=s240-c-k-c0x00ffffff-no-rj",
            "width": 240,
            "height": 240
          },
          "high": {
            "url": "https://yt3.ggpht.com/VTrjE6XoUY0QRq9VgwPIADiUA1S2FYPvJ7qRpUpgix8JLiU-mjKwEtADjS35w9C21Yarxk9kKA=s800-c-k-c0x00ffffff-no-rj",
            "width": 800,
            "height": 800
          }
        },
        "localized": {
          "title": "Gigi Murin Ch. hololive-EN",
          "description": "\nfree-spirited Chaser and mischievous gremlin!\n*chases u cutely* 👧\n\n-------------------------------------------\n\nFan letters and Gifts\nAddress\nPresent for: Gigi Murin\nCOVER Corporation\nNet Depot Shin-Itabashi\n1-6-1 Kaga\nItabashi-ku, Tokyo\nJapan\nPostal/Zip Code: 173-0003\n\n-----------------------------------\nRequest from hololive production to underage viewers:\nPlease be sure to check the link below before viewing our content.\nhttps://en.hololive.tv/request-to-minors\n"
        },
        "country": "JP"
      }
    }
  ]
}

2025-06-29 22:32:43.673 +02:00 [INF] Exécution de streamlink avec les arguments : -j https://www.youtube.com/@holoen_gigimurin best
2025-06-29 22:32:43.676 +02:00 [INF] Processus streamlink démarré
2025-06-29 22:32:46.002 +02:00 [INF] Processus streamlink terminé avec le code : 0
2025-06-29 22:32:46.002 +02:00 [INF] Sortie Streamlink (JSON) : {
  "type": "hls",
  "url": "https://manifest.googlevideo.com/api/manifest/hls_playlist/expire/1751250793/ei/CaNhaNTsLJ2C6dsPtci_iQ4/ip/2a01:e0a:8f1:aac0:53b:a603:3714:1c77/id/5EIjfy_ikKo.1/itag/301/source/yt_live_broadcast/requiressl/yes/ratebypass/yes/live/1/sgoap/gir%3Dyes%3Bitag%3D140/sgovp/gir%3Dyes%3Bitag%3D299/rqh/1/hls_chunk_host/rr1---sn-25glenez.googlevideo.com/xpc/EgVo2aDSNQ%3D%3D/bui/AY1jyLPPNMJdvpZvPfx_Q1ydxu81dMO0UhSFfxvATuh3Qh8bKhgtyW0vj2C1ERflLWlc-wu64E3rVj-z/spc/l3OVKagAD42uazzqfAus6EEPFjqDiqOaVIrTjMlyQ6BBb1Iv0f9IYYYmps6F947J6So/vprv/1/playlist_type/LIVE/initcwndbps/1873750/met/1751229194,/mh/4y/mm/44/mn/sn-25glenez/ms/lva/mv/m/mvi/1/pl/45/rms/lva,lva/dover/11/pacing/0/keepalive/yes/fexp/51355912/mt/1751228916/sparams/expire,ei,ip,id,itag,source,requiressl,ratebypass,live,sgoap,sgovp,rqh,xpc,bui,spc,vprv,playlist_type/sig/AJfQdSswRgIhAISj0vmTfNgMjhH4pQ5cqKxMz4LpLOb8JRRAZJS-5NAzAiEA9Dj0ZeGDB7JlL6ihgXmDNWpqUB0x2yi4VsXTVWcekgw%3D/lsparams/hls_chunk_host,initcwndbps,met,mh,mm,mn,ms,mv,mvi,pl,rms/lsig/APaTxxMwRAIgHDSLi_u0LUpTTdyTGjhqpD26GkMpjpsW-QD4CV_9iDcCIE4kdaywld2D5tnI4CpnuvOEhviBwp3CJDCCbmn_1t4c/playlist/index.m3u8",
  "headers": {
    "User-Agent": "Mozilla/5.0 (Windows NT 10.0; Win64; x64) AppleWebKit/537.36 (KHTML, like Gecko) Chrome/134.0.0.0 Safari/537.36",
    "Accept-Encoding": "gzip, deflate, br, zstd",
    "Accept": "*/*",
    "Connection": "keep-alive"
  },
  "master": "https://manifest.googlevideo.com/api/manifest/hls_variant/expire/1751250793/ei/CaNhaNTsLJ2C6dsPtci_iQ4/ip/2a01%3Ae0a%3A8f1%3Aaac0%3A53b%3Aa603%3A3714%3A1c77/id/5EIjfy_ikKo.1/source/yt_live_broadcast/requiressl/yes/xpc/EgVo2aDSNQ%3D%3D/tx/51478320/txs/51478320%2C51478321%2C51478322/hfr/1/maudio/1/bui/AY1jyLPPNMJdvpZvPfx_Q1ydxu81dMO0UhSFfxvATuh3Qh8bKhgtyW0vj2C1ERflLWlc-wu64E3rVj-z/spc/l3OVKagAD42uazzqfAus6EEPFjqDiqOaVIrTjMlyQ6BBb1Iv0f9IYYYmps6F947J6So/vprv/1/go/1/rqh/5/pacing/0/nvgoi/1/ncsapi/1/keepalive/yes/fexp/51355912/dover/11/itag/0/playlist_type/LIVE/sparams/expire%2Cei%2Cip%2Cid%2Csource%2Crequiressl%2Cxpc%2Ctx%2Ctxs%2Chfr%2Cmaudio%2Cbui%2Cspc%2Cvprv%2Cgo%2Crqh%2Citag%2Cplaylist_type/sig/AJfQdSswRQIhAMHNDbTlrfPgHULcpx6Kk4IMY_Ljp3moo-hvNWB1eBgAAiB2pWkPkyktTtlxPs7GujPnn6jVc3AXQutBdwIVxw3HtA%3D%3D/file/index.m3u8",
  "metadata": {
    "id": "5EIjfy_ikKo",
    "author": "Gigi Murin Ch. hololive-EN",
    "category": "Gaming",
    "title": "Kura Revolving Sushi Bar x hololive English Collab! #sponsored"
  }
}

2025-06-29 22:32:46.007 +02:00 [INF] Récupération de l'URL du stream pour https://www.youtube.com/@holoen_gigimurin
2025-06-29 22:32:48.691 +02:00 [INF] IsMonitoring a changé: True
2025-06-29 22:32:48.691 +02:00 [INF] CanStopMonitoring est évalué. IsMonitoring: True
2025-06-29 22:32:48.691 +02:00 [INF] CanStartMonitoring après changement: False
2025-06-29 22:32:48.691 +02:00 [INF] CanStopMonitoring est évalué. IsMonitoring: True
2025-06-29 22:32:48.691 +02:00 [INF] CanStopMonitoring après changement: True
2025-06-29 22:32:48.692 +02:00 [INF] Démarrage de l'enregistrement pour @holoen_gigimurin sur YouTube
2025-06-29 22:32:48.692 +02:00 [INF] URL du stream : https://manifest.googlevideo.com/api/manifest/hls_playlist/expire/1751250796/ei/DKNhaOvWCa7-i9oP2PHqkQc/ip/2a01:e0a:8f1:aac0:53b:a603:3714:1c77/id/5EIjfy_ikKo.1/itag/301/source/yt_live_broadcast/requiressl/yes/ratebypass/yes/live/1/sgoap/gir%3Dyes%3Bitag%3D140/sgovp/gir%3Dyes%3Bitag%3D299/rqh/1/hls_chunk_host/rr1---sn-25glenez.googlevideo.com/xpc/EgVo2aDSNQ%3D%3D/bui/AY1jyLNg38Pr9qlAOWNExZfQb5G5xI8d82sDwywKWjJ9GlUm8Yc0PF1zrrGPdOFYi8Y7eeq4dFgNtJQs/spc/l3OVKfrDbnLfy740tSmcnSPuRStDF938OB7CubVbiBES7It6u9jvVe4SdyhdUflM0D0/vprv/1/playlist_type/LIVE/initcwndbps/1702500/met/1751229197,/mh/4y/mm/44/mn/sn-25glenez/ms/lva/mv/m/mvi/1/pl/45/rms/lva,lva/dover/11/pacing/0/keepalive/yes/fexp/51355912/mt/1751228680/sparams/expire,ei,ip,id,itag,source,requiressl,ratebypass,live,sgoap,sgovp,rqh,xpc,bui,spc,vprv,playlist_type/sig/AJfQdSswRgIhAPSIa4jjDSTF_lMPXo5xJPr6EBb2zd68itU5YcQiGmGGAiEAnaJefJwPQXnds_9tbNU3W1RQ-_VqLOw8zD7x005C6gw%3D/lsparams/hls_chunk_host,initcwndbps,met,mh,mm,mn,ms,mv,mvi,pl,rms/lsig/APaTxxMwRAIgKJH_MRqthGsHXsEC_8OBJDaWCvOGB_xphrNEG-E8jQcCIEFospntef_9uIPIykaoeLDEnW3aLDZ4tMSztlTjwj5x/playlist/index.m3u8
2025-06-29 22:32:48.692 +02:00 [INF] Chemin de sortie : C:\Users\terre\Documents\Strivea\Recordings\YouTube\@holoen_gigimurin\Temp\5EIjfy_ikKo\Kura Revolving Sushi Bar x hololive English Collab! #sponsored_20250629_223248.ts
2025-06-29 22:32:48.739 +02:00 [INF] Enregistrement démarré pour @holoen_gigimurin sur YouTube
2025-06-29 22:32:55.384 +02:00 [INF] CanStopMonitoring est évalué. IsMonitoring: True
2025-06-29 22:32:55.384 +02:00 [INF] Arrêt de l'enregistrement pour @holoen_gigimurin sur YouTube
2025-06-29 22:32:55.385 +02:00 [INF] Enregistrement terminé pour @holoen_gigimurin sur YouTube
2025-06-29 22:32:55.385 +02:00 [INF] Durée : 00:00:06
2025-06-29 22:32:55.385 +02:00 [INF] Taille du fichier : 3 MB
2025-06-29 22:32:55.385 +02:00 [INF] [CONCAT] Début de la concaténation des segments vidéo...
2025-06-29 22:32:55.386 +02:00 [INF] [CONCAT] Fichiers .ts à concaténer (2) :
2025-06-29 22:32:55.386 +02:00 [INF] [CONCAT] - C:\Users\terre\Documents\Strivea\Recordings\YouTube\@holoen_gigimurin\Temp\5EIjfy_ikKo\Kura Revolving Sushi Bar x hololive English Collab! #sponsored_20250629_223204.ts
2025-06-29 22:32:55.386 +02:00 [INF] [CONCAT] - C:\Users\terre\Documents\Strivea\Recordings\YouTube\@holoen_gigimurin\Temp\5EIjfy_ikKo\Kura Revolving Sushi Bar x hololive English Collab! #sponsored_20250629_223248.ts
2025-06-29 22:32:55.391 +02:00 [INF] CanStopMonitoring est évalué. IsMonitoring: True
2025-06-29 22:32:55.392 +02:00 [INF] [CONCAT] Début de la conversion en mp4...
2025-06-29 22:32:55.392 +02:00 [INF] Commande FFmpeg concat+reencode : ffmpeg -f concat -safe 0 -i "C:\Users\terre\Documents\Strivea\Recordings\YouTube\@holoen_gigimurin\Temp\5EIjfy_ikKo\TempConcat\concat.txt" -c:v libx264 -c:a aac "C:\Users\terre\Documents\Strivea\Recordings\YouTube\@holoen_gigimurin\Temp\5EIjfy_ikKo\TempConcat\output.mp4"
2025-06-29 22:33:04.157 +02:00 [ERR] FFmpeg stderr : ffmpeg version 7.1.1-essentials_build-www.gyan.dev Copyright (c) 2000-2025 the FFmpeg developers
  built with gcc 14.2.0 (Rev1, Built by MSYS2 project)
  configuration: --enable-gpl --enable-version3 --enable-static --disable-w32threads --disable-autodetect --enable-fontconfig --enable-iconv --enable-gnutls --enable-libxml2 --enable-gmp --enable-bzlib --enable-lzma --enable-zlib --enable-libsrt --enable-libssh --enable-libzmq --enable-avisynth --enable-sdl2 --enable-libwebp --enable-libx264 --enable-libx265 --enable-libxvid --enable-libaom --enable-libopenjpeg --enable-libvpx --enable-mediafoundation --enable-libass --enable-libfreetype --enable-libfribidi --enable-libharfbuzz --enable-libvidstab --enable-libvmaf --enable-libzimg --enable-amf --enable-cuda-llvm --enable-cuvid --enable-dxva2 --enable-d3d11va --enable-d3d12va --enable-ffnvcodec --enable-libvpl --enable-nvdec --enable-nvenc --enable-vaapi --enable-libgme --enable-libopenmpt --enable-libopencore-amrwb --enable-libmp3lame --enable-libtheora --enable-libvo-amrwbenc --enable-libgsm --enable-libopencore-amrnb --enable-libopus --enable-libspeex --enable-libvorbis --enable-librubberband
  libavutil      59. 39.100 / 59. 39.100
  libavcodec     61. 19.101 / 61. 19.101
  libavformat    61.  7.100 / 61.  7.100
  libavdevice    61.  3.100 / 61.  3.100
  libavfilter    10.  4.100 / 10.  4.100
  libswscale      8.  3.100 /  8.  3.100
  libswresample   5.  3.100 /  5.  3.100
  libpostproc    58.  3.100 / 58.  3.100
[mpegts @ 000001cc7ed90540] PES packet size mismatch
[mpegts @ 000001cc7ed90540] Packet corrupt (stream = 1, dts = 162538877).
Input #0, concat, from 'C:\Users\terre\Documents\Strivea\Recordings\YouTube\@holoen_gigimurin\Temp\5EIjfy_ikKo\TempConcat\concat.txt':
  Duration: N/A, start: 0.000000, bitrate: 129 kb/s
  Stream #0:0: Audio: aac (LC) ([15][0][0][0] / 0x000F), 44100 Hz, stereo, fltp, 129 kb/s
  Stream #0:1: Video: h264 (Main) ([27][0][0][0] / 0x001B), yuv420p(tv, bt709, progressive), 1920x1080 [SAR 1:1 DAR 16:9], 59.94 fps, 59.94 tbr, 90k tbn
Stream mapping:
  Stream #0:1 -> #0:0 (h264 (native) -> h264 (libx264))
  Stream #0:0 -> #0:1 (aac (native) -> aac (native))
Press [q] to stop, [?] for help
[libx264 @ 000001cc7f119200] using SAR=1/1
[libx264 @ 000001cc7f119200] using cpu capabilities: MMX2 SSE2Fast SSSE3 SSE4.2 AVX FMA3 BMI2 AVX2 AVX512
[libx264 @ 000001cc7f119200] profile High, level 4.2, 4:2:0, 8-bit
[libx264 @ 000001cc7f119200] 264 - core 164 r3204 373697b - H.264/MPEG-4 AVC codec - Copyleft 2003-2025 - http://www.videolan.org/x264.html - options: cabac=1 ref=3 deblock=1:0:0 analyse=0x3:0x113 me=hex subme=7 psy=1 psy_rd=1.00:0.00 mixed_ref=1 me_range=16 chroma_me=1 trellis=1 8x8dct=1 cqm=0 deadzone=21,11 fast_pskip=1 chroma_qp_offset=-2 threads=24 lookahead_threads=4 sliced_threads=0 nr=0 decimate=1 interlaced=0 bluray_compat=0 constrained_intra=0 bframes=3 b_pyramid=2 b_adapt=1 b_bias=0 direct=1 weightb=1 open_gop=0 weightp=2 keyint=250 keyint_min=25 scenecut=40 intra_refresh=0 rc_lookahead=40 rc=crf mbtree=1 crf=23.0 qcomp=0.60 qpmin=0 qpmax=69 qpstep=4 ip_ratio=1.40 aq=1:1.00
Output #0, mp4, to 'C:\Users\terre\Documents\Strivea\Recordings\YouTube\@holoen_gigimurin\Temp\5EIjfy_ikKo\TempConcat\output.mp4':
  Metadata:
    encoder         : Lavf61.7.100
  Stream #0:0: Video: h264 (avc1 / 0x31637661), yuv420p(tv, bt709, progressive), 1920x1080 [SAR 1:1 DAR 16:9], q=2-31, 59.94 fps, 60k tbn
      Metadata:
        encoder         : Lavc61.19.101 libx264
      Side data:
        cpb: bitrate max/min/avg: 0/0/0 buffer size: 0 vbv_delay: N/A
  Stream #0:1: Audio: aac (LC) (mp4a / 0x6134706D), 44100 Hz, stereo, fltp, 128 kb/s
      Metadata:
        encoder         : Lavc61.19.101 aac
frame=   70 fps=0.0 q=31.0 size=     256KiB time=00:00:01.15 bitrate=1822.1kbits/s speed=2.18x    
frame=  198 fps=190 q=31.0 size=     512KiB time=00:00:03.28 bitrate=1276.3kbits/s speed=3.15x    
frame=  328 fps=211 q=31.0 size=    1024KiB time=00:00:05.45 bitrate=1537.7kbits/s speed=3.51x    
frame=  463 fps=224 q=31.0 size=    1280KiB time=00:00:07.70 bitrate=1360.5kbits/s speed=3.72x    
frame=  590 fps=229 q=31.0 size=    1792KiB time=00:00:09.82 bitrate=1494.0kbits/s speed=3.81x    
frame=  720 fps=233 q=31.0 size=    2048KiB time=00:00:11.99 bitrate=1398.7kbits/s speed=3.88x    
frame=  858 fps=237 q=31.0 size=    2560KiB time=00:00:14.29 bitrate=1466.8kbits/s speed=3.95x    
frame=  992 fps=240 q=31.0 size=    2816KiB time=00:00:16.53 bitrate=1395.3kbits/s speed=   4x    
frame= 1122 fps=241 q=31.0 size=    3328KiB time=00:00:18.70 bitrate=1457.8kbits/s speed=4.02x    
frame= 1252 fps=243 q=31.0 size=    3840KiB time=00:00:20.87 bitrate=1507.3kbits/s speed=4.05x    
frame= 1376 fps=243 q=31.0 size=    4096KiB time=00:00:22.93 bitrate=1462.7kbits/s speed=4.04x    
frame= 1510 fps=244 q=31.0 size=    4864KiB time=00:00:25.17 bitrate=1582.8kbits/s speed=4.06x    
[mpegts @ 000001cc7ed90540] PES packet size mismatch
[mpegts @ 000001cc7ed90540] Packet corrupt (stream = 1, dts = 162538877).
[concat @ 000001cc7ed8ef80] Packet corrupt (stream = 1, dts = 2517522).
[in#0/concat @ 000001cc7ed92d40] corrupt input packet in stream 1
[h264 @ 000001cc7f342680] error while decoding MB 90 65, bytestream -6
[h264 @ 000001cc7f342680] concealing 319 DC, 319 AC, 319 MV errors in P frame
[vist#0:1/h264 @ 000001cc0018e240] [dec:h264 @ 000001cc7efa1380] corrupt decoded frame
frame= 1650 fps=246 q=31.0 size=    5120KiB time=00:00:27.51 bitrate=1524.6kbits/s speed= 4.1x    
frame= 1774 fps=245 q=31.0 size=    5632KiB time=00:00:29.57 bitrate=1559.8kbits/s speed=4.09x    
frame= 1899 fps=245 q=31.0 size=    6144KiB time=00:00:31.66 bitrate=1589.5kbits/s speed=4.09x    
frame= 2030 fps=246 q=31.0 size=    6656KiB time=00:00:33.85 bitrate=1610.8kbits/s speed= 4.1x    
[out#0/mp4 @ 000001cc00188280] video:6429KiB audio:578KiB subtitle:0KiB other streams:0KiB global headers:0KiB muxing overhead: 0.848357%
frame= 2158 fps=251 q=-1.0 Lsize=    7066KiB time=00:00:35.98 bitrate=1608.6kbits/s speed=4.19x    
[libx264 @ 000001cc7f119200] frame I:9     Avg QP:15.77  size:129986
[libx264 @ 000001cc7f119200] frame P:544   Avg QP:20.19  size:  7067
[libx264 @ 000001cc7f119200] frame B:1605  Avg QP:20.32  size:   977
[libx264 @ 000001cc7f119200] consecutive B-frames:  0.7%  0.2%  0.3% 98.8%
[libx264 @ 000001cc7f119200] mb I  I16..4: 40.7% 23.4% 35.9%
[libx264 @ 000001cc7f119200] mb P  I16..4:  0.2%  0.3%  0.1%  P16..4:  7.8%  3.4%  2.2%  0.0%  0.0%    skip:85.9%
[libx264 @ 000001cc7f119200] mb B  I16..4:  0.0%  0.0%  0.0%  B16..8:  7.1%  0.5%  0.1%  direct: 0.1%  skip:92.3%  L0:47.9% L1:47.7% BI: 4.4%
[libx264 @ 000001cc7f119200] 8x8 transform intra:30.2% inter:57.4%
[libx264 @ 000001cc7f119200] coded y,uvDC,uvAC intra: 33.7% 53.1% 32.9% inter: 1.1% 1.3% 0.1%
[libx264 @ 000001cc7f119200] i16 v,h,dc,p: 67% 23%  7%  3%
[libx264 @ 000001cc7f119200] i8 v,h,dc,ddl,ddr,vr,hd,vl,hu: 28% 17% 39%  3%  2%  2%  3%  2%  4%
[libx264 @ 000001cc7f119200] i4 v,h,dc,ddl,ddr,vr,hd,vl,hu: 34% 18% 12%  6%  6%  6%  7%  6%  5%
[libx264 @ 000001cc7f119200] i8c dc,h,v,p: 50% 24% 20%  5%
[libx264 @ 000001cc7f119200] Weighted P-Frames: Y:0.0% UV:0.0%
[libx264 @ 000001cc7f119200] ref P L0: 70.6% 10.4% 15.5%  3.4%
[libx264 @ 000001cc7f119200] ref B L0: 92.4%  6.8%  0.8%
[libx264 @ 000001cc7f119200] ref B L1: 97.9%  2.1%
[libx264 @ 000001cc7f119200] kb/s:1462.73
[aac @ 000001cc7f343900] Qavg: 740.112

2025-06-29 22:33:04.158 +02:00 [INF] FFmpeg terminé avec code 0
2025-06-29 22:33:04.158 +02:00 [INF] FFmpeg concat+reencode result: 
[stderr]
ffmpeg version 7.1.1-essentials_build-www.gyan.dev Copyright (c) 2000-2025 the FFmpeg developers
  built with gcc 14.2.0 (Rev1, Built by MSYS2 project)
  configuration: --enable-gpl --enable-version3 --enable-static --disable-w32threads --disable-autodetect --enable-fontconfig --enable-iconv --enable-gnutls --enable-libxml2 --enable-gmp --enable-bzlib --enable-lzma --enable-zlib --enable-libsrt --enable-libssh --enable-libzmq --enable-avisynth --enable-sdl2 --enable-libwebp --enable-libx264 --enable-libx265 --enable-libxvid --enable-libaom --enable-libopenjpeg --enable-libvpx --enable-mediafoundation --enable-libass --enable-libfreetype --enable-libfribidi --enable-libharfbuzz --enable-libvidstab --enable-libvmaf --enable-libzimg --enable-amf --enable-cuda-llvm --enable-cuvid --enable-dxva2 --enable-d3d11va --enable-d3d12va --enable-ffnvcodec --enable-libvpl --enable-nvdec --enable-nvenc --enable-vaapi --enable-libgme --enable-libopenmpt --enable-libopencore-amrwb --enable-libmp3lame --enable-libtheora --enable-libvo-amrwbenc --enable-libgsm --enable-libopencore-amrnb --enable-libopus --enable-libspeex --enable-libvorbis --enable-librubberband
  libavutil      59. 39.100 / 59. 39.100
  libavcodec     61. 19.101 / 61. 19.101
  libavformat    61.  7.100 / 61.  7.100
  libavdevice    61.  3.100 / 61.  3.100
  libavfilter    10.  4.100 / 10.  4.100
  libswscale      8.  3.100 /  8.  3.100
  libswresample   5.  3.100 /  5.  3.100
  libpostproc    58.  3.100 / 58.  3.100
[mpegts @ 000001cc7ed90540] PES packet size mismatch
[mpegts @ 000001cc7ed90540] Packet corrupt (stream = 1, dts = 162538877).
Input #0, concat, from 'C:\Users\terre\Documents\Strivea\Recordings\YouTube\@holoen_gigimurin\Temp\5EIjfy_ikKo\TempConcat\concat.txt':
  Duration: N/A, start: 0.000000, bitrate: 129 kb/s
  Stream #0:0: Audio: aac (LC) ([15][0][0][0] / 0x000F), 44100 Hz, stereo, fltp, 129 kb/s
  Stream #0:1: Video: h264 (Main) ([27][0][0][0] / 0x001B), yuv420p(tv, bt709, progressive), 1920x1080 [SAR 1:1 DAR 16:9], 59.94 fps, 59.94 tbr, 90k tbn
Stream mapping:
  Stream #0:1 -> #0:0 (h264 (native) -> h264 (libx264))
  Stream #0:0 -> #0:1 (aac (native) -> aac (native))
Press [q] to stop, [?] for help
[libx264 @ 000001cc7f119200] using SAR=1/1
[libx264 @ 000001cc7f119200] using cpu capabilities: MMX2 SSE2Fast SSSE3 SSE4.2 AVX FMA3 BMI2 AVX2 AVX512
[libx264 @ 000001cc7f119200] profile High, level 4.2, 4:2:0, 8-bit
[libx264 @ 000001cc7f119200] 264 - core 164 r3204 373697b - H.264/MPEG-4 AVC codec - Copyleft 2003-2025 - http://www.videolan.org/x264.html - options: cabac=1 ref=3 deblock=1:0:0 analyse=0x3:0x113 me=hex subme=7 psy=1 psy_rd=1.00:0.00 mixed_ref=1 me_range=16 chroma_me=1 trellis=1 8x8dct=1 cqm=0 deadzone=21,11 fast_pskip=1 chroma_qp_offset=-2 threads=24 lookahead_threads=4 sliced_threads=0 nr=0 decimate=1 interlaced=0 bluray_compat=0 constrained_intra=0 bframes=3 b_pyramid=2 b_adapt=1 b_bias=0 direct=1 weightb=1 open_gop=0 weightp=2 keyint=250 keyint_min=25 scenecut=40 intra_refresh=0 rc_lookahead=40 rc=crf mbtree=1 crf=23.0 qcomp=0.60 qpmin=0 qpmax=69 qpstep=4 ip_ratio=1.40 aq=1:1.00
Output #0, mp4, to 'C:\Users\terre\Documents\Strivea\Recordings\YouTube\@holoen_gigimurin\Temp\5EIjfy_ikKo\TempConcat\output.mp4':
  Metadata:
    encoder         : Lavf61.7.100
  Stream #0:0: Video: h264 (avc1 / 0x31637661), yuv420p(tv, bt709, progressive), 1920x1080 [SAR 1:1 DAR 16:9], q=2-31, 59.94 fps, 60k tbn
      Metadata:
        encoder         : Lavc61.19.101 libx264
      Side data:
        cpb: bitrate max/min/avg: 0/0/0 buffer size: 0 vbv_delay: N/A
  Stream #0:1: Audio: aac (LC) (mp4a / 0x6134706D), 44100 Hz, stereo, fltp, 128 kb/s
      Metadata:
        encoder         : Lavc61.19.101 aac
frame=   70 fps=0.0 q=31.0 size=     256KiB time=00:00:01.15 bitrate=1822.1kbits/s speed=2.18x    
frame=  198 fps=190 q=31.0 size=     512KiB time=00:00:03.28 bitrate=1276.3kbits/s speed=3.15x    
frame=  328 fps=211 q=31.0 size=    1024KiB time=00:00:05.45 bitrate=1537.7kbits/s speed=3.51x    
frame=  463 fps=224 q=31.0 size=    1280KiB time=00:00:07.70 bitrate=1360.5kbits/s speed=3.72x    
frame=  590 fps=229 q=31.0 size=    1792KiB time=00:00:09.82 bitrate=1494.0kbits/s speed=3.81x    
frame=  720 fps=233 q=31.0 size=    2048KiB time=00:00:11.99 bitrate=1398.7kbits/s speed=3.88x    
frame=  858 fps=237 q=31.0 size=    2560KiB time=00:00:14.29 bitrate=1466.8kbits/s speed=3.95x    
frame=  992 fps=240 q=31.0 size=    2816KiB time=00:00:16.53 bitrate=1395.3kbits/s speed=   4x    
frame= 1122 fps=241 q=31.0 size=    3328KiB time=00:00:18.70 bitrate=1457.8kbits/s speed=4.02x    
frame= 1252 fps=243 q=31.0 size=    3840KiB time=00:00:20.87 bitrate=1507.3kbits/s speed=4.05x    
frame= 1376 fps=243 q=31.0 size=    4096KiB time=00:00:22.93 bitrate=1462.7kbits/s speed=4.04x    
frame= 1510 fps=244 q=31.0 size=    4864KiB time=00:00:25.17 bitrate=1582.8kbits/s speed=4.06x    
[mpegts @ 000001cc7ed90540] PES packet size mismatch
[mpegts @ 000001cc7ed90540] Packet corrupt (stream = 1, dts = 162538877).
[concat @ 000001cc7ed8ef80] Packet corrupt (stream = 1, dts = 2517522).
[in#0/concat @ 000001cc7ed92d40] corrupt input packet in stream 1
[h264 @ 000001cc7f342680] error while decoding MB 90 65, bytestream -6
[h264 @ 000001cc7f342680] concealing 319 DC, 319 AC, 319 MV errors in P frame
[vist#0:1/h264 @ 000001cc0018e240] [dec:h264 @ 000001cc7efa1380] corrupt decoded frame
frame= 1650 fps=246 q=31.0 size=    5120KiB time=00:00:27.51 bitrate=1524.6kbits/s speed= 4.1x    
frame= 1774 fps=245 q=31.0 size=    5632KiB time=00:00:29.57 bitrate=1559.8kbits/s speed=4.09x    
frame= 1899 fps=245 q=31.0 size=    6144KiB time=00:00:31.66 bitrate=1589.5kbits/s speed=4.09x    
frame= 2030 fps=246 q=31.0 size=    6656KiB time=00:00:33.85 bitrate=1610.8kbits/s speed= 4.1x    
[out#0/mp4 @ 000001cc00188280] video:6429KiB audio:578KiB subtitle:0KiB other streams:0KiB global headers:0KiB muxing overhead: 0.848357%
frame= 2158 fps=251 q=-1.0 Lsize=    7066KiB time=00:00:35.98 bitrate=1608.6kbits/s speed=4.19x    
[libx264 @ 000001cc7f119200] frame I:9     Avg QP:15.77  size:129986
[libx264 @ 000001cc7f119200] frame P:544   Avg QP:20.19  size:  7067
[libx264 @ 000001cc7f119200] frame B:1605  Avg QP:20.32  size:   977
[libx264 @ 000001cc7f119200] consecutive B-frames:  0.7%  0.2%  0.3% 98.8%
[libx264 @ 000001cc7f119200] mb I  I16..4: 40.7% 23.4% 35.9%
[libx264 @ 000001cc7f119200] mb P  I16..4:  0.2%  0.3%  0.1%  P16..4:  7.8%  3.4%  2.2%  0.0%  0.0%    skip:85.9%
[libx264 @ 000001cc7f119200] mb B  I16..4:  0.0%  0.0%  0.0%  B16..8:  7.1%  0.5%  0.1%  direct: 0.1%  skip:92.3%  L0:47.9% L1:47.7% BI: 4.4%
[libx264 @ 000001cc7f119200] 8x8 transform intra:30.2% inter:57.4%
[libx264 @ 000001cc7f119200] coded y,uvDC,uvAC intra: 33.7% 53.1% 32.9% inter: 1.1% 1.3% 0.1%
[libx264 @ 000001cc7f119200] i16 v,h,dc,p: 67% 23%  7%  3%
[libx264 @ 000001cc7f119200] i8 v,h,dc,ddl,ddr,vr,hd,vl,hu: 28% 17% 39%  3%  2%  2%  3%  2%  4%
[libx264 @ 000001cc7f119200] i4 v,h,dc,ddl,ddr,vr,hd,vl,hu: 34% 18% 12%  6%  6%  6%  7%  6%  5%
[libx264 @ 000001cc7f119200] i8c dc,h,v,p: 50% 24% 20%  5%
[libx264 @ 000001cc7f119200] Weighted P-Frames: Y:0.0% UV:0.0%
[libx264 @ 000001cc7f119200] ref P L0: 70.6% 10.4% 15.5%  3.4%
[libx264 @ 000001cc7f119200] ref B L0: 92.4%  6.8%  0.8%
[libx264 @ 000001cc7f119200] ref B L1: 97.9%  2.1%
[libx264 @ 000001cc7f119200] kb/s:1462.73
[aac @ 000001cc7f343900] Qavg: 740.112

2025-06-29 22:33:04.159 +02:00 [INF] [CONCAT] Déplacement du fichier final vers : C:\Users\terre\Documents\Strivea\Recordings\YouTube\@holoen_gigimurin\Kura Revolving Sushi Bar x hololive English Collab! #sponsored.mp4
2025-06-29 22:33:04.160 +02:00 [INF] [CONCAT] Fichier final déplacé vers : C:\Users\terre\Documents\Strivea\Recordings\YouTube\@holoen_gigimurin\Kura Revolving Sushi Bar x hololive English Collab! #sponsored.mp4
2025-06-29 22:33:04.160 +02:00 [INF] [CONCAT] Concaténation et conversion terminées avec succès.
2025-06-29 22:33:04.162 +02:00 [INF] CanStopMonitoring est évalué. IsMonitoring: True
2025-06-29 22:33:04.163 +02:00 [INF] IsMonitoring a changé: False
2025-06-29 22:33:04.163 +02:00 [INF] CanStopMonitoring est évalué. IsMonitoring: False
2025-06-29 22:33:04.163 +02:00 [INF] CanStartMonitoring après changement: True
2025-06-29 22:33:04.163 +02:00 [INF] CanStopMonitoring est évalué. IsMonitoring: False
2025-06-29 22:33:04.163 +02:00 [INF] CanStopMonitoring après changement: False
2025-06-29 22:33:04.163 +02:00 [INF] [DEBUG] IsMonitoring forcé à False dans finally StopMonitoringAsync
2025-06-29 22:33:04.163 +02:00 [INF] CanStopMonitoring est évalué. IsMonitoring: False
2025-06-29 22:34:48.269 +02:00 [INF] Démarrage de l'application...
2025-06-29 22:34:48.302 +02:00 [INF] Initialisation de l'application...
2025-06-29 22:34:48.340 +02:00 [INF] Initialisation du framework terminée...
2025-06-29 22:34:48.340 +02:00 [INF] Application Avalonia construite
2025-06-29 22:34:48.341 +02:00 [INF] Configuration des services...
2025-06-29 22:34:48.350 +02:00 [INF] Construction du conteneur DI...
2025-06-29 22:34:48.654 +02:00 [INF] Démarrage de l'application...
2025-06-29 22:34:48.737 +02:00 [INF] Initialisation du framework terminée...
2025-06-29 22:34:49.038 +02:00 [INF] YouTubeStreamDetector initialisé
2025-06-29 22:34:49.040 +02:00 [INF] MainViewModel initialisé
2025-06-29 22:34:49.042 +02:00 [INF] CanStartMonitoring après changement: True
2025-06-29 22:34:49.043 +02:00 [INF] CanStopMonitoring est évalué. IsMonitoring: False
2025-06-29 22:34:49.043 +02:00 [INF] CanStopMonitoring après changement: False
2025-06-29 22:34:49.056 +02:00 [INF] CanStopMonitoring est évalué. IsMonitoring: False
2025-06-29 22:34:49.059 +02:00 [INF] Application démarrée avec succès
2025-06-29 22:36:04.714 +02:00 [INF] Démarrage de l'application...
2025-06-29 22:36:04.752 +02:00 [INF] Initialisation de l'application...
2025-06-29 22:36:04.794 +02:00 [INF] Initialisation du framework terminée...
2025-06-29 22:36:04.794 +02:00 [INF] Application Avalonia construite
2025-06-29 22:36:04.796 +02:00 [INF] Configuration des services...
2025-06-29 22:36:04.806 +02:00 [INF] Construction du conteneur DI...
2025-06-29 22:36:05.171 +02:00 [INF] Démarrage de l'application...
2025-06-29 22:36:05.264 +02:00 [INF] Initialisation du framework terminée...
2025-06-29 22:36:05.613 +02:00 [INF] YouTubeStreamDetector initialisé
2025-06-29 22:36:05.616 +02:00 [INF] MainViewModel initialisé
2025-06-29 22:36:05.618 +02:00 [INF] CanStartMonitoring après changement: True
2025-06-29 22:36:05.619 +02:00 [INF] CanStopMonitoring est évalué. IsMonitoring: False
2025-06-29 22:36:05.619 +02:00 [INF] CanStopMonitoring après changement: False
2025-06-29 22:36:05.635 +02:00 [INF] CanStopMonitoring est évalué. IsMonitoring: False
2025-06-29 22:36:05.639 +02:00 [INF] Application démarrée avec succès
2025-06-29 22:36:07.648 +02:00 [INF] Début de la récupération des informations du stream YouTube pour : https://www.youtube.com/watch?v=5EIjfy_ikKo
2025-06-29 22:36:07.824 +02:00 [INF] [API] videoResponse: {
  "kind": "youtube#videoListResponse",
  "etag": "4-Yhg7IsfqpPKmZohRRsXLWODzQ",
  "items": [
    {
      "kind": "youtube#video",
      "etag": "K4Xns0v9F92YvVKvTyR60KPkWx0",
      "id": "5EIjfy_ikKo",
      "snippet": {
        "publishedAt": "2025-06-29T09:59:15Z",
        "channelId": "UCDHABijvPBnJm7F-KlNME3w",
        "title": "Kura Revolving Sushi Bar x hololive English Collab! #sponsored",
        "description": "#sponsored #hololiveenglish #kurasushi_usa #revolvingsushi #conveyorbeltsushi\n@OuroKronii @NinomaeInanis \n\nKura’s X link: https://x.com/kurasushi_usa?lang=en\nKura’s Insta Link: https://www.instagram.com/kurasushi_usa/?hl=en\n\nAbout Kura Sushi USA, Inc.\nKura Sushi USA, Inc. is a technology-enabled Japanese restaurant concept\nwith over 76 locations across the United States. Known for its revolving\nsushi bar experience and commitment to quality ingredients, Kura Sushi\nUSA is a subsidiary of Kura Sushi, Inc., which has operated in Japan for over\n45 years since 1977.\n\nAll collaboration menu items, merchandise, and giveaways are\navailable while supplies last. For more information, including\nparticipating locations and full promotional details, visit\nhttps://kurasushi.com/hololiveenglish-bikkura-pon-collaboration\n\nVlog credits:\no Edited by: Vincent Deng\no Music Provided by: Haben Godefa\n\n‐‐‐‐‐‐‐‐‐‐‐‐‐‐‐ underage viewers  ‐‐‐‐‐‐‐‐‐‐‐‐‐‐‐\n▶Request from hololive production to underage viewers\nPlease search for [Request To Minors] or click on the link below, to read it and enjoy the video\nhttps://hololivepro.com/en/request-to-minors/\n\n‐‐‐‐‐‐‐‐‐‐‐‐‐‐‐ Fan Work Guidelines  ‐‐‐‐‐‐‐‐‐‐‐‐‐‐‐\nhttps://en.hololive.tv/terms\n\n‐‐‐‐‐‐‐‐‐‐‐‐‐‐‐ Holoschedule  ‐‐‐‐‐‐‐‐‐‐‐‐‐‐‐\nhttps://schedule.hololive.tv/#hololive\n\n‐‐‐‐‐‐‐‐‐‐‐‐‐‐‐  Official Online Shop  ‐‐‐‐‐‐‐‐‐‐‐‐‐‐‐\nhttps://shop.hololivepro.com/en\n\n‐‐‐‐‐‐‐‐‐‐‐‐‐‐‐  Hololive Production  ‐‐‐‐‐‐‐‐‐‐‐‐‐‐‐\n・Hololive English YouTube Channel: https://t.co/LcYDgFF9V0?amp=1\n・Hololive Production Official Twitter: https://twitter.com/hololivetv\n・Hololive English Official Twitter: https://twitter.com/hololive_En\n・Hololive English Official Reddit: https://www.reddit.com/r/Hololive\n_________________________________________________________\n\n#hololiveEnglish #holoJustice",
        "thumbnails": {
          "default": {
            "url": "https://i.ytimg.com/vi/5EIjfy_ikKo/default_live.jpg",
            "width": 120,
            "height": 90
          },
          "medium": {
            "url": "https://i.ytimg.com/vi/5EIjfy_ikKo/mqdefault_live.jpg",
            "width": 320,
            "height": 180
          },
          "high": {
            "url": "https://i.ytimg.com/vi/5EIjfy_ikKo/hqdefault_live.jpg",
            "width": 480,
            "height": 360
          },
          "standard": {
            "url": "https://i.ytimg.com/vi/5EIjfy_ikKo/sddefault_live.jpg",
            "width": 640,
            "height": 480
          },
          "maxres": {
            "url": "https://i.ytimg.com/vi/5EIjfy_ikKo/maxresdefault_live.jpg",
            "width": 1280,
            "height": 720
          }
        },
        "channelTitle": "Gigi Murin Ch. hololive-EN",
        "categoryId": "20",
        "liveBroadcastContent": "live",
        "localized": {
          "title": "Kura Revolving Sushi Bar x hololive English Collab! #sponsored",
          "description": "#sponsored #hololiveenglish #kurasushi_usa #revolvingsushi #conveyorbeltsushi\n@OuroKronii @NinomaeInanis \n\nKura’s X link: https://x.com/kurasushi_usa?lang=en\nKura’s Insta Link: https://www.instagram.com/kurasushi_usa/?hl=en\n\nAbout Kura Sushi USA, Inc.\nKura Sushi USA, Inc. is a technology-enabled Japanese restaurant concept\nwith over 76 locations across the United States. Known for its revolving\nsushi bar experience and commitment to quality ingredients, Kura Sushi\nUSA is a subsidiary of Kura Sushi, Inc., which has operated in Japan for over\n45 years since 1977.\n\nAll collaboration menu items, merchandise, and giveaways are\navailable while supplies last. For more information, including\nparticipating locations and full promotional details, visit\nhttps://kurasushi.com/hololiveenglish-bikkura-pon-collaboration\n\nVlog credits:\no Edited by: Vincent Deng\no Music Provided by: Haben Godefa\n\n‐‐‐‐‐‐‐‐‐‐‐‐‐‐‐ underage viewers  ‐‐‐‐‐‐‐‐‐‐‐‐‐‐‐\n▶Request from hololive production to underage viewers\nPlease search for [Request To Minors] or click on the link below, to read it and enjoy the video\nhttps://hololivepro.com/en/request-to-minors/\n\n‐‐‐‐‐‐‐‐‐‐‐‐‐‐‐ Fan Work Guidelines  ‐‐‐‐‐‐‐‐‐‐‐‐‐‐‐\nhttps://en.hololive.tv/terms\n\n‐‐‐‐‐‐‐‐‐‐‐‐‐‐‐ Holoschedule  ‐‐‐‐‐‐‐‐‐‐‐‐‐‐‐\nhttps://schedule.hololive.tv/#hololive\n\n‐‐‐‐‐‐‐‐‐‐‐‐‐‐‐  Official Online Shop  ‐‐‐‐‐‐‐‐‐‐‐‐‐‐‐\nhttps://shop.hololivepro.com/en\n\n‐‐‐‐‐‐‐‐‐‐‐‐‐‐‐  Hololive Production  ‐‐‐‐‐‐‐‐‐‐‐‐‐‐‐\n・Hololive English YouTube Channel: https://t.co/LcYDgFF9V0?amp=1\n・Hololive Production Official Twitter: https://twitter.com/hololivetv\n・Hololive English Official Twitter: https://twitter.com/hololive_En\n・Hololive English Official Reddit: https://www.reddit.com/r/Hololive\n_________________________________________________________\n\n#hololiveEnglish #holoJustice"
        }
      },
      "liveStreamingDetails": {
        "actualStartTime": "2025-06-29T20:02:54Z",
        "scheduledStartTime": "2025-06-29T20:00:00Z",
        "concurrentViewers": "9255",
        "activeLiveChatId": "Cg0KCzVFSWpmeV9pa0tvKicKGFVDREhBQmlqdlBCbkptN0YtS2xOTUUzdxILNUVJamZ5X2lrS28"
      }
    }
  ],
  "pageInfo": {
    "totalResults": 1,
    "resultsPerPage": 1
  }
}

2025-06-29 22:36:07.889 +02:00 [INF] [API] channelResponse: {
  "kind": "youtube#channelListResponse",
  "etag": "O7dsuaMTto4gStVhrICDcT2Uimk",
  "pageInfo": {
    "totalResults": 1,
    "resultsPerPage": 5
  },
  "items": [
    {
      "kind": "youtube#channel",
      "etag": "gHU_7Ru2UjDWpvtkwmapEF1y-O4",
      "id": "UCDHABijvPBnJm7F-KlNME3w",
      "snippet": {
        "title": "Gigi Murin Ch. hololive-EN",
        "description": "\nfree-spirited Chaser and mischievous gremlin!\n*chases u cutely* 👧\n\n-------------------------------------------\n\nFan letters and Gifts\nAddress\nPresent for: Gigi Murin\nCOVER Corporation\nNet Depot Shin-Itabashi\n1-6-1 Kaga\nItabashi-ku, Tokyo\nJapan\nPostal/Zip Code: 173-0003\n\n-----------------------------------\nRequest from hololive production to underage viewers:\nPlease be sure to check the link below before viewing our content.\nhttps://en.hololive.tv/request-to-minors\n",
        "customUrl": "@holoen_gigimurin",
        "publishedAt": "2024-04-03T06:09:35.23051Z",
        "thumbnails": {
          "default": {
            "url": "https://yt3.ggpht.com/VTrjE6XoUY0QRq9VgwPIADiUA1S2FYPvJ7qRpUpgix8JLiU-mjKwEtADjS35w9C21Yarxk9kKA=s88-c-k-c0x00ffffff-no-rj",
            "width": 88,
            "height": 88
          },
          "medium": {
            "url": "https://yt3.ggpht.com/VTrjE6XoUY0QRq9VgwPIADiUA1S2FYPvJ7qRpUpgix8JLiU-mjKwEtADjS35w9C21Yarxk9kKA=s240-c-k-c0x00ffffff-no-rj",
            "width": 240,
            "height": 240
          },
          "high": {
            "url": "https://yt3.ggpht.com/VTrjE6XoUY0QRq9VgwPIADiUA1S2FYPvJ7qRpUpgix8JLiU-mjKwEtADjS35w9C21Yarxk9kKA=s800-c-k-c0x00ffffff-no-rj",
            "width": 800,
            "height": 800
          }
        },
        "localized": {
          "title": "Gigi Murin Ch. hololive-EN",
          "description": "\nfree-spirited Chaser and mischievous gremlin!\n*chases u cutely* 👧\n\n-------------------------------------------\n\nFan letters and Gifts\nAddress\nPresent for: Gigi Murin\nCOVER Corporation\nNet Depot Shin-Itabashi\n1-6-1 Kaga\nItabashi-ku, Tokyo\nJapan\nPostal/Zip Code: 173-0003\n\n-----------------------------------\nRequest from hololive production to underage viewers:\nPlease be sure to check the link below before viewing our content.\nhttps://en.hololive.tv/request-to-minors\n"
        },
        "country": "JP"
      }
    }
  ]
}

2025-06-29 22:36:07.942 +02:00 [INF] Exécution de streamlink avec les arguments : -j https://www.youtube.com/watch?v=5EIjfy_ikKo best
2025-06-29 22:36:07.944 +02:00 [INF] Processus streamlink démarré
2025-06-29 22:36:09.319 +02:00 [INF] Processus streamlink terminé avec le code : 0
2025-06-29 22:36:09.320 +02:00 [INF] Sortie Streamlink (JSON) : {
  "type": "hls",
  "url": "https://manifest.googlevideo.com/api/manifest/hls_playlist/expire/1751250997/ei/1aNhaNjaIMTf6dsP0PqTqAw/ip/2a01:e0a:8f1:aac0:53b:a603:3714:1c77/id/5EIjfy_ikKo.1/itag/301/source/yt_live_broadcast/requiressl/yes/ratebypass/yes/live/1/sgoap/gir%3Dyes%3Bitag%3D140/sgovp/gir%3Dyes%3Bitag%3D299/rqh/1/hls_chunk_host/rr1---sn-25glenez.googlevideo.com/xpc/EgVo2aDSNQ%3D%3D/bui/AY1jyLP-JchLf_vAbYu0Ad4Ek54_Oq-8IdQKVolKYRSKQIq-81vM6E-zYKIFf4-C6LCqRtkysufLo3Kj/spc/l3OVKV3Gaz2XoYge_GxFSeFaiK9X0L3zWK1lrIVGoSW7HEXzkW4bJ2wtxv3hN63NzYhhMy4XkRQ/vprv/1/playlist_type/LIVE/initcwndbps/1947500/met/1751229398,/mh/4y/mm/44/mn/sn-25glenez/ms/lva/mv/m/mvi/1/pl/45/rms/lva,lva/dover/11/pacing/0/keepalive/yes/fexp/51355912/mt/1751229152/sparams/expire,ei,ip,id,itag,source,requiressl,ratebypass,live,sgoap,sgovp,rqh,xpc,bui,spc,vprv,playlist_type/sig/AJfQdSswRgIhAK7d44p8F-xGVwx0rQ1ln52bQAMIe0WT4nZRVCvCuKlWAiEA17E-BoiiZAKOZLDZ4I5zhdh9cMjaubfnyKQsEECZ6ug%3D/lsparams/hls_chunk_host,initcwndbps,met,mh,mm,mn,ms,mv,mvi,pl,rms/lsig/APaTxxMwRAIgdXnsiV9BVw3jz-BEPJOx8P52MMgfZQcimIeMf_g8RSkCIGHYoxYR15cDsq9cmHjfOP5lYmYOquvFpmCq0afxncrl/playlist/index.m3u8",
  "headers": {
    "User-Agent": "Mozilla/5.0 (Windows NT 10.0; Win64; x64) AppleWebKit/537.36 (KHTML, like Gecko) Chrome/134.0.0.0 Safari/537.36",
    "Accept-Encoding": "gzip, deflate, br, zstd",
    "Accept": "*/*",
    "Connection": "keep-alive"
  },
  "master": "https://manifest.googlevideo.com/api/manifest/hls_variant/expire/1751250997/ei/1aNhaNjaIMTf6dsP0PqTqAw/ip/2a01%3Ae0a%3A8f1%3Aaac0%3A53b%3Aa603%3A3714%3A1c77/id/5EIjfy_ikKo.1/source/yt_live_broadcast/requiressl/yes/xpc/EgVo2aDSNQ%3D%3D/hfr/1/maudio/1/bui/AY1jyLP-JchLf_vAbYu0Ad4Ek54_Oq-8IdQKVolKYRSKQIq-81vM6E-zYKIFf4-C6LCqRtkysufLo3Kj/spc/l3OVKV3Gaz2XoYge_GxFSeFaiK9X0L3zWK1lrIVGoSW7HEXzkW4bJ2wtxv3hN63NzYhhMy4XkRQ/vprv/1/go/1/rqh/5/pacing/0/nvgoi/1/ncsapi/1/keepalive/yes/fexp/51355912/dover/11/itag/0/playlist_type/LIVE/sparams/expire%2Cei%2Cip%2Cid%2Csource%2Crequiressl%2Cxpc%2Chfr%2Cmaudio%2Cbui%2Cspc%2Cvprv%2Cgo%2Crqh%2Citag%2Cplaylist_type/sig/AJfQdSswRQIhAIuHC6BmLeqd9tPo2LR2_47mgP03R0VrsAoKUoNtMBPPAiASET-DyuSSq2sNKpdJbNy7_r1l4FKMYNZnH5zInkPGqQ%3D%3D/file/index.m3u8",
  "metadata": {
    "id": "5EIjfy_ikKo",
    "author": "Gigi Murin Ch. hololive-EN",
    "category": "Gaming",
    "title": "Kura Revolving Sushi Bar x hololive English Collab! #sponsored"
  }
}

2025-06-29 22:36:09.324 +02:00 [INF] Récupération de l'URL du stream pour https://www.youtube.com/watch?v=5EIjfy_ikKo
2025-06-29 22:36:10.934 +02:00 [INF] IsMonitoring a changé: True
2025-06-29 22:36:10.934 +02:00 [INF] CanStopMonitoring est évalué. IsMonitoring: True
2025-06-29 22:36:10.934 +02:00 [INF] CanStartMonitoring après changement: False
2025-06-29 22:36:10.934 +02:00 [INF] CanStopMonitoring est évalué. IsMonitoring: True
2025-06-29 22:36:10.934 +02:00 [INF] CanStopMonitoring après changement: True
2025-06-29 22:36:10.937 +02:00 [INF] Démarrage de l'enregistrement pour @holoen_gigimurin sur YouTube
2025-06-29 22:36:10.937 +02:00 [INF] URL du stream : https://manifest.googlevideo.com/api/manifest/hls_playlist/expire/1751250999/ei/16NhaPQhuYjp2w-lx-HIAQ/ip/2a01:e0a:8f1:aac0:53b:a603:3714:1c77/id/5EIjfy_ikKo.1/itag/301/source/yt_live_broadcast/requiressl/yes/ratebypass/yes/live/1/sgoap/gir%3Dyes%3Bitag%3D140/sgovp/gir%3Dyes%3Bitag%3D299/rqh/1/hls_chunk_host/rr1---sn-25glenez.googlevideo.com/xpc/EgVo2aDSNQ%3D%3D/bui/AY1jyLOG4C1RuII9Ccp5POJO4vz-msYY-K6u3uIKjoOrnt0zg338elbYKcWGThsCreAlWDtjQ1pPK1hE/spc/l3OVKeQJObOF8nEPb9ROXcYMN5lcE_x82d4x97TrFKt34WG8FUZucY7SWoQWvhjotpxGwJZ3mdQ/vprv/1/playlist_type/LIVE/initcwndbps/1873750/met/1751229399,/mh/4y/mm/44/mn/sn-25glenez/ms/lva/mv/m/mvi/1/pl/45/rms/lva,lva/dover/11/pacing/0/keepalive/yes/fexp/51355912/mt/1751228916/sparams/expire,ei,ip,id,itag,source,requiressl,ratebypass,live,sgoap,sgovp,rqh,xpc,bui,spc,vprv,playlist_type/sig/AJfQdSswRAIgJBtRhf4J7zLwLIZT-bN0PXzSCsNrNl0lVgRIM4P5u_8CIAHDdLJh80oifjUVWvg7oTi-3uiVuf16nWwUfOuqpBRa/lsparams/hls_chunk_host,initcwndbps,met,mh,mm,mn,ms,mv,mvi,pl,rms/lsig/APaTxxMwRAIgZjuYbY7OP8EMk2zGdHec2dMX8WjZKUUr7w1FxXXyfdkCID7nirGq7w0Ot7gQOJuhHcQA5_4iE9q1ElYniWvh_ZdH/playlist/index.m3u8
2025-06-29 22:36:10.937 +02:00 [INF] Chemin de sortie : C:\Users\terre\Documents\Strivea\Recordings\YouTube\@holoen_gigimurin\Temp\5EIjfy_ikKo\Kura Revolving Sushi Bar x hololive English Collab! #sponsored_20250629_223610.ts
2025-06-29 22:36:11.055 +02:00 [INF] Enregistrement démarré pour @holoen_gigimurin sur YouTube
2025-06-29 22:36:11.999 +02:00 [INF] CanStopMonitoring est évalué. IsMonitoring: True
2025-06-29 22:36:12.000 +02:00 [INF] Arrêt de l'enregistrement pour @holoen_gigimurin sur YouTube
2025-06-29 22:36:12.003 +02:00 [INF] Enregistrement terminé pour @holoen_gigimurin sur YouTube
2025-06-29 22:36:12.003 +02:00 [INF] Durée : 00:00:00
2025-06-29 22:36:12.003 +02:00 [INF] Taille du fichier : 0 MB
2025-06-29 22:36:12.005 +02:00 [INF] [CONCAT] Début de la concaténation des segments vidéo...
2025-06-29 22:36:12.007 +02:00 [INF] [CONCAT] Fichiers .ts à concaténer (3) :
2025-06-29 22:36:12.007 +02:00 [INF] [CONCAT] - C:\Users\terre\Documents\Strivea\Recordings\YouTube\@holoen_gigimurin\Temp\5EIjfy_ikKo\Kura Revolving Sushi Bar x hololive English Collab! #sponsored_20250629_223204.ts
2025-06-29 22:36:12.007 +02:00 [INF] [CONCAT] - C:\Users\terre\Documents\Strivea\Recordings\YouTube\@holoen_gigimurin\Temp\5EIjfy_ikKo\Kura Revolving Sushi Bar x hololive English Collab! #sponsored_20250629_223248.ts
2025-06-29 22:36:12.007 +02:00 [INF] [CONCAT] - C:\Users\terre\Documents\Strivea\Recordings\YouTube\@holoen_gigimurin\Temp\5EIjfy_ikKo\Kura Revolving Sushi Bar x hololive English Collab! #sponsored_20250629_223610.ts
2025-06-29 22:36:12.018 +02:00 [INF] CanStopMonitoring est évalué. IsMonitoring: True
2025-06-29 22:36:12.019 +02:00 [INF] [CONCAT] Début de la conversion en mp4...
2025-06-29 22:36:12.019 +02:00 [INF] Commande FFmpeg concat+reencode : ffmpeg -f concat -safe 0 -i "C:\Users\terre\Documents\Strivea\Recordings\YouTube\@holoen_gigimurin\Temp\5EIjfy_ikKo\TempConcat\concat.txt" -c:v libx264 -c:a aac "C:\Users\terre\Documents\Strivea\Recordings\YouTube\@holoen_gigimurin\Temp\5EIjfy_ikKo\TempConcat\output.mp4"
2025-06-29 22:36:21.166 +02:00 [ERR] FFmpeg stderr : ffmpeg version 7.1.1-essentials_build-www.gyan.dev Copyright (c) 2000-2025 the FFmpeg developers
  built with gcc 14.2.0 (Rev1, Built by MSYS2 project)
  configuration: --enable-gpl --enable-version3 --enable-static --disable-w32threads --disable-autodetect --enable-fontconfig --enable-iconv --enable-gnutls --enable-libxml2 --enable-gmp --enable-bzlib --enable-lzma --enable-zlib --enable-libsrt --enable-libssh --enable-libzmq --enable-avisynth --enable-sdl2 --enable-libwebp --enable-libx264 --enable-libx265 --enable-libxvid --enable-libaom --enable-libopenjpeg --enable-libvpx --enable-mediafoundation --enable-libass --enable-libfreetype --enable-libfribidi --enable-libharfbuzz --enable-libvidstab --enable-libvmaf --enable-libzimg --enable-amf --enable-cuda-llvm --enable-cuvid --enable-dxva2 --enable-d3d11va --enable-d3d12va --enable-ffnvcodec --enable-libvpl --enable-nvdec --enable-nvenc --enable-vaapi --enable-libgme --enable-libopenmpt --enable-libopencore-amrwb --enable-libmp3lame --enable-libtheora --enable-libvo-amrwbenc --enable-libgsm --enable-libopencore-amrnb --enable-libopus --enable-libspeex --enable-libvorbis --enable-librubberband
  libavutil      59. 39.100 / 59. 39.100
  libavcodec     61. 19.101 / 61. 19.101
  libavformat    61.  7.100 / 61.  7.100
  libavdevice    61.  3.100 / 61.  3.100
  libavfilter    10.  4.100 / 10.  4.100
  libswscale      8.  3.100 /  8.  3.100
  libswresample   5.  3.100 /  5.  3.100
  libpostproc    58.  3.100 / 58.  3.100
[mpegts @ 0000028e9ac70600] PES packet size mismatch
[mpegts @ 0000028e9ac70600] Packet corrupt (stream = 1, dts = 162538877).
Input #0, concat, from 'C:\Users\terre\Documents\Strivea\Recordings\YouTube\@holoen_gigimurin\Temp\5EIjfy_ikKo\TempConcat\concat.txt':
  Duration: N/A, start: 0.000000, bitrate: 129 kb/s
  Stream #0:0: Audio: aac (LC) ([15][0][0][0] / 0x000F), 44100 Hz, stereo, fltp, 129 kb/s
  Stream #0:1: Video: h264 (Main) ([27][0][0][0] / 0x001B), yuv420p(tv, bt709, progressive), 1920x1080 [SAR 1:1 DAR 16:9], 59.94 fps, 59.94 tbr, 90k tbn
Stream mapping:
  Stream #0:1 -> #0:0 (h264 (native) -> h264 (libx264))
  Stream #0:0 -> #0:1 (aac (native) -> aac (native))
Press [q] to stop, [?] for help
[libx264 @ 0000028e9af30780] using SAR=1/1
[libx264 @ 0000028e9af30780] using cpu capabilities: MMX2 SSE2Fast SSSE3 SSE4.2 AVX FMA3 BMI2 AVX2 AVX512
[libx264 @ 0000028e9af30780] profile High, level 4.2, 4:2:0, 8-bit
[libx264 @ 0000028e9af30780] 264 - core 164 r3204 373697b - H.264/MPEG-4 AVC codec - Copyleft 2003-2025 - http://www.videolan.org/x264.html - options: cabac=1 ref=3 deblock=1:0:0 analyse=0x3:0x113 me=hex subme=7 psy=1 psy_rd=1.00:0.00 mixed_ref=1 me_range=16 chroma_me=1 trellis=1 8x8dct=1 cqm=0 deadzone=21,11 fast_pskip=1 chroma_qp_offset=-2 threads=24 lookahead_threads=4 sliced_threads=0 nr=0 decimate=1 interlaced=0 bluray_compat=0 constrained_intra=0 bframes=3 b_pyramid=2 b_adapt=1 b_bias=0 direct=1 weightb=1 open_gop=0 weightp=2 keyint=250 keyint_min=25 scenecut=40 intra_refresh=0 rc_lookahead=40 rc=crf mbtree=1 crf=23.0 qcomp=0.60 qpmin=0 qpmax=69 qpstep=4 ip_ratio=1.40 aq=1:1.00
Output #0, mp4, to 'C:\Users\terre\Documents\Strivea\Recordings\YouTube\@holoen_gigimurin\Temp\5EIjfy_ikKo\TempConcat\output.mp4':
  Metadata:
    encoder         : Lavf61.7.100
  Stream #0:0: Video: h264 (avc1 / 0x31637661), yuv420p(tv, bt709, progressive), 1920x1080 [SAR 1:1 DAR 16:9], q=2-31, 59.94 fps, 60k tbn
      Metadata:
        encoder         : Lavc61.19.101 libx264
      Side data:
        cpb: bitrate max/min/avg: 0/0/0 buffer size: 0 vbv_delay: N/A
  Stream #0:1: Audio: aac (LC) (mp4a / 0x6134706D), 44100 Hz, stereo, fltp, 128 kb/s
      Metadata:
        encoder         : Lavc61.19.101 aac
frame=   50 fps=0.0 q=31.0 size=       0KiB time=00:00:00.81 bitrate=   0.5kbits/s speed=1.61x    
frame=  177 fps=173 q=31.0 size=     512KiB time=00:00:02.93 bitrate=1428.6kbits/s speed=2.87x    
frame=  288 fps=187 q=31.0 size=     768KiB time=00:00:04.78 bitrate=1314.1kbits/s speed=3.12x    
frame=  411 fps=200 q=31.0 size=    1024KiB time=00:00:06.84 bitrate=1226.4kbits/s speed=3.33x    
frame=  538 fps=208 q=31.0 size=    1536KiB time=00:00:08.95 bitrate=1404.6kbits/s speed=3.47x    
frame=  674 fps=217 q=31.0 size=    2048KiB time=00:00:11.22 bitrate=1494.3kbits/s speed=3.62x    
frame=  808 fps=224 q=31.0 size=    2560KiB time=00:00:13.46 bitrate=1557.7kbits/s speed=3.72x    
frame=  950 fps=229 q=31.0 size=    2816KiB time=00:00:15.83 bitrate=1457.1kbits/s speed=3.82x    
frame= 1090 fps=234 q=31.0 size=    3328KiB time=00:00:18.16 bitrate=1500.6kbits/s speed= 3.9x    
frame= 1233 fps=238 q=31.0 size=    3584KiB time=00:00:20.55 bitrate=1428.5kbits/s speed=3.97x    
frame= 1375 fps=242 q=31.0 size=    4096KiB time=00:00:22.92 bitrate=1463.8kbits/s speed=4.03x    
frame= 1501 fps=242 q=31.0 size=    4608KiB time=00:00:25.02 bitrate=1508.5kbits/s speed=4.04x    
[mpegts @ 0000028e9ac70600] PES packet size mismatch
[mpegts @ 0000028e9ac70600] Packet corrupt (stream = 1, dts = 162538877).
[concat @ 0000028e9ac6ef80] Packet corrupt (stream = 1, dts = 2517522).
[in#0/concat @ 0000028e9ac72d40] corrupt input packet in stream 1
[h264 @ 0000028e9b9b0b00] error while decoding MB 90 65, bytestream -6
[h264 @ 0000028e9b9b0b00] concealing 319 DC, 319 AC, 319 MV errors in P frame
[vist#0:1/h264 @ 0000028e9b361200] [dec:h264 @ 0000028e9b000200] corrupt decoded frame
frame= 1633 fps=243 q=31.0 size=    5120KiB time=00:00:27.22 bitrate=1540.5kbits/s speed=4.05x    
frame= 1763 fps=244 q=31.0 size=    5632KiB time=00:00:29.39 bitrate=1569.5kbits/s speed=4.06x    
frame= 1899 fps=245 q=31.0 size=    6144KiB time=00:00:31.66 bitrate=1589.5kbits/s speed=4.08x    
frame= 2037 fps=246 q=31.0 size=    6656KiB time=00:00:33.96 bitrate=1605.3kbits/s speed=4.11x    
[mpegts @ 0000028ec5177dc0] PES packet size mismatch
[mpegts @ 0000028ec5177dc0] Packet corrupt (stream = 1, dts = 182247566).
[mpegts @ 0000028ec5177dc0] PES packet size mismatch
[mpegts @ 0000028ec5177dc0] Packet corrupt (stream = 1, dts = 182247566).
[concat @ 0000028e9ac6ef80] Packet corrupt (stream = 1, dts = 3329221).
[in#0/concat @ 0000028e9ac72d40] corrupt input packet in stream 1
[h264 @ 0000028e9b9aa980] error while decoding MB 57 58, bytestream -9
[h264 @ 0000028e9b9aa980] concealing 1192 DC, 1192 AC, 1192 MV errors in P frame
[vist#0:1/h264 @ 0000028e9b361200] [dec:h264 @ 0000028e9b000200] corrupt decoded frame
frame= 2157 fps=246 q=31.0 size=    6912KiB time=N/A bitrate=N/A speed=N/A    
[out#0/mp4 @ 0000028e9ac6f400] video:6636KiB audio:594KiB subtitle:0KiB other streams:0KiB global headers:0KiB muxing overhead: 0.846363%
frame= 2218 fps=249 q=-1.0 Lsize=    7291KiB time=00:00:36.98 bitrate=1614.9kbits/s speed=4.15x    
[libx264 @ 0000028e9af30780] frame I:9     Avg QP:15.77  size:129986
[libx264 @ 0000028e9af30780] frame P:559   Avg QP:20.21  size:  7189
[libx264 @ 0000028e9af30780] frame B:1650  Avg QP:20.29  size:   974
[libx264 @ 0000028e9af30780] consecutive B-frames:  0.7%  0.2%  0.3% 98.8%
[libx264 @ 0000028e9af30780] mb I  I16..4: 40.7% 23.4% 35.9%
[libx264 @ 0000028e9af30780] mb P  I16..4:  0.2%  0.3%  0.2%  P16..4:  7.8%  3.4%  2.2%  0.0%  0.0%    skip:85.8%
[libx264 @ 0000028e9af30780] mb B  I16..4:  0.0%  0.0%  0.0%  B16..8:  7.1%  0.5%  0.1%  direct: 0.1%  skip:92.3%  L0:47.9% L1:47.8% BI: 4.4%
[libx264 @ 0000028e9af30780] 8x8 transform intra:30.5% inter:57.4%
[libx264 @ 0000028e9af30780] coded y,uvDC,uvAC intra: 34.4% 53.9% 33.6% inter: 1.1% 1.3% 0.1%
[libx264 @ 0000028e9af30780] i16 v,h,dc,p: 66% 24%  8%  3%
[libx264 @ 0000028e9af30780] i8 v,h,dc,ddl,ddr,vr,hd,vl,hu: 28% 17% 38%  3%  2%  3%  3%  3%  4%
[libx264 @ 0000028e9af30780] i4 v,h,dc,ddl,ddr,vr,hd,vl,hu: 34% 18% 12%  6%  6%  7%  7%  6%  5%
[libx264 @ 0000028e9af30780] i8c dc,h,v,p: 50% 24% 20%  6%
[libx264 @ 0000028e9af30780] Weighted P-Frames: Y:0.0% UV:0.0%
[libx264 @ 0000028e9af30780] ref P L0: 70.5% 10.4% 15.6%  3.5%
[libx264 @ 0000028e9af30780] ref B L0: 92.3%  6.9%  0.8%
[libx264 @ 0000028e9af30780] ref B L1: 97.9%  2.1%
[libx264 @ 0000028e9af30780] kb/s:1469.04
[aac @ 0000028e9b9b03c0] Qavg: 742.776

2025-06-29 22:36:21.171 +02:00 [INF] FFmpeg terminé avec code 0
2025-06-29 22:36:21.171 +02:00 [INF] FFmpeg concat+reencode result: 
[stderr]
ffmpeg version 7.1.1-essentials_build-www.gyan.dev Copyright (c) 2000-2025 the FFmpeg developers
  built with gcc 14.2.0 (Rev1, Built by MSYS2 project)
  configuration: --enable-gpl --enable-version3 --enable-static --disable-w32threads --disable-autodetect --enable-fontconfig --enable-iconv --enable-gnutls --enable-libxml2 --enable-gmp --enable-bzlib --enable-lzma --enable-zlib --enable-libsrt --enable-libssh --enable-libzmq --enable-avisynth --enable-sdl2 --enable-libwebp --enable-libx264 --enable-libx265 --enable-libxvid --enable-libaom --enable-libopenjpeg --enable-libvpx --enable-mediafoundation --enable-libass --enable-libfreetype --enable-libfribidi --enable-libharfbuzz --enable-libvidstab --enable-libvmaf --enable-libzimg --enable-amf --enable-cuda-llvm --enable-cuvid --enable-dxva2 --enable-d3d11va --enable-d3d12va --enable-ffnvcodec --enable-libvpl --enable-nvdec --enable-nvenc --enable-vaapi --enable-libgme --enable-libopenmpt --enable-libopencore-amrwb --enable-libmp3lame --enable-libtheora --enable-libvo-amrwbenc --enable-libgsm --enable-libopencore-amrnb --enable-libopus --enable-libspeex --enable-libvorbis --enable-librubberband
  libavutil      59. 39.100 / 59. 39.100
  libavcodec     61. 19.101 / 61. 19.101
  libavformat    61.  7.100 / 61.  7.100
  libavdevice    61.  3.100 / 61.  3.100
  libavfilter    10.  4.100 / 10.  4.100
  libswscale      8.  3.100 /  8.  3.100
  libswresample   5.  3.100 /  5.  3.100
  libpostproc    58.  3.100 / 58.  3.100
[mpegts @ 0000028e9ac70600] PES packet size mismatch
[mpegts @ 0000028e9ac70600] Packet corrupt (stream = 1, dts = 162538877).
Input #0, concat, from 'C:\Users\terre\Documents\Strivea\Recordings\YouTube\@holoen_gigimurin\Temp\5EIjfy_ikKo\TempConcat\concat.txt':
  Duration: N/A, start: 0.000000, bitrate: 129 kb/s
  Stream #0:0: Audio: aac (LC) ([15][0][0][0] / 0x000F), 44100 Hz, stereo, fltp, 129 kb/s
  Stream #0:1: Video: h264 (Main) ([27][0][0][0] / 0x001B), yuv420p(tv, bt709, progressive), 1920x1080 [SAR 1:1 DAR 16:9], 59.94 fps, 59.94 tbr, 90k tbn
Stream mapping:
  Stream #0:1 -> #0:0 (h264 (native) -> h264 (libx264))
  Stream #0:0 -> #0:1 (aac (native) -> aac (native))
Press [q] to stop, [?] for help
[libx264 @ 0000028e9af30780] using SAR=1/1
[libx264 @ 0000028e9af30780] using cpu capabilities: MMX2 SSE2Fast SSSE3 SSE4.2 AVX FMA3 BMI2 AVX2 AVX512
[libx264 @ 0000028e9af30780] profile High, level 4.2, 4:2:0, 8-bit
[libx264 @ 0000028e9af30780] 264 - core 164 r3204 373697b - H.264/MPEG-4 AVC codec - Copyleft 2003-2025 - http://www.videolan.org/x264.html - options: cabac=1 ref=3 deblock=1:0:0 analyse=0x3:0x113 me=hex subme=7 psy=1 psy_rd=1.00:0.00 mixed_ref=1 me_range=16 chroma_me=1 trellis=1 8x8dct=1 cqm=0 deadzone=21,11 fast_pskip=1 chroma_qp_offset=-2 threads=24 lookahead_threads=4 sliced_threads=0 nr=0 decimate=1 interlaced=0 bluray_compat=0 constrained_intra=0 bframes=3 b_pyramid=2 b_adapt=1 b_bias=0 direct=1 weightb=1 open_gop=0 weightp=2 keyint=250 keyint_min=25 scenecut=40 intra_refresh=0 rc_lookahead=40 rc=crf mbtree=1 crf=23.0 qcomp=0.60 qpmin=0 qpmax=69 qpstep=4 ip_ratio=1.40 aq=1:1.00
Output #0, mp4, to 'C:\Users\terre\Documents\Strivea\Recordings\YouTube\@holoen_gigimurin\Temp\5EIjfy_ikKo\TempConcat\output.mp4':
  Metadata:
    encoder         : Lavf61.7.100
  Stream #0:0: Video: h264 (avc1 / 0x31637661), yuv420p(tv, bt709, progressive), 1920x1080 [SAR 1:1 DAR 16:9], q=2-31, 59.94 fps, 60k tbn
      Metadata:
        encoder         : Lavc61.19.101 libx264
      Side data:
        cpb: bitrate max/min/avg: 0/0/0 buffer size: 0 vbv_delay: N/A
  Stream #0:1: Audio: aac (LC) (mp4a / 0x6134706D), 44100 Hz, stereo, fltp, 128 kb/s
      Metadata:
        encoder         : Lavc61.19.101 aac
frame=   50 fps=0.0 q=31.0 size=       0KiB time=00:00:00.81 bitrate=   0.5kbits/s speed=1.61x    
frame=  177 fps=173 q=31.0 size=     512KiB time=00:00:02.93 bitrate=1428.6kbits/s speed=2.87x    
frame=  288 fps=187 q=31.0 size=     768KiB time=00:00:04.78 bitrate=1314.1kbits/s speed=3.12x    
frame=  411 fps=200 q=31.0 size=    1024KiB time=00:00:06.84 bitrate=1226.4kbits/s speed=3.33x    
frame=  538 fps=208 q=31.0 size=    1536KiB time=00:00:08.95 bitrate=1404.6kbits/s speed=3.47x    
frame=  674 fps=217 q=31.0 size=    2048KiB time=00:00:11.22 bitrate=1494.3kbits/s speed=3.62x    
frame=  808 fps=224 q=31.0 size=    2560KiB time=00:00:13.46 bitrate=1557.7kbits/s speed=3.72x    
frame=  950 fps=229 q=31.0 size=    2816KiB time=00:00:15.83 bitrate=1457.1kbits/s speed=3.82x    
frame= 1090 fps=234 q=31.0 size=    3328KiB time=00:00:18.16 bitrate=1500.6kbits/s speed= 3.9x    
frame= 1233 fps=238 q=31.0 size=    3584KiB time=00:00:20.55 bitrate=1428.5kbits/s speed=3.97x    
frame= 1375 fps=242 q=31.0 size=    4096KiB time=00:00:22.92 bitrate=1463.8kbits/s speed=4.03x    
frame= 1501 fps=242 q=31.0 size=    4608KiB time=00:00:25.02 bitrate=1508.5kbits/s speed=4.04x    
[mpegts @ 0000028e9ac70600] PES packet size mismatch
[mpegts @ 0000028e9ac70600] Packet corrupt (stream = 1, dts = 162538877).
[concat @ 0000028e9ac6ef80] Packet corrupt (stream = 1, dts = 2517522).
[in#0/concat @ 0000028e9ac72d40] corrupt input packet in stream 1
[h264 @ 0000028e9b9b0b00] error while decoding MB 90 65, bytestream -6
[h264 @ 0000028e9b9b0b00] concealing 319 DC, 319 AC, 319 MV errors in P frame
[vist#0:1/h264 @ 0000028e9b361200] [dec:h264 @ 0000028e9b000200] corrupt decoded frame
frame= 1633 fps=243 q=31.0 size=    5120KiB time=00:00:27.22 bitrate=1540.5kbits/s speed=4.05x    
frame= 1763 fps=244 q=31.0 size=    5632KiB time=00:00:29.39 bitrate=1569.5kbits/s speed=4.06x    
frame= 1899 fps=245 q=31.0 size=    6144KiB time=00:00:31.66 bitrate=1589.5kbits/s speed=4.08x    
frame= 2037 fps=246 q=31.0 size=    6656KiB time=00:00:33.96 bitrate=1605.3kbits/s speed=4.11x    
[mpegts @ 0000028ec5177dc0] PES packet size mismatch
[mpegts @ 0000028ec5177dc0] Packet corrupt (stream = 1, dts = 182247566).
[mpegts @ 0000028ec5177dc0] PES packet size mismatch
[mpegts @ 0000028ec5177dc0] Packet corrupt (stream = 1, dts = 182247566).
[concat @ 0000028e9ac6ef80] Packet corrupt (stream = 1, dts = 3329221).
[in#0/concat @ 0000028e9ac72d40] corrupt input packet in stream 1
[h264 @ 0000028e9b9aa980] error while decoding MB 57 58, bytestream -9
[h264 @ 0000028e9b9aa980] concealing 1192 DC, 1192 AC, 1192 MV errors in P frame
[vist#0:1/h264 @ 0000028e9b361200] [dec:h264 @ 0000028e9b000200] corrupt decoded frame
frame= 2157 fps=246 q=31.0 size=    6912KiB time=N/A bitrate=N/A speed=N/A    
[out#0/mp4 @ 0000028e9ac6f400] video:6636KiB audio:594KiB subtitle:0KiB other streams:0KiB global headers:0KiB muxing overhead: 0.846363%
frame= 2218 fps=249 q=-1.0 Lsize=    7291KiB time=00:00:36.98 bitrate=1614.9kbits/s speed=4.15x    
[libx264 @ 0000028e9af30780] frame I:9     Avg QP:15.77  size:129986
[libx264 @ 0000028e9af30780] frame P:559   Avg QP:20.21  size:  7189
[libx264 @ 0000028e9af30780] frame B:1650  Avg QP:20.29  size:   974
[libx264 @ 0000028e9af30780] consecutive B-frames:  0.7%  0.2%  0.3% 98.8%
[libx264 @ 0000028e9af30780] mb I  I16..4: 40.7% 23.4% 35.9%
[libx264 @ 0000028e9af30780] mb P  I16..4:  0.2%  0.3%  0.2%  P16..4:  7.8%  3.4%  2.2%  0.0%  0.0%    skip:85.8%
[libx264 @ 0000028e9af30780] mb B  I16..4:  0.0%  0.0%  0.0%  B16..8:  7.1%  0.5%  0.1%  direct: 0.1%  skip:92.3%  L0:47.9% L1:47.8% BI: 4.4%
[libx264 @ 0000028e9af30780] 8x8 transform intra:30.5% inter:57.4%
[libx264 @ 0000028e9af30780] coded y,uvDC,uvAC intra: 34.4% 53.9% 33.6% inter: 1.1% 1.3% 0.1%
[libx264 @ 0000028e9af30780] i16 v,h,dc,p: 66% 24%  8%  3%
[libx264 @ 0000028e9af30780] i8 v,h,dc,ddl,ddr,vr,hd,vl,hu: 28% 17% 38%  3%  2%  3%  3%  3%  4%
[libx264 @ 0000028e9af30780] i4 v,h,dc,ddl,ddr,vr,hd,vl,hu: 34% 18% 12%  6%  6%  7%  7%  6%  5%
[libx264 @ 0000028e9af30780] i8c dc,h,v,p: 50% 24% 20%  6%
[libx264 @ 0000028e9af30780] Weighted P-Frames: Y:0.0% UV:0.0%
[libx264 @ 0000028e9af30780] ref P L0: 70.5% 10.4% 15.6%  3.5%
[libx264 @ 0000028e9af30780] ref B L0: 92.3%  6.9%  0.8%
[libx264 @ 0000028e9af30780] ref B L1: 97.9%  2.1%
[libx264 @ 0000028e9af30780] kb/s:1469.04
[aac @ 0000028e9b9b03c0] Qavg: 742.776

2025-06-29 22:36:21.172 +02:00 [INF] [CONCAT] Déplacement du fichier final vers : C:\Users\terre\Documents\Strivea\Recordings\YouTube\@holoen_gigimurin\Kura Revolving Sushi Bar x hololive English Collab! #sponsored.mp4
2025-06-29 22:36:21.175 +02:00 [INF] [CONCAT] Fichier final déplacé vers : C:\Users\terre\Documents\Strivea\Recordings\YouTube\@holoen_gigimurin\Kura Revolving Sushi Bar x hololive English Collab! #sponsored.mp4
2025-06-29 22:36:21.175 +02:00 [INF] [CONCAT] Concaténation et conversion terminées avec succès.
2025-06-29 22:36:21.177 +02:00 [INF] CanStopMonitoring est évalué. IsMonitoring: True
2025-06-29 22:36:21.215 +02:00 [INF] IsMonitoring a changé: False
2025-06-29 22:36:21.215 +02:00 [INF] CanStopMonitoring est évalué. IsMonitoring: False
2025-06-29 22:36:21.216 +02:00 [INF] CanStartMonitoring après changement: True
2025-06-29 22:36:21.216 +02:00 [INF] CanStopMonitoring est évalué. IsMonitoring: False
2025-06-29 22:36:21.216 +02:00 [INF] CanStopMonitoring après changement: False
2025-06-29 22:36:21.216 +02:00 [INF] [DEBUG] IsMonitoring forcé à False dans finally StopMonitoringAsync
2025-06-29 22:36:21.216 +02:00 [INF] CanStopMonitoring est évalué. IsMonitoring: False
2025-06-29 22:45:13.673 +02:00 [INF] Démarrage de l'application...
2025-06-29 22:45:13.716 +02:00 [INF] Initialisation de l'application...
2025-06-29 22:45:13.759 +02:00 [INF] Initialisation du framework terminée...
2025-06-29 22:45:13.759 +02:00 [INF] Application Avalonia construite
2025-06-29 22:45:13.760 +02:00 [INF] Configuration des services...
2025-06-29 22:45:13.768 +02:00 [INF] Construction du conteneur DI...
2025-06-29 22:45:14.126 +02:00 [INF] Démarrage de l'application...
2025-06-29 22:45:14.220 +02:00 [INF] Initialisation du framework terminée...
2025-06-29 22:45:14.566 +02:00 [INF] YouTubeStreamDetector initialisé
2025-06-29 22:45:14.569 +02:00 [INF] MainViewModel initialisé
2025-06-29 22:45:14.572 +02:00 [INF] CanStartMonitoring après changement: True
2025-06-29 22:45:14.572 +02:00 [INF] CanStopMonitoring est évalué. IsMonitoring: False
2025-06-29 22:45:14.572 +02:00 [INF] CanStopMonitoring après changement: False
2025-06-29 22:45:14.587 +02:00 [INF] CanStopMonitoring est évalué. IsMonitoring: False
2025-06-29 22:45:14.591 +02:00 [INF] Application démarrée avec succès
2025-06-29 22:45:16.811 +02:00 [INF] Début de la récupération des informations du stream YouTube pour : https://www.youtube.com/watch?v=5EIjfy_ikKo
2025-06-29 22:45:16.983 +02:00 [INF] [API] videoResponse: {
  "kind": "youtube#videoListResponse",
  "etag": "ILbg1397kj0QlubXwyDAx3P2y20",
  "items": [
    {
      "kind": "youtube#video",
      "etag": "JTv3ZT88Q8vZLYV4fDJb8unCbtI",
      "id": "5EIjfy_ikKo",
      "snippet": {
        "publishedAt": "2025-06-29T09:59:15Z",
        "channelId": "UCDHABijvPBnJm7F-KlNME3w",
        "title": "Kura Revolving Sushi Bar x hololive English Collab! #sponsored",
        "description": "#sponsored #hololiveenglish #kurasushi_usa #revolvingsushi #conveyorbeltsushi\n@OuroKronii @NinomaeInanis \n\nKura’s X link: https://x.com/kurasushi_usa?lang=en\nKura’s Insta Link: https://www.instagram.com/kurasushi_usa/?hl=en\n\nAbout Kura Sushi USA, Inc.\nKura Sushi USA, Inc. is a technology-enabled Japanese restaurant concept\nwith over 76 locations across the United States. Known for its revolving\nsushi bar experience and commitment to quality ingredients, Kura Sushi\nUSA is a subsidiary of Kura Sushi, Inc., which has operated in Japan for over\n45 years since 1977.\n\nAll collaboration menu items, merchandise, and giveaways are\navailable while supplies last. For more information, including\nparticipating locations and full promotional details, visit\nhttps://kurasushi.com/hololiveenglish-bikkura-pon-collaboration\n\nVlog credits:\no Edited by: Vincent Deng\no Music Provided by: Haben Godefa\n\n‐‐‐‐‐‐‐‐‐‐‐‐‐‐‐ underage viewers  ‐‐‐‐‐‐‐‐‐‐‐‐‐‐‐\n▶Request from hololive production to underage viewers\nPlease search for [Request To Minors] or click on the link below, to read it and enjoy the video\nhttps://hololivepro.com/en/request-to-minors/\n\n‐‐‐‐‐‐‐‐‐‐‐‐‐‐‐ Fan Work Guidelines  ‐‐‐‐‐‐‐‐‐‐‐‐‐‐‐\nhttps://en.hololive.tv/terms\n\n‐‐‐‐‐‐‐‐‐‐‐‐‐‐‐ Holoschedule  ‐‐‐‐‐‐‐‐‐‐‐‐‐‐‐\nhttps://schedule.hololive.tv/#hololive\n\n‐‐‐‐‐‐‐‐‐‐‐‐‐‐‐  Official Online Shop  ‐‐‐‐‐‐‐‐‐‐‐‐‐‐‐\nhttps://shop.hololivepro.com/en\n\n‐‐‐‐‐‐‐‐‐‐‐‐‐‐‐  Hololive Production  ‐‐‐‐‐‐‐‐‐‐‐‐‐‐‐\n・Hololive English YouTube Channel: https://t.co/LcYDgFF9V0?amp=1\n・Hololive Production Official Twitter: https://twitter.com/hololivetv\n・Hololive English Official Twitter: https://twitter.com/hololive_En\n・Hololive English Official Reddit: https://www.reddit.com/r/Hololive\n_________________________________________________________\n\n#hololiveEnglish #holoJustice",
        "thumbnails": {
          "default": {
            "url": "https://i.ytimg.com/vi/5EIjfy_ikKo/default_live.jpg",
            "width": 120,
            "height": 90
          },
          "medium": {
            "url": "https://i.ytimg.com/vi/5EIjfy_ikKo/mqdefault_live.jpg",
            "width": 320,
            "height": 180
          },
          "high": {
            "url": "https://i.ytimg.com/vi/5EIjfy_ikKo/hqdefault_live.jpg",
            "width": 480,
            "height": 360
          },
          "standard": {
            "url": "https://i.ytimg.com/vi/5EIjfy_ikKo/sddefault_live.jpg",
            "width": 640,
            "height": 480
          },
          "maxres": {
            "url": "https://i.ytimg.com/vi/5EIjfy_ikKo/maxresdefault_live.jpg",
            "width": 1280,
            "height": 720
          }
        },
        "channelTitle": "Gigi Murin Ch. hololive-EN",
        "categoryId": "20",
        "liveBroadcastContent": "live",
        "localized": {
          "title": "Kura Revolving Sushi Bar x hololive English Collab! #sponsored",
          "description": "#sponsored #hololiveenglish #kurasushi_usa #revolvingsushi #conveyorbeltsushi\n@OuroKronii @NinomaeInanis \n\nKura’s X link: https://x.com/kurasushi_usa?lang=en\nKura’s Insta Link: https://www.instagram.com/kurasushi_usa/?hl=en\n\nAbout Kura Sushi USA, Inc.\nKura Sushi USA, Inc. is a technology-enabled Japanese restaurant concept\nwith over 76 locations across the United States. Known for its revolving\nsushi bar experience and commitment to quality ingredients, Kura Sushi\nUSA is a subsidiary of Kura Sushi, Inc., which has operated in Japan for over\n45 years since 1977.\n\nAll collaboration menu items, merchandise, and giveaways are\navailable while supplies last. For more information, including\nparticipating locations and full promotional details, visit\nhttps://kurasushi.com/hololiveenglish-bikkura-pon-collaboration\n\nVlog credits:\no Edited by: Vincent Deng\no Music Provided by: Haben Godefa\n\n‐‐‐‐‐‐‐‐‐‐‐‐‐‐‐ underage viewers  ‐‐‐‐‐‐‐‐‐‐‐‐‐‐‐\n▶Request from hololive production to underage viewers\nPlease search for [Request To Minors] or click on the link below, to read it and enjoy the video\nhttps://hololivepro.com/en/request-to-minors/\n\n‐‐‐‐‐‐‐‐‐‐‐‐‐‐‐ Fan Work Guidelines  ‐‐‐‐‐‐‐‐‐‐‐‐‐‐‐\nhttps://en.hololive.tv/terms\n\n‐‐‐‐‐‐‐‐‐‐‐‐‐‐‐ Holoschedule  ‐‐‐‐‐‐‐‐‐‐‐‐‐‐‐\nhttps://schedule.hololive.tv/#hololive\n\n‐‐‐‐‐‐‐‐‐‐‐‐‐‐‐  Official Online Shop  ‐‐‐‐‐‐‐‐‐‐‐‐‐‐‐\nhttps://shop.hololivepro.com/en\n\n‐‐‐‐‐‐‐‐‐‐‐‐‐‐‐  Hololive Production  ‐‐‐‐‐‐‐‐‐‐‐‐‐‐‐\n・Hololive English YouTube Channel: https://t.co/LcYDgFF9V0?amp=1\n・Hololive Production Official Twitter: https://twitter.com/hololivetv\n・Hololive English Official Twitter: https://twitter.com/hololive_En\n・Hololive English Official Reddit: https://www.reddit.com/r/Hololive\n_________________________________________________________\n\n#hololiveEnglish #holoJustice"
        }
      },
      "liveStreamingDetails": {
        "actualStartTime": "2025-06-29T20:02:54Z",
        "scheduledStartTime": "2025-06-29T20:00:00Z",
        "concurrentViewers": "9168",
        "activeLiveChatId": "Cg0KCzVFSWpmeV9pa0tvKicKGFVDREhBQmlqdlBCbkptN0YtS2xOTUUzdxILNUVJamZ5X2lrS28"
      }
    }
  ],
  "pageInfo": {
    "totalResults": 1,
    "resultsPerPage": 1
  }
}

2025-06-29 22:45:17.042 +02:00 [INF] [API] channelResponse: {
  "kind": "youtube#channelListResponse",
  "etag": "O7dsuaMTto4gStVhrICDcT2Uimk",
  "pageInfo": {
    "totalResults": 1,
    "resultsPerPage": 5
  },
  "items": [
    {
      "kind": "youtube#channel",
      "etag": "gHU_7Ru2UjDWpvtkwmapEF1y-O4",
      "id": "UCDHABijvPBnJm7F-KlNME3w",
      "snippet": {
        "title": "Gigi Murin Ch. hololive-EN",
        "description": "\nfree-spirited Chaser and mischievous gremlin!\n*chases u cutely* 👧\n\n-------------------------------------------\n\nFan letters and Gifts\nAddress\nPresent for: Gigi Murin\nCOVER Corporation\nNet Depot Shin-Itabashi\n1-6-1 Kaga\nItabashi-ku, Tokyo\nJapan\nPostal/Zip Code: 173-0003\n\n-----------------------------------\nRequest from hololive production to underage viewers:\nPlease be sure to check the link below before viewing our content.\nhttps://en.hololive.tv/request-to-minors\n",
        "customUrl": "@holoen_gigimurin",
        "publishedAt": "2024-04-03T06:09:35.23051Z",
        "thumbnails": {
          "default": {
            "url": "https://yt3.ggpht.com/VTrjE6XoUY0QRq9VgwPIADiUA1S2FYPvJ7qRpUpgix8JLiU-mjKwEtADjS35w9C21Yarxk9kKA=s88-c-k-c0x00ffffff-no-rj",
            "width": 88,
            "height": 88
          },
          "medium": {
            "url": "https://yt3.ggpht.com/VTrjE6XoUY0QRq9VgwPIADiUA1S2FYPvJ7qRpUpgix8JLiU-mjKwEtADjS35w9C21Yarxk9kKA=s240-c-k-c0x00ffffff-no-rj",
            "width": 240,
            "height": 240
          },
          "high": {
            "url": "https://yt3.ggpht.com/VTrjE6XoUY0QRq9VgwPIADiUA1S2FYPvJ7qRpUpgix8JLiU-mjKwEtADjS35w9C21Yarxk9kKA=s800-c-k-c0x00ffffff-no-rj",
            "width": 800,
            "height": 800
          }
        },
        "localized": {
          "title": "Gigi Murin Ch. hololive-EN",
          "description": "\nfree-spirited Chaser and mischievous gremlin!\n*chases u cutely* 👧\n\n-------------------------------------------\n\nFan letters and Gifts\nAddress\nPresent for: Gigi Murin\nCOVER Corporation\nNet Depot Shin-Itabashi\n1-6-1 Kaga\nItabashi-ku, Tokyo\nJapan\nPostal/Zip Code: 173-0003\n\n-----------------------------------\nRequest from hololive production to underage viewers:\nPlease be sure to check the link below before viewing our content.\nhttps://en.hololive.tv/request-to-minors\n"
        },
        "country": "JP"
      }
    }
  ]
}

2025-06-29 22:45:17.106 +02:00 [INF] Exécution de streamlink avec les arguments : -j https://www.youtube.com/watch?v=5EIjfy_ikKo best
2025-06-29 22:45:17.108 +02:00 [INF] Processus streamlink démarré
2025-06-29 22:45:18.775 +02:00 [INF] Processus streamlink terminé avec le code : 0
2025-06-29 22:45:18.776 +02:00 [INF] Sortie Streamlink (JSON) : {
  "type": "hls",
  "url": "https://manifest.googlevideo.com/api/manifest/hls_playlist/expire/1751251546/ei/-qVhaLGTMf2Ep-oPm5iAGQ/ip/2a01:e0a:8f1:aac0:53b:a603:3714:1c77/id/5EIjfy_ikKo.1/itag/301/source/yt_live_broadcast/requiressl/yes/ratebypass/yes/live/1/sgoap/gir%3Dyes%3Bitag%3D140/sgovp/gir%3Dyes%3Bitag%3D299/rqh/1/hls_chunk_host/rr5---sn-25ge7nzz.googlevideo.com/xpc/EgVo2aDSNQ%3D%3D/bui/AY1jyLNrgWmuc9i2ZssClZLvKXsGMhxCn05yTCRq_Gwuf4pFfryIfN-Qtf7km_PjQQU8ZhSoS_UYOU-Z/spc/l3OVKXop0e36BcmJOJPTUxt1MeFDO685Mx_X-mmWz6njdZHKo1MIDBaPacP5U6w2rFGnXbmCVNg/vprv/1/playlist_type/LIVE/initcwndbps/1968750/met/1751229947,/mh/4y/mm/44/mn/sn-25ge7nzz/ms/lva/mv/m/mvi/5/pl/45/rms/lva,lva/dover/11/pacing/0/keepalive/yes/fexp/51355912/mt/1751228916/sparams/expire,ei,ip,id,itag,source,requiressl,ratebypass,live,sgoap,sgovp,rqh,xpc,bui,spc,vprv,playlist_type/sig/AJfQdSswRAIgC32iJslqUOov86IsAnyOGMVUOWX33SntF3SXQSjNcKUCICc6DUR5va6AaY9CIdyBDPPFFytzzoSF7oYoOmayK3eo/lsparams/hls_chunk_host,initcwndbps,met,mh,mm,mn,ms,mv,mvi,pl,rms/lsig/APaTxxMwRQIhAPIgHZZEQ0dasKQ3qWOazSYnuXkvEZosiOFQ-XjfVQVyAiAoGutEhAE7wlPzDA3U9NGRlm8qFrXT6hDlmWEROMG9tA%3D%3D/playlist/index.m3u8",
  "headers": {
    "User-Agent": "Mozilla/5.0 (Windows NT 10.0; Win64; x64) AppleWebKit/537.36 (KHTML, like Gecko) Chrome/134.0.0.0 Safari/537.36",
    "Accept-Encoding": "gzip, deflate, br, zstd",
    "Accept": "*/*",
    "Connection": "keep-alive"
  },
  "master": "https://manifest.googlevideo.com/api/manifest/hls_variant/expire/1751251546/ei/-qVhaLGTMf2Ep-oPm5iAGQ/ip/2a01%3Ae0a%3A8f1%3Aaac0%3A53b%3Aa603%3A3714%3A1c77/id/5EIjfy_ikKo.1/source/yt_live_broadcast/requiressl/yes/xpc/EgVo2aDSNQ%3D%3D/hfr/1/maudio/1/bui/AY1jyLNrgWmuc9i2ZssClZLvKXsGMhxCn05yTCRq_Gwuf4pFfryIfN-Qtf7km_PjQQU8ZhSoS_UYOU-Z/spc/l3OVKXop0e36BcmJOJPTUxt1MeFDO685Mx_X-mmWz6njdZHKo1MIDBaPacP5U6w2rFGnXbmCVNg/vprv/1/go/1/rqh/5/pacing/0/nvgoi/1/ncsapi/1/keepalive/yes/fexp/51355912/dover/11/itag/0/playlist_type/LIVE/sparams/expire%2Cei%2Cip%2Cid%2Csource%2Crequiressl%2Cxpc%2Chfr%2Cmaudio%2Cbui%2Cspc%2Cvprv%2Cgo%2Crqh%2Citag%2Cplaylist_type/sig/AJfQdSswRgIhAN8qeWtifccwKUBLuOuUuZx362I35JMBZrB44EfJS0j-AiEAmbqI_wZWwmMEThqpp7r1xfalRLoJoOyCyu-6kq3_J6I%3D/file/index.m3u8",
  "metadata": {
    "id": "5EIjfy_ikKo",
    "author": "Gigi Murin Ch. hololive-EN",
    "category": "Gaming",
    "title": "Kura Revolving Sushi Bar x hololive English Collab! #sponsored"
  }
}

2025-06-29 22:45:18.780 +02:00 [INF] Récupération de l'URL du stream pour https://www.youtube.com/watch?v=5EIjfy_ikKo
2025-06-29 22:45:21.164 +02:00 [INF] IsMonitoring a changé: True
2025-06-29 22:45:21.165 +02:00 [INF] CanStopMonitoring est évalué. IsMonitoring: True
2025-06-29 22:45:21.165 +02:00 [INF] CanStartMonitoring après changement: False
2025-06-29 22:45:21.165 +02:00 [INF] CanStopMonitoring est évalué. IsMonitoring: True
2025-06-29 22:45:21.165 +02:00 [INF] CanStopMonitoring après changement: True
2025-06-29 22:45:21.167 +02:00 [INF] Démarrage de l'enregistrement pour @holoen_gigimurin sur YouTube
2025-06-29 22:45:21.168 +02:00 [INF] URL du stream : https://manifest.googlevideo.com/api/manifest/hls_playlist/expire/1751251548/ei/_KVhaOOWGeLzxN8PnIW7qQM/ip/2a01:e0a:8f1:aac0:53b:a603:3714:1c77/id/5EIjfy_ikKo.1/itag/301/source/yt_live_broadcast/requiressl/yes/ratebypass/yes/live/1/sgoap/gir%3Dyes%3Bitag%3D140/sgovp/gir%3Dyes%3Bitag%3D299/rqh/1/hls_chunk_host/rr1---sn-25glenez.googlevideo.com/xpc/EgVo2aDSNQ%3D%3D/bui/AY1jyLOA7EeOheGgnwlP2-TH9sDVf9-9uX50ifW_6pEj_Xlt5IwQA2NVdGwAjvMxC9YRId7i6ZFjGlNT/spc/l3OVKQ0GWE0puhIrcdMj29MTwItAy1uz_b718uc-nqbPywqa3oFxlDFWBek9vBilPdJDdfRfT9Y/vprv/1/playlist_type/LIVE/initcwndbps/1950000/met/1751229949,/mh/4y/mm/44/mn/sn-25glenez/ms/lva/mv/m/mvi/1/pl/45/rms/lva,lva/dover/11/pacing/0/keepalive/yes/fexp/51355912/mt/1751229638/sparams/expire,ei,ip,id,itag,source,requiressl,ratebypass,live,sgoap,sgovp,rqh,xpc,bui,spc,vprv,playlist_type/sig/AJfQdSswRQIhAL8p7WgQcBUP4Ww-iZNxyIlgpqUQKnMAZuvqknHVbJX7AiAO5rLn_nAfb6PPQxOfI3zNbofOttQPE2i1ZrjHOuJyHw%3D%3D/lsparams/hls_chunk_host,initcwndbps,met,mh,mm,mn,ms,mv,mvi,pl,rms/lsig/APaTxxMwRQIgfsTJ1YPY2kcrbhXLc1Tv1sXS7_tzty5pJniRCSiZ7tgCIQDb-bTAjVaPmjUxTm781N4QWXe7v9HkD88vHM1sSQteYA%3D%3D/playlist/index.m3u8
2025-06-29 22:45:21.168 +02:00 [INF] Chemin de sortie : C:\Users\terre\Documents\Strivea\Recordings\YouTube\@holoen_gigimurin\Temp\5EIjfy_ikKo\Kura Revolving Sushi Bar x hololive English Collab! #sponsored_20250629_224521.ts
2025-06-29 22:45:21.217 +02:00 [INF] Enregistrement démarré pour @holoen_gigimurin sur YouTube
2025-06-29 22:45:41.361 +02:00 [INF] CanStopMonitoring est évalué. IsMonitoring: True
2025-06-29 22:45:41.364 +02:00 [INF] Arrêt de l'enregistrement pour @holoen_gigimurin sur YouTube
2025-06-29 22:45:41.367 +02:00 [INF] Enregistrement terminé pour @holoen_gigimurin sur YouTube
2025-06-29 22:45:41.367 +02:00 [INF] Durée : 00:00:20
2025-06-29 22:45:41.367 +02:00 [INF] Taille du fichier : 12 MB
2025-06-29 22:45:41.369 +02:00 [INF] [CONCAT] Début de la concaténation des segments vidéo...
2025-06-29 22:45:41.371 +02:00 [INF] [CONCAT] Fichiers .ts à concaténer (1) :
2025-06-29 22:45:41.371 +02:00 [INF] [CONCAT] - C:\Users\terre\Documents\Strivea\Recordings\YouTube\@holoen_gigimurin\Temp\5EIjfy_ikKo\Kura Revolving Sushi Bar x hololive English Collab! #sponsored_20250629_224521.ts
2025-06-29 22:45:41.378 +02:00 [INF] CanStopMonitoring est évalué. IsMonitoring: True
2025-06-29 22:45:41.378 +02:00 [INF] [CONCAT] Début de la conversion en mp4...
2025-06-29 22:45:41.379 +02:00 [INF] Commande FFmpeg concat+reencode : ffmpeg -f concat -safe 0 -i "C:\Users\terre\Documents\Strivea\Recordings\YouTube\@holoen_gigimurin\Temp\5EIjfy_ikKo\TempConcat\concat.txt" -c:v libx264 -c:a aac "C:\Users\terre\Documents\Strivea\Recordings\YouTube\@holoen_gigimurin\Temp\5EIjfy_ikKo\TempConcat\output.mp4"
2025-06-29 22:45:49.832 +02:00 [ERR] FFmpeg stderr : ffmpeg version 7.1.1-essentials_build-www.gyan.dev Copyright (c) 2000-2025 the FFmpeg developers
  built with gcc 14.2.0 (Rev1, Built by MSYS2 project)
  configuration: --enable-gpl --enable-version3 --enable-static --disable-w32threads --disable-autodetect --enable-fontconfig --enable-iconv --enable-gnutls --enable-libxml2 --enable-gmp --enable-bzlib --enable-lzma --enable-zlib --enable-libsrt --enable-libssh --enable-libzmq --enable-avisynth --enable-sdl2 --enable-libwebp --enable-libx264 --enable-libx265 --enable-libxvid --enable-libaom --enable-libopenjpeg --enable-libvpx --enable-mediafoundation --enable-libass --enable-libfreetype --enable-libfribidi --enable-libharfbuzz --enable-libvidstab --enable-libvmaf --enable-libzimg --enable-amf --enable-cuda-llvm --enable-cuvid --enable-dxva2 --enable-d3d11va --enable-d3d12va --enable-ffnvcodec --enable-libvpl --enable-nvdec --enable-nvenc --enable-vaapi --enable-libgme --enable-libopenmpt --enable-libopencore-amrwb --enable-libmp3lame --enable-libtheora --enable-libvo-amrwbenc --enable-libgsm --enable-libopencore-amrnb --enable-libopus --enable-libspeex --enable-libvorbis --enable-librubberband
  libavutil      59. 39.100 / 59. 39.100
  libavcodec     61. 19.101 / 61. 19.101
  libavformat    61.  7.100 / 61.  7.100
  libavdevice    61.  3.100 / 61.  3.100
  libavfilter    10.  4.100 / 10.  4.100
  libswscale      8.  3.100 /  8.  3.100
  libswresample   5.  3.100 /  5.  3.100
  libpostproc    58.  3.100 / 58.  3.100
[mpegts @ 000002af38af0440] PES packet size mismatch
[mpegts @ 000002af38af0440] Packet corrupt (stream = 1, dts = 233547815).
Input #0, concat, from 'C:\Users\terre\Documents\Strivea\Recordings\YouTube\@holoen_gigimurin\Temp\5EIjfy_ikKo\TempConcat\concat.txt':
  Duration: N/A, start: 0.000000, bitrate: 131 kb/s
  Stream #0:0: Audio: aac (LC) ([15][0][0][0] / 0x000F), 44100 Hz, stereo, fltp, 131 kb/s
  Stream #0:1: Video: h264 (Main) ([27][0][0][0] / 0x001B), yuv420p(tv, bt709, progressive), 1920x1080 [SAR 1:1 DAR 16:9], 59.94 fps, 59.94 tbr, 90k tbn
Stream mapping:
  Stream #0:1 -> #0:0 (h264 (native) -> h264 (libx264))
  Stream #0:0 -> #0:1 (aac (native) -> aac (native))
Press [q] to stop, [?] for help
[libx264 @ 000002af38d7f040] using SAR=1/1
[libx264 @ 000002af38d7f040] using cpu capabilities: MMX2 SSE2Fast SSSE3 SSE4.2 AVX FMA3 BMI2 AVX2 AVX512
[libx264 @ 000002af38d7f040] profile High, level 4.2, 4:2:0, 8-bit
[libx264 @ 000002af38d7f040] 264 - core 164 r3204 373697b - H.264/MPEG-4 AVC codec - Copyleft 2003-2025 - http://www.videolan.org/x264.html - options: cabac=1 ref=3 deblock=1:0:0 analyse=0x3:0x113 me=hex subme=7 psy=1 psy_rd=1.00:0.00 mixed_ref=1 me_range=16 chroma_me=1 trellis=1 8x8dct=1 cqm=0 deadzone=21,11 fast_pskip=1 chroma_qp_offset=-2 threads=24 lookahead_threads=4 sliced_threads=0 nr=0 decimate=1 interlaced=0 bluray_compat=0 constrained_intra=0 bframes=3 b_pyramid=2 b_adapt=1 b_bias=0 direct=1 weightb=1 open_gop=0 weightp=2 keyint=250 keyint_min=25 scenecut=40 intra_refresh=0 rc_lookahead=40 rc=crf mbtree=1 crf=23.0 qcomp=0.60 qpmin=0 qpmax=69 qpstep=4 ip_ratio=1.40 aq=1:1.00
Output #0, mp4, to 'C:\Users\terre\Documents\Strivea\Recordings\YouTube\@holoen_gigimurin\Temp\5EIjfy_ikKo\TempConcat\output.mp4':
  Metadata:
    encoder         : Lavf61.7.100
  Stream #0:0: Video: h264 (avc1 / 0x31637661), yuv420p(tv, bt709, progressive), 1920x1080 [SAR 1:1 DAR 16:9], q=2-31, 59.94 fps, 60k tbn
      Metadata:
        encoder         : Lavc61.19.101 libx264
      Side data:
        cpb: bitrate max/min/avg: 0/0/0 buffer size: 0 vbv_delay: N/A
  Stream #0:1: Audio: aac (LC) (mp4a / 0x6134706D), 44100 Hz, stereo, fltp, 128 kb/s
      Metadata:
        encoder         : Lavc61.19.101 aac
frame=   18 fps=0.0 q=31.0 size=       0KiB time=00:00:00.26 bitrate=   1.4kbits/s speed=0.523x    
frame=   93 fps= 91 q=31.0 size=     768KiB time=00:00:01.51 bitrate=4144.3kbits/s speed=1.48x    
frame=  173 fps=112 q=31.0 size=    1280KiB time=00:00:02.85 bitrate=3675.7kbits/s speed=1.85x    
frame=  244 fps=119 q=31.0 size=    1792KiB time=00:00:04.03 bitrate=3636.1kbits/s speed=1.96x    
frame=  328 fps=127 q=31.0 size=    2560KiB time=00:00:05.43 bitrate=3856.0kbits/s speed=2.11x    
frame=  412 fps=133 q=31.0 size=    3328KiB time=00:00:06.84 bitrate=3985.8kbits/s speed=2.21x    
frame=  486 fps=135 q=31.0 size=    3840KiB time=00:00:08.07 bitrate=3895.8kbits/s speed=2.24x    
frame=  569 fps=138 q=31.0 size=    4608KiB time=00:00:09.45 bitrate=3990.6kbits/s speed=2.29x    
frame=  649 fps=140 q=31.0 size=    5376KiB time=00:00:10.79 bitrate=4080.1kbits/s speed=2.33x    
frame=  727 fps=141 q=31.0 size=    6144KiB time=00:00:12.09 bitrate=4161.2kbits/s speed=2.35x    
frame=  804 fps=142 q=31.0 size=    7168KiB time=00:00:13.38 bitrate=4388.7kbits/s speed=2.36x    
frame=  895 fps=145 q=31.0 size=    7680KiB time=00:00:14.89 bitrate=4223.0kbits/s speed=2.41x    
frame=  977 fps=146 q=31.0 size=    8448KiB time=00:00:16.26 bitrate=4254.6kbits/s speed=2.43x    
frame= 1062 fps=147 q=31.0 size=    9216KiB time=00:00:17.68 bitrate=4269.2kbits/s speed=2.45x    
[mpegts @ 000002af38af0440] PES packet size mismatch
[mpegts @ 000002af38af0440] Packet corrupt (stream = 1, dts = 233547815).
[concat @ 000002af38aeef80] Packet corrupt (stream = 1, dts = 1886167).
[in#0/concat @ 000002af38af2d40] corrupt input packet in stream 1
frame= 1146 fps=148 q=31.0 size=    9984KiB time=00:00:19.08 bitrate=4285.4kbits/s speed=2.47x    
[h264 @ 000002af396bf8c0] error while decoding MB 30 39, bytestream -5
[h264 @ 000002af396bf8c0] concealing 3499 DC, 3499 AC, 3499 MV errors in P frame
[vist#0:1/h264 @ 000002af397e7940] [dec:h264 @ 000002af38d80000] corrupt decoded frame
frame= 1257 fps=152 q=-1.0 size=   10752KiB time=N/A bitrate=N/A speed=N/A    
[out#0/mp4 @ 000002af3921ef00] video:10652KiB audio:343KiB subtitle:0KiB other streams:0KiB global headers:0KiB muxing overhead: 0.318737%
frame= 1258 fps=153 q=-1.0 Lsize=   11030KiB time=00:00:20.95 bitrate=4312.2kbits/s speed=2.54x    
[libx264 @ 000002af38d7f040] frame I:6     Avg QP:19.24  size:128822
[libx264 @ 000002af38d7f040] frame P:317   Avg QP:24.08  size: 21188
[libx264 @ 000002af38d7f040] frame B:935   Avg QP:28.87  size:  3655
[libx264 @ 000002af38d7f040] consecutive B-frames:  0.9%  0.0%  0.2% 98.9%
[libx264 @ 000002af38d7f040] mb I  I16..4: 22.6% 43.9% 33.5%
[libx264 @ 000002af38d7f040] mb P  I16..4:  0.6%  1.2%  0.5%  P16..4: 29.5% 10.6%  5.9%  0.0%  0.0%    skip:51.8%
[libx264 @ 000002af38d7f040] mb B  I16..4:  0.0%  0.0%  0.1%  B16..8: 27.2%  1.4%  0.2%  direct: 0.2%  skip:70.8%  L0:50.3% L1:47.0% BI: 2.7%
[libx264 @ 000002af38d7f040] 8x8 transform intra:47.4% inter:64.9%
[libx264 @ 000002af38d7f040] coded y,uvDC,uvAC intra: 43.2% 52.0% 27.1% inter: 3.7% 3.9% 0.3%
[libx264 @ 000002af38d7f040] i16 v,h,dc,p: 62% 15% 14%  8%
[libx264 @ 000002af38d7f040] i8 v,h,dc,ddl,ddr,vr,hd,vl,hu: 25% 13% 35%  4%  4%  6%  4%  5%  4%
[libx264 @ 000002af38d7f040] i4 v,h,dc,ddl,ddr,vr,hd,vl,hu: 31% 12% 14%  6%  9% 12%  6%  7%  4%
[libx264 @ 000002af38d7f040] i8c dc,h,v,p: 53% 17% 24%  6%
[libx264 @ 000002af38d7f040] Weighted P-Frames: Y:0.3% UV:0.0%
[libx264 @ 000002af38d7f040] ref P L0: 64.3% 10.5% 21.0%  4.1%  0.0%
[libx264 @ 000002af38d7f040] ref B L0: 93.8%  5.3%  0.9%
[libx264 @ 000002af38d7f040] ref B L1: 97.8%  2.2%
[libx264 @ 000002af38d7f040] kb/s:4157.50
[aac @ 000002af38b88e00] Qavg: 997.315

2025-06-29 22:45:49.835 +02:00 [INF] FFmpeg terminé avec code 0
2025-06-29 22:45:49.835 +02:00 [INF] FFmpeg concat+reencode result: 
[stderr]
ffmpeg version 7.1.1-essentials_build-www.gyan.dev Copyright (c) 2000-2025 the FFmpeg developers
  built with gcc 14.2.0 (Rev1, Built by MSYS2 project)
  configuration: --enable-gpl --enable-version3 --enable-static --disable-w32threads --disable-autodetect --enable-fontconfig --enable-iconv --enable-gnutls --enable-libxml2 --enable-gmp --enable-bzlib --enable-lzma --enable-zlib --enable-libsrt --enable-libssh --enable-libzmq --enable-avisynth --enable-sdl2 --enable-libwebp --enable-libx264 --enable-libx265 --enable-libxvid --enable-libaom --enable-libopenjpeg --enable-libvpx --enable-mediafoundation --enable-libass --enable-libfreetype --enable-libfribidi --enable-libharfbuzz --enable-libvidstab --enable-libvmaf --enable-libzimg --enable-amf --enable-cuda-llvm --enable-cuvid --enable-dxva2 --enable-d3d11va --enable-d3d12va --enable-ffnvcodec --enable-libvpl --enable-nvdec --enable-nvenc --enable-vaapi --enable-libgme --enable-libopenmpt --enable-libopencore-amrwb --enable-libmp3lame --enable-libtheora --enable-libvo-amrwbenc --enable-libgsm --enable-libopencore-amrnb --enable-libopus --enable-libspeex --enable-libvorbis --enable-librubberband
  libavutil      59. 39.100 / 59. 39.100
  libavcodec     61. 19.101 / 61. 19.101
  libavformat    61.  7.100 / 61.  7.100
  libavdevice    61.  3.100 / 61.  3.100
  libavfilter    10.  4.100 / 10.  4.100
  libswscale      8.  3.100 /  8.  3.100
  libswresample   5.  3.100 /  5.  3.100
  libpostproc    58.  3.100 / 58.  3.100
[mpegts @ 000002af38af0440] PES packet size mismatch
[mpegts @ 000002af38af0440] Packet corrupt (stream = 1, dts = 233547815).
Input #0, concat, from 'C:\Users\terre\Documents\Strivea\Recordings\YouTube\@holoen_gigimurin\Temp\5EIjfy_ikKo\TempConcat\concat.txt':
  Duration: N/A, start: 0.000000, bitrate: 131 kb/s
  Stream #0:0: Audio: aac (LC) ([15][0][0][0] / 0x000F), 44100 Hz, stereo, fltp, 131 kb/s
  Stream #0:1: Video: h264 (Main) ([27][0][0][0] / 0x001B), yuv420p(tv, bt709, progressive), 1920x1080 [SAR 1:1 DAR 16:9], 59.94 fps, 59.94 tbr, 90k tbn
Stream mapping:
  Stream #0:1 -> #0:0 (h264 (native) -> h264 (libx264))
  Stream #0:0 -> #0:1 (aac (native) -> aac (native))
Press [q] to stop, [?] for help
[libx264 @ 000002af38d7f040] using SAR=1/1
[libx264 @ 000002af38d7f040] using cpu capabilities: MMX2 SSE2Fast SSSE3 SSE4.2 AVX FMA3 BMI2 AVX2 AVX512
[libx264 @ 000002af38d7f040] profile High, level 4.2, 4:2:0, 8-bit
[libx264 @ 000002af38d7f040] 264 - core 164 r3204 373697b - H.264/MPEG-4 AVC codec - Copyleft 2003-2025 - http://www.videolan.org/x264.html - options: cabac=1 ref=3 deblock=1:0:0 analyse=0x3:0x113 me=hex subme=7 psy=1 psy_rd=1.00:0.00 mixed_ref=1 me_range=16 chroma_me=1 trellis=1 8x8dct=1 cqm=0 deadzone=21,11 fast_pskip=1 chroma_qp_offset=-2 threads=24 lookahead_threads=4 sliced_threads=0 nr=0 decimate=1 interlaced=0 bluray_compat=0 constrained_intra=0 bframes=3 b_pyramid=2 b_adapt=1 b_bias=0 direct=1 weightb=1 open_gop=0 weightp=2 keyint=250 keyint_min=25 scenecut=40 intra_refresh=0 rc_lookahead=40 rc=crf mbtree=1 crf=23.0 qcomp=0.60 qpmin=0 qpmax=69 qpstep=4 ip_ratio=1.40 aq=1:1.00
Output #0, mp4, to 'C:\Users\terre\Documents\Strivea\Recordings\YouTube\@holoen_gigimurin\Temp\5EIjfy_ikKo\TempConcat\output.mp4':
  Metadata:
    encoder         : Lavf61.7.100
  Stream #0:0: Video: h264 (avc1 / 0x31637661), yuv420p(tv, bt709, progressive), 1920x1080 [SAR 1:1 DAR 16:9], q=2-31, 59.94 fps, 60k tbn
      Metadata:
        encoder         : Lavc61.19.101 libx264
      Side data:
        cpb: bitrate max/min/avg: 0/0/0 buffer size: 0 vbv_delay: N/A
  Stream #0:1: Audio: aac (LC) (mp4a / 0x6134706D), 44100 Hz, stereo, fltp, 128 kb/s
      Metadata:
        encoder         : Lavc61.19.101 aac
frame=   18 fps=0.0 q=31.0 size=       0KiB time=00:00:00.26 bitrate=   1.4kbits/s speed=0.523x    
frame=   93 fps= 91 q=31.0 size=     768KiB time=00:00:01.51 bitrate=4144.3kbits/s speed=1.48x    
frame=  173 fps=112 q=31.0 size=    1280KiB time=00:00:02.85 bitrate=3675.7kbits/s speed=1.85x    
frame=  244 fps=119 q=31.0 size=    1792KiB time=00:00:04.03 bitrate=3636.1kbits/s speed=1.96x    
frame=  328 fps=127 q=31.0 size=    2560KiB time=00:00:05.43 bitrate=3856.0kbits/s speed=2.11x    
frame=  412 fps=133 q=31.0 size=    3328KiB time=00:00:06.84 bitrate=3985.8kbits/s speed=2.21x    
frame=  486 fps=135 q=31.0 size=    3840KiB time=00:00:08.07 bitrate=3895.8kbits/s speed=2.24x    
frame=  569 fps=138 q=31.0 size=    4608KiB time=00:00:09.45 bitrate=3990.6kbits/s speed=2.29x    
frame=  649 fps=140 q=31.0 size=    5376KiB time=00:00:10.79 bitrate=4080.1kbits/s speed=2.33x    
frame=  727 fps=141 q=31.0 size=    6144KiB time=00:00:12.09 bitrate=4161.2kbits/s speed=2.35x    
frame=  804 fps=142 q=31.0 size=    7168KiB time=00:00:13.38 bitrate=4388.7kbits/s speed=2.36x    
frame=  895 fps=145 q=31.0 size=    7680KiB time=00:00:14.89 bitrate=4223.0kbits/s speed=2.41x    
frame=  977 fps=146 q=31.0 size=    8448KiB time=00:00:16.26 bitrate=4254.6kbits/s speed=2.43x    
frame= 1062 fps=147 q=31.0 size=    9216KiB time=00:00:17.68 bitrate=4269.2kbits/s speed=2.45x    
[mpegts @ 000002af38af0440] PES packet size mismatch
[mpegts @ 000002af38af0440] Packet corrupt (stream = 1, dts = 233547815).
[concat @ 000002af38aeef80] Packet corrupt (stream = 1, dts = 1886167).
[in#0/concat @ 000002af38af2d40] corrupt input packet in stream 1
frame= 1146 fps=148 q=31.0 size=    9984KiB time=00:00:19.08 bitrate=4285.4kbits/s speed=2.47x    
[h264 @ 000002af396bf8c0] error while decoding MB 30 39, bytestream -5
[h264 @ 000002af396bf8c0] concealing 3499 DC, 3499 AC, 3499 MV errors in P frame
[vist#0:1/h264 @ 000002af397e7940] [dec:h264 @ 000002af38d80000] corrupt decoded frame
frame= 1257 fps=152 q=-1.0 size=   10752KiB time=N/A bitrate=N/A speed=N/A    
[out#0/mp4 @ 000002af3921ef00] video:10652KiB audio:343KiB subtitle:0KiB other streams:0KiB global headers:0KiB muxing overhead: 0.318737%
frame= 1258 fps=153 q=-1.0 Lsize=   11030KiB time=00:00:20.95 bitrate=4312.2kbits/s speed=2.54x    
[libx264 @ 000002af38d7f040] frame I:6     Avg QP:19.24  size:128822
[libx264 @ 000002af38d7f040] frame P:317   Avg QP:24.08  size: 21188
[libx264 @ 000002af38d7f040] frame B:935   Avg QP:28.87  size:  3655
[libx264 @ 000002af38d7f040] consecutive B-frames:  0.9%  0.0%  0.2% 98.9%
[libx264 @ 000002af38d7f040] mb I  I16..4: 22.6% 43.9% 33.5%
[libx264 @ 000002af38d7f040] mb P  I16..4:  0.6%  1.2%  0.5%  P16..4: 29.5% 10.6%  5.9%  0.0%  0.0%    skip:51.8%
[libx264 @ 000002af38d7f040] mb B  I16..4:  0.0%  0.0%  0.1%  B16..8: 27.2%  1.4%  0.2%  direct: 0.2%  skip:70.8%  L0:50.3% L1:47.0% BI: 2.7%
[libx264 @ 000002af38d7f040] 8x8 transform intra:47.4% inter:64.9%
[libx264 @ 000002af38d7f040] coded y,uvDC,uvAC intra: 43.2% 52.0% 27.1% inter: 3.7% 3.9% 0.3%
[libx264 @ 000002af38d7f040] i16 v,h,dc,p: 62% 15% 14%  8%
[libx264 @ 000002af38d7f040] i8 v,h,dc,ddl,ddr,vr,hd,vl,hu: 25% 13% 35%  4%  4%  6%  4%  5%  4%
[libx264 @ 000002af38d7f040] i4 v,h,dc,ddl,ddr,vr,hd,vl,hu: 31% 12% 14%  6%  9% 12%  6%  7%  4%
[libx264 @ 000002af38d7f040] i8c dc,h,v,p: 53% 17% 24%  6%
[libx264 @ 000002af38d7f040] Weighted P-Frames: Y:0.3% UV:0.0%
[libx264 @ 000002af38d7f040] ref P L0: 64.3% 10.5% 21.0%  4.1%  0.0%
[libx264 @ 000002af38d7f040] ref B L0: 93.8%  5.3%  0.9%
[libx264 @ 000002af38d7f040] ref B L1: 97.8%  2.2%
[libx264 @ 000002af38d7f040] kb/s:4157.50
[aac @ 000002af38b88e00] Qavg: 997.315

2025-06-29 22:45:49.836 +02:00 [INF] [CONCAT] Déplacement du fichier final vers : C:\Users\terre\Documents\Strivea\Recordings\YouTube\@holoen_gigimurin\Kura Revolving Sushi Bar x hololive English Collab! #sponsored.mp4
2025-06-29 22:45:49.837 +02:00 [INF] [CONCAT] Fichier final déplacé vers : C:\Users\terre\Documents\Strivea\Recordings\YouTube\@holoen_gigimurin\Kura Revolving Sushi Bar x hololive English Collab! #sponsored.mp4
2025-06-29 22:45:49.837 +02:00 [INF] [CONCAT] Concaténation et conversion terminées avec succès.
2025-06-29 22:45:49.839 +02:00 [INF] CanStopMonitoring est évalué. IsMonitoring: True
2025-06-29 22:45:49.841 +02:00 [INF] IsMonitoring a changé: False
2025-06-29 22:45:49.841 +02:00 [INF] CanStopMonitoring est évalué. IsMonitoring: False
2025-06-29 22:45:49.841 +02:00 [INF] CanStartMonitoring après changement: True
2025-06-29 22:45:49.841 +02:00 [INF] CanStopMonitoring est évalué. IsMonitoring: False
2025-06-29 22:45:49.841 +02:00 [INF] CanStopMonitoring après changement: False
2025-06-29 22:45:49.841 +02:00 [INF] [DEBUG] IsMonitoring forcé à False dans finally StopMonitoringAsync
2025-06-29 22:45:49.841 +02:00 [INF] CanStopMonitoring est évalué. IsMonitoring: False
2025-06-29 22:48:16.743 +02:00 [INF] Démarrage de l'application...
2025-06-29 22:48:16.781 +02:00 [INF] Initialisation de l'application...
2025-06-29 22:48:16.832 +02:00 [INF] Initialisation du framework terminée...
2025-06-29 22:48:16.832 +02:00 [INF] Application Avalonia construite
2025-06-29 22:48:16.833 +02:00 [INF] Configuration des services...
2025-06-29 22:48:16.842 +02:00 [INF] Construction du conteneur DI...
2025-06-29 22:48:17.193 +02:00 [INF] Démarrage de l'application...
2025-06-29 22:48:17.282 +02:00 [INF] Initialisation du framework terminée...
2025-06-29 22:48:17.638 +02:00 [INF] YouTubeStreamDetector initialisé
2025-06-29 22:48:17.641 +02:00 [INF] MainViewModel initialisé
2025-06-29 22:48:17.644 +02:00 [INF] CanStartMonitoring après changement: True
2025-06-29 22:48:17.644 +02:00 [INF] CanStopMonitoring est évalué. IsMonitoring: False
2025-06-29 22:48:17.644 +02:00 [INF] CanStopMonitoring après changement: False
2025-06-29 22:48:17.661 +02:00 [INF] CanStopMonitoring est évalué. IsMonitoring: False
2025-06-29 22:48:17.665 +02:00 [INF] Application démarrée avec succès
2025-06-29 22:48:20.332 +02:00 [INF] Début de la récupération des informations du stream YouTube pour : https://www.youtube.com/watch?v=5EIjfy_ikKo
2025-06-29 22:48:20.500 +02:00 [INF] [API] videoResponse: {
  "kind": "youtube#videoListResponse",
  "etag": "2YfMTzGgw7GJdRI3KLlcZN5w0F0",
  "items": [
    {
      "kind": "youtube#video",
      "etag": "aJM54uS2Pr8DImSMwUVsVQ8wmQM",
      "id": "5EIjfy_ikKo",
      "snippet": {
        "publishedAt": "2025-06-29T09:59:15Z",
        "channelId": "UCDHABijvPBnJm7F-KlNME3w",
        "title": "Kura Revolving Sushi Bar x hololive English Collab! #sponsored",
        "description": "#sponsored #hololiveenglish #kurasushi_usa #revolvingsushi #conveyorbeltsushi\n@OuroKronii @NinomaeInanis \n\nKura’s X link: https://x.com/kurasushi_usa?lang=en\nKura’s Insta Link: https://www.instagram.com/kurasushi_usa/?hl=en\n\nAbout Kura Sushi USA, Inc.\nKura Sushi USA, Inc. is a technology-enabled Japanese restaurant concept\nwith over 76 locations across the United States. Known for its revolving\nsushi bar experience and commitment to quality ingredients, Kura Sushi\nUSA is a subsidiary of Kura Sushi, Inc., which has operated in Japan for over\n45 years since 1977.\n\nAll collaboration menu items, merchandise, and giveaways are\navailable while supplies last. For more information, including\nparticipating locations and full promotional details, visit\nhttps://kurasushi.com/hololiveenglish-bikkura-pon-collaboration\n\nVlog credits:\no Edited by: Vincent Deng\no Music Provided by: Haben Godefa\n\n‐‐‐‐‐‐‐‐‐‐‐‐‐‐‐ underage viewers  ‐‐‐‐‐‐‐‐‐‐‐‐‐‐‐\n▶Request from hololive production to underage viewers\nPlease search for [Request To Minors] or click on the link below, to read it and enjoy the video\nhttps://hololivepro.com/en/request-to-minors/\n\n‐‐‐‐‐‐‐‐‐‐‐‐‐‐‐ Fan Work Guidelines  ‐‐‐‐‐‐‐‐‐‐‐‐‐‐‐\nhttps://en.hololive.tv/terms\n\n‐‐‐‐‐‐‐‐‐‐‐‐‐‐‐ Holoschedule  ‐‐‐‐‐‐‐‐‐‐‐‐‐‐‐\nhttps://schedule.hololive.tv/#hololive\n\n‐‐‐‐‐‐‐‐‐‐‐‐‐‐‐  Official Online Shop  ‐‐‐‐‐‐‐‐‐‐‐‐‐‐‐\nhttps://shop.hololivepro.com/en\n\n‐‐‐‐‐‐‐‐‐‐‐‐‐‐‐  Hololive Production  ‐‐‐‐‐‐‐‐‐‐‐‐‐‐‐\n・Hololive English YouTube Channel: https://t.co/LcYDgFF9V0?amp=1\n・Hololive Production Official Twitter: https://twitter.com/hololivetv\n・Hololive English Official Twitter: https://twitter.com/hololive_En\n・Hololive English Official Reddit: https://www.reddit.com/r/Hololive\n_________________________________________________________\n\n#hololiveEnglish #holoJustice",
        "thumbnails": {
          "default": {
            "url": "https://i.ytimg.com/vi/5EIjfy_ikKo/default_live.jpg",
            "width": 120,
            "height": 90
          },
          "medium": {
            "url": "https://i.ytimg.com/vi/5EIjfy_ikKo/mqdefault_live.jpg",
            "width": 320,
            "height": 180
          },
          "high": {
            "url": "https://i.ytimg.com/vi/5EIjfy_ikKo/hqdefault_live.jpg",
            "width": 480,
            "height": 360
          },
          "standard": {
            "url": "https://i.ytimg.com/vi/5EIjfy_ikKo/sddefault_live.jpg",
            "width": 640,
            "height": 480
          },
          "maxres": {
            "url": "https://i.ytimg.com/vi/5EIjfy_ikKo/maxresdefault_live.jpg",
            "width": 1280,
            "height": 720
          }
        },
        "channelTitle": "Gigi Murin Ch. hololive-EN",
        "categoryId": "20",
        "liveBroadcastContent": "live",
        "localized": {
          "title": "Kura Revolving Sushi Bar x hololive English Collab! #sponsored",
          "description": "#sponsored #hololiveenglish #kurasushi_usa #revolvingsushi #conveyorbeltsushi\n@OuroKronii @NinomaeInanis \n\nKura’s X link: https://x.com/kurasushi_usa?lang=en\nKura’s Insta Link: https://www.instagram.com/kurasushi_usa/?hl=en\n\nAbout Kura Sushi USA, Inc.\nKura Sushi USA, Inc. is a technology-enabled Japanese restaurant concept\nwith over 76 locations across the United States. Known for its revolving\nsushi bar experience and commitment to quality ingredients, Kura Sushi\nUSA is a subsidiary of Kura Sushi, Inc., which has operated in Japan for over\n45 years since 1977.\n\nAll collaboration menu items, merchandise, and giveaways are\navailable while supplies last. For more information, including\nparticipating locations and full promotional details, visit\nhttps://kurasushi.com/hololiveenglish-bikkura-pon-collaboration\n\nVlog credits:\no Edited by: Vincent Deng\no Music Provided by: Haben Godefa\n\n‐‐‐‐‐‐‐‐‐‐‐‐‐‐‐ underage viewers  ‐‐‐‐‐‐‐‐‐‐‐‐‐‐‐\n▶Request from hololive production to underage viewers\nPlease search for [Request To Minors] or click on the link below, to read it and enjoy the video\nhttps://hololivepro.com/en/request-to-minors/\n\n‐‐‐‐‐‐‐‐‐‐‐‐‐‐‐ Fan Work Guidelines  ‐‐‐‐‐‐‐‐‐‐‐‐‐‐‐\nhttps://en.hololive.tv/terms\n\n‐‐‐‐‐‐‐‐‐‐‐‐‐‐‐ Holoschedule  ‐‐‐‐‐‐‐‐‐‐‐‐‐‐‐\nhttps://schedule.hololive.tv/#hololive\n\n‐‐‐‐‐‐‐‐‐‐‐‐‐‐‐  Official Online Shop  ‐‐‐‐‐‐‐‐‐‐‐‐‐‐‐\nhttps://shop.hololivepro.com/en\n\n‐‐‐‐‐‐‐‐‐‐‐‐‐‐‐  Hololive Production  ‐‐‐‐‐‐‐‐‐‐‐‐‐‐‐\n・Hololive English YouTube Channel: https://t.co/LcYDgFF9V0?amp=1\n・Hololive Production Official Twitter: https://twitter.com/hololivetv\n・Hololive English Official Twitter: https://twitter.com/hololive_En\n・Hololive English Official Reddit: https://www.reddit.com/r/Hololive\n_________________________________________________________\n\n#hololiveEnglish #holoJustice"
        }
      },
      "liveStreamingDetails": {
        "actualStartTime": "2025-06-29T20:02:54Z",
        "scheduledStartTime": "2025-06-29T20:00:00Z",
        "concurrentViewers": "9375",
        "activeLiveChatId": "Cg0KCzVFSWpmeV9pa0tvKicKGFVDREhBQmlqdlBCbkptN0YtS2xOTUUzdxILNUVJamZ5X2lrS28"
      }
    }
  ],
  "pageInfo": {
    "totalResults": 1,
    "resultsPerPage": 1
  }
}

2025-06-29 22:48:20.562 +02:00 [INF] [API] channelResponse: {
  "kind": "youtube#channelListResponse",
  "etag": "O7dsuaMTto4gStVhrICDcT2Uimk",
  "pageInfo": {
    "totalResults": 1,
    "resultsPerPage": 5
  },
  "items": [
    {
      "kind": "youtube#channel",
      "etag": "gHU_7Ru2UjDWpvtkwmapEF1y-O4",
      "id": "UCDHABijvPBnJm7F-KlNME3w",
      "snippet": {
        "title": "Gigi Murin Ch. hololive-EN",
        "description": "\nfree-spirited Chaser and mischievous gremlin!\n*chases u cutely* 👧\n\n-------------------------------------------\n\nFan letters and Gifts\nAddress\nPresent for: Gigi Murin\nCOVER Corporation\nNet Depot Shin-Itabashi\n1-6-1 Kaga\nItabashi-ku, Tokyo\nJapan\nPostal/Zip Code: 173-0003\n\n-----------------------------------\nRequest from hololive production to underage viewers:\nPlease be sure to check the link below before viewing our content.\nhttps://en.hololive.tv/request-to-minors\n",
        "customUrl": "@holoen_gigimurin",
        "publishedAt": "2024-04-03T06:09:35.23051Z",
        "thumbnails": {
          "default": {
            "url": "https://yt3.ggpht.com/VTrjE6XoUY0QRq9VgwPIADiUA1S2FYPvJ7qRpUpgix8JLiU-mjKwEtADjS35w9C21Yarxk9kKA=s88-c-k-c0x00ffffff-no-rj",
            "width": 88,
            "height": 88
          },
          "medium": {
            "url": "https://yt3.ggpht.com/VTrjE6XoUY0QRq9VgwPIADiUA1S2FYPvJ7qRpUpgix8JLiU-mjKwEtADjS35w9C21Yarxk9kKA=s240-c-k-c0x00ffffff-no-rj",
            "width": 240,
            "height": 240
          },
          "high": {
            "url": "https://yt3.ggpht.com/VTrjE6XoUY0QRq9VgwPIADiUA1S2FYPvJ7qRpUpgix8JLiU-mjKwEtADjS35w9C21Yarxk9kKA=s800-c-k-c0x00ffffff-no-rj",
            "width": 800,
            "height": 800
          }
        },
        "localized": {
          "title": "Gigi Murin Ch. hololive-EN",
          "description": "\nfree-spirited Chaser and mischievous gremlin!\n*chases u cutely* 👧\n\n-------------------------------------------\n\nFan letters and Gifts\nAddress\nPresent for: Gigi Murin\nCOVER Corporation\nNet Depot Shin-Itabashi\n1-6-1 Kaga\nItabashi-ku, Tokyo\nJapan\nPostal/Zip Code: 173-0003\n\n-----------------------------------\nRequest from hololive production to underage viewers:\nPlease be sure to check the link below before viewing our content.\nhttps://en.hololive.tv/request-to-minors\n"
        },
        "country": "JP"
      }
    }
  ]
}

2025-06-29 22:48:20.619 +02:00 [INF] Exécution de streamlink avec les arguments : -j https://www.youtube.com/watch?v=5EIjfy_ikKo best
2025-06-29 22:48:20.622 +02:00 [INF] Processus streamlink démarré
2025-06-29 22:48:21.969 +02:00 [INF] Processus streamlink terminé avec le code : 0
2025-06-29 22:48:21.970 +02:00 [INF] Sortie Streamlink (JSON) : {
  "type": "hls",
  "url": "https://manifest.googlevideo.com/api/manifest/hls_playlist/expire/1751251730/ei/sqZhaLOKDI2u6dsPuuaTiAw/ip/2a01:e0a:8f1:aac0:53b:a603:3714:1c77/id/5EIjfy_ikKo.1/itag/301/source/yt_live_broadcast/requiressl/yes/ratebypass/yes/live/1/sgoap/gir%3Dyes%3Bitag%3D140/sgovp/gir%3Dyes%3Bitag%3D299/rqh/1/hls_chunk_host/rr5---sn-25ge7nzz.googlevideo.com/xpc/EgVo2aDSNQ%3D%3D/bui/AY1jyLNZdsXDzjYNCw4Llwrw6-joukN_btkNbDLggw3mhfhdKHuVl4UM9l_jtQosjBIwNT_IjhU_K5S-/spc/l3OVKWF3lZOJ2QXVgUp8JdCyonTYAj8alFCOVqtuCQjmHgFaZXBATmCBKWxUSigSXBPi_U97jDo/vprv/1/playlist_type/LIVE/initcwndbps/1950000/met/1751230130,/mh/4y/mm/44/mn/sn-25ge7nzz/ms/lva/mv/m/mvi/5/pl/45/rms/lva,lva/dover/11/pacing/0/keepalive/yes/fexp/51355912/mt/1751229638/sparams/expire,ei,ip,id,itag,source,requiressl,ratebypass,live,sgoap,sgovp,rqh,xpc,bui,spc,vprv,playlist_type/sig/AJfQdSswRgIhAPRpZ9YuNBuGxKwDHn31HL8CLp27yeZcucgp5mA0_j6DAiEApMq1Cj-0dKPWlVQB0AeQG4-5aqkUd_6y0IwdqHqp-tA%3D/lsparams/hls_chunk_host,initcwndbps,met,mh,mm,mn,ms,mv,mvi,pl,rms/lsig/APaTxxMwRgIhAIDvVuDIGGa7eZSxExy5dAD7RFxgJ3gaUZ2OsIS0ptYlAiEArygTHCd_EyfOPAVaiEBpTG9ygTvz_FaI_GJRP1oi09A%3D/playlist/index.m3u8",
  "headers": {
    "User-Agent": "Mozilla/5.0 (Windows NT 10.0; Win64; x64) AppleWebKit/537.36 (KHTML, like Gecko) Chrome/134.0.0.0 Safari/537.36",
    "Accept-Encoding": "gzip, deflate, br, zstd",
    "Accept": "*/*",
    "Connection": "keep-alive"
  },
  "master": "https://manifest.googlevideo.com/api/manifest/hls_variant/expire/1751251730/ei/sqZhaLOKDI2u6dsPuuaTiAw/ip/2a01%3Ae0a%3A8f1%3Aaac0%3A53b%3Aa603%3A3714%3A1c77/id/5EIjfy_ikKo.1/source/yt_live_broadcast/requiressl/yes/xpc/EgVo2aDSNQ%3D%3D/hfr/1/maudio/1/bui/AY1jyLNZdsXDzjYNCw4Llwrw6-joukN_btkNbDLggw3mhfhdKHuVl4UM9l_jtQosjBIwNT_IjhU_K5S-/spc/l3OVKWF3lZOJ2QXVgUp8JdCyonTYAj8alFCOVqtuCQjmHgFaZXBATmCBKWxUSigSXBPi_U97jDo/vprv/1/go/1/rqh/5/pacing/0/nvgoi/1/ncsapi/1/keepalive/yes/fexp/51355912/dover/11/itag/0/playlist_type/LIVE/sparams/expire%2Cei%2Cip%2Cid%2Csource%2Crequiressl%2Cxpc%2Chfr%2Cmaudio%2Cbui%2Cspc%2Cvprv%2Cgo%2Crqh%2Citag%2Cplaylist_type/sig/AJfQdSswRgIhAMH0llW2RrB9LXZD5yDCo0iC31gC8L9wbuoLKCx_gAQ2AiEA37Ea3i5BxHPHceqC_Ifel1YtEL_dFR9DXWmOAsO2FpI%3D/file/index.m3u8",
  "metadata": {
    "id": "5EIjfy_ikKo",
    "author": "Gigi Murin Ch. hololive-EN",
    "category": "Gaming",
    "title": "Kura Revolving Sushi Bar x hololive English Collab! #sponsored"
  }
}

2025-06-29 22:48:21.971 +02:00 [INF] Récupération de l'URL du stream pour https://www.youtube.com/watch?v=5EIjfy_ikKo
2025-06-29 22:48:23.538 +02:00 [INF] IsMonitoring a changé: True
2025-06-29 22:48:23.539 +02:00 [INF] CanStopMonitoring est évalué. IsMonitoring: True
2025-06-29 22:48:23.539 +02:00 [INF] CanStartMonitoring après changement: False
2025-06-29 22:48:23.539 +02:00 [INF] CanStopMonitoring est évalué. IsMonitoring: True
2025-06-29 22:48:23.539 +02:00 [INF] CanStopMonitoring après changement: True
2025-06-29 22:48:23.542 +02:00 [INF] Démarrage de l'enregistrement pour Gigi Murin Ch. hololive-EN sur YouTube
2025-06-29 22:48:23.542 +02:00 [INF] URL du stream : https://manifest.googlevideo.com/api/manifest/hls_playlist/expire/1751251731/ei/s6ZhaK6KI4aCp-oPl_P60A4/ip/2a01:e0a:8f1:aac0:53b:a603:3714:1c77/id/5EIjfy_ikKo.1/itag/301/source/yt_live_broadcast/requiressl/yes/ratebypass/yes/live/1/sgoap/gir%3Dyes%3Bitag%3D140/sgovp/gir%3Dyes%3Bitag%3D299/rqh/1/hls_chunk_host/rr5---sn-25ge7nzz.googlevideo.com/xpc/EgVo2aDSNQ%3D%3D/bui/AY1jyLMWsfpV4gc7ODeoXH2mNBtu5MtgN5y-kWjCSzny2T5dBIrIhSbfPQJ4wlYpdwGt40vO7FacgJld/spc/l3OVKc7RNE86pTgChmFF4hT7eyCd40c9LZSv3gC3ErXkCcehj18ShUuVqZeOSI2U2O2spJuDTQs/vprv/1/playlist_type/LIVE/initcwndbps/1950000/met/1751230132,/mh/4y/mm/44/mn/sn-25ge7nzz/ms/lva/mv/m/mvi/5/pl/45/rms/lva,lva/dover/11/pacing/0/keepalive/yes/fexp/51355912/mt/1751229638/sparams/expire,ei,ip,id,itag,source,requiressl,ratebypass,live,sgoap,sgovp,rqh,xpc,bui,spc,vprv,playlist_type/sig/AJfQdSswRQIhAPbjvJcibOCRKMbA798HhMAQ81PNpKZMhFS_aP4hjTuxAiAB0NVSn17KPlCFIh7O9wpI437GOx2QL0OIG5hPDnjBEw%3D%3D/lsparams/hls_chunk_host,initcwndbps,met,mh,mm,mn,ms,mv,mvi,pl,rms/lsig/APaTxxMwRAIgDL8677i03CdGdJgAKWOn1R-fcX-MOZ5x25u4eqHX948CID7oLMiIyyq6p1GzG1VKt8kmW3W7SMmqtLLBeVNQbab5/playlist/index.m3u8
2025-06-29 22:48:23.542 +02:00 [INF] Chemin de sortie : C:\Users\terre\Documents\Strivea\Recordings\YouTube\Gigi Murin Ch. hololive-EN\Temp\5EIjfy_ikKo\Kura Revolving Sushi Bar x hololive English Collab! #sponsored_20250629_224823.ts
2025-06-29 22:48:23.588 +02:00 [INF] Enregistrement démarré pour Gigi Murin Ch. hololive-EN sur YouTube
2025-06-29 22:48:32.280 +02:00 [INF] CanStopMonitoring est évalué. IsMonitoring: True
2025-06-29 22:48:32.282 +02:00 [INF] Arrêt de l'enregistrement pour Gigi Murin Ch. hololive-EN sur YouTube
2025-06-29 22:48:32.285 +02:00 [INF] Enregistrement terminé pour Gigi Murin Ch. hololive-EN sur YouTube
2025-06-29 22:48:32.285 +02:00 [INF] Durée : 00:00:08
2025-06-29 22:48:32.285 +02:00 [INF] Taille du fichier : 5 MB
2025-06-29 22:48:32.287 +02:00 [INF] [CONCAT] Début de la concaténation des segments vidéo...
2025-06-29 22:48:32.289 +02:00 [INF] [CONCAT] Fichiers .ts à concaténer (1) :
2025-06-29 22:48:32.289 +02:00 [INF] [CONCAT] - C:\Users\terre\Documents\Strivea\Recordings\YouTube\Gigi Murin Ch. hololive-EN\Temp\5EIjfy_ikKo\Kura Revolving Sushi Bar x hololive English Collab! #sponsored_20250629_224823.ts
2025-06-29 22:48:32.293 +02:00 [INF] CanStopMonitoring est évalué. IsMonitoring: True
2025-06-29 22:48:32.294 +02:00 [INF] [CONCAT] Début de la conversion en mp4...
2025-06-29 22:48:32.295 +02:00 [INF] Commande FFmpeg concat+reencode : ffmpeg -f concat -safe 0 -i "C:\Users\terre\Documents\Strivea\Recordings\YouTube\Gigi Murin Ch. hololive-EN\Temp\5EIjfy_ikKo\TempConcat\concat.txt" -c:v libx264 -c:a aac "C:\Users\terre\Documents\Strivea\Recordings\YouTube\Gigi Murin Ch. hololive-EN\Temp\5EIjfy_ikKo\TempConcat\output.mp4"
2025-06-29 22:48:37.039 +02:00 [ERR] FFmpeg stderr : ffmpeg version 7.1.1-essentials_build-www.gyan.dev Copyright (c) 2000-2025 the FFmpeg developers
  built with gcc 14.2.0 (Rev1, Built by MSYS2 project)
  configuration: --enable-gpl --enable-version3 --enable-static --disable-w32threads --disable-autodetect --enable-fontconfig --enable-iconv --enable-gnutls --enable-libxml2 --enable-gmp --enable-bzlib --enable-lzma --enable-zlib --enable-libsrt --enable-libssh --enable-libzmq --enable-avisynth --enable-sdl2 --enable-libwebp --enable-libx264 --enable-libx265 --enable-libxvid --enable-libaom --enable-libopenjpeg --enable-libvpx --enable-mediafoundation --enable-libass --enable-libfreetype --enable-libfribidi --enable-libharfbuzz --enable-libvidstab --enable-libvmaf --enable-libzimg --enable-amf --enable-cuda-llvm --enable-cuvid --enable-dxva2 --enable-d3d11va --enable-d3d12va --enable-ffnvcodec --enable-libvpl --enable-nvdec --enable-nvenc --enable-vaapi --enable-libgme --enable-libopenmpt --enable-libopencore-amrwb --enable-libmp3lame --enable-libtheora --enable-libvo-amrwbenc --enable-libgsm --enable-libopencore-amrnb --enable-libopus --enable-libspeex --enable-libvorbis --enable-librubberband
  libavutil      59. 39.100 / 59. 39.100
  libavcodec     61. 19.101 / 61. 19.101
  libavformat    61.  7.100 / 61.  7.100
  libavdevice    61.  3.100 / 61.  3.100
  libavfilter    10.  4.100 / 10.  4.100
  libswscale      8.  3.100 /  8.  3.100
  libswresample   5.  3.100 /  5.  3.100
  libpostproc    58.  3.100 / 58.  3.100
Input #0, concat, from 'C:\Users\terre\Documents\Strivea\Recordings\YouTube\Gigi Murin Ch. hololive-EN\Temp\5EIjfy_ikKo\TempConcat\concat.txt':
  Duration: N/A, start: 0.000000, bitrate: 136 kb/s
  Stream #0:0: Audio: aac (LC) ([15][0][0][0] / 0x000F), 44100 Hz, stereo, fltp, 136 kb/s
  Stream #0:1: Video: h264 (Main) ([27][0][0][0] / 0x001B), yuv420p(tv, bt709, progressive), 1920x1080 [SAR 1:1 DAR 16:9], 59.94 fps, 59.94 tbr, 90k tbn
Stream mapping:
  Stream #0:1 -> #0:0 (h264 (native) -> h264 (libx264))
  Stream #0:0 -> #0:1 (aac (native) -> aac (native))
Press [q] to stop, [?] for help
[libx264 @ 000001d5e2bae200] using SAR=1/1
[libx264 @ 000001d5e2bae200] using cpu capabilities: MMX2 SSE2Fast SSSE3 SSE4.2 AVX FMA3 BMI2 AVX2 AVX512
[libx264 @ 000001d5e2bae200] profile High, level 4.2, 4:2:0, 8-bit
[libx264 @ 000001d5e2bae200] 264 - core 164 r3204 373697b - H.264/MPEG-4 AVC codec - Copyleft 2003-2025 - http://www.videolan.org/x264.html - options: cabac=1 ref=3 deblock=1:0:0 analyse=0x3:0x113 me=hex subme=7 psy=1 psy_rd=1.00:0.00 mixed_ref=1 me_range=16 chroma_me=1 trellis=1 8x8dct=1 cqm=0 deadzone=21,11 fast_pskip=1 chroma_qp_offset=-2 threads=24 lookahead_threads=4 sliced_threads=0 nr=0 decimate=1 interlaced=0 bluray_compat=0 constrained_intra=0 bframes=3 b_pyramid=2 b_adapt=1 b_bias=0 direct=1 weightb=1 open_gop=0 weightp=2 keyint=250 keyint_min=25 scenecut=40 intra_refresh=0 rc_lookahead=40 rc=crf mbtree=1 crf=23.0 qcomp=0.60 qpmin=0 qpmax=69 qpstep=4 ip_ratio=1.40 aq=1:1.00
Output #0, mp4, to 'C:\Users\terre\Documents\Strivea\Recordings\YouTube\Gigi Murin Ch. hololive-EN\Temp\5EIjfy_ikKo\TempConcat\output.mp4':
  Metadata:
    encoder         : Lavf61.7.100
  Stream #0:0: Video: h264 (avc1 / 0x31637661), yuv420p(tv, bt709, progressive), 1920x1080 [SAR 1:1 DAR 16:9], q=2-31, 59.94 fps, 60k tbn
      Metadata:
        encoder         : Lavc61.19.101 libx264
      Side data:
        cpb: bitrate max/min/avg: 0/0/0 buffer size: 0 vbv_delay: N/A
  Stream #0:1: Audio: aac (LC) (mp4a / 0x6134706D), 44100 Hz, stereo, fltp, 128 kb/s
      Metadata:
        encoder         : Lavc61.19.101 aac
frame=   34 fps=0.0 q=31.0 size=     256KiB time=00:00:00.55 bitrate=3809.9kbits/s speed=1.07x    
frame=   94 fps= 91 q=31.0 size=     768KiB time=00:00:01.55 bitrate=4055.2kbits/s speed=1.51x    
frame=  152 fps= 98 q=31.0 size=    1280KiB time=00:00:02.51 bitrate=4162.5kbits/s speed=1.63x    
frame=  212 fps=103 q=31.0 size=    1792KiB time=00:00:03.53 bitrate=4150.7kbits/s speed=1.72x    
frame=  284 fps=110 q=31.0 size=    2560KiB time=00:00:04.72 bitrate=4441.9kbits/s speed=1.83x    
frame=  356 fps=115 q=31.0 size=    3328KiB time=00:00:05.92 bitrate=4603.3kbits/s speed=1.91x    
frame=  440 fps=122 q=31.0 size=    3840KiB time=00:00:07.32 bitrate=4295.2kbits/s speed=2.03x    
frame=  513 fps=124 q=31.0 size=    4864KiB time=00:00:08.54 bitrate=4664.8kbits/s speed=2.07x    
[out#0/mp4 @ 000001d5e2482a00] video:5716KiB audio:161KiB subtitle:0KiB other streams:0KiB global headers:0KiB muxing overhead: 0.296969%
frame=  600 fps=132 q=-1.0 Lsize=    5894KiB time=00:00:09.99 bitrate=4831.8kbits/s speed=2.19x    
[libx264 @ 000001d5e2bae200] frame I:3     Avg QP:19.46  size:127314
[libx264 @ 000001d5e2bae200] frame P:151   Avg QP:24.19  size: 23434
[libx264 @ 000001d5e2bae200] frame B:446   Avg QP:29.25  size:  4331
[libx264 @ 000001d5e2bae200] consecutive B-frames:  0.8%  0.0%  0.5% 98.7%
[libx264 @ 000001d5e2bae200] mb I  I16..4: 25.5% 38.5% 36.0%
[libx264 @ 000001d5e2bae200] mb P  I16..4:  0.7%  1.5%  0.7%  P16..4: 29.2% 11.2%  6.0%  0.0%  0.0%    skip:50.7%
[libx264 @ 000001d5e2bae200] mb B  I16..4:  0.0%  0.0%  0.1%  B16..8: 28.4%  1.9%  0.3%  direct: 0.2%  skip:69.0%  L0:52.4% L1:44.2% BI: 3.5%
[libx264 @ 000001d5e2bae200] 8x8 transform intra:45.4% inter:64.4%
[libx264 @ 000001d5e2bae200] coded y,uvDC,uvAC intra: 44.7% 54.8% 26.5% inter: 4.1% 4.2% 0.3%
[libx264 @ 000001d5e2bae200] i16 v,h,dc,p: 63% 16% 13%  8%
[libx264 @ 000001d5e2bae200] i8 v,h,dc,ddl,ddr,vr,hd,vl,hu: 26% 13% 33%  4%  4%  6%  4%  5%  4%
[libx264 @ 000001d5e2bae200] i4 v,h,dc,ddl,ddr,vr,hd,vl,hu: 31% 12% 14%  6%  9% 11%  5%  7%  4%
[libx264 @ 000001d5e2bae200] i8c dc,h,v,p: 51% 18% 25%  6%
[libx264 @ 000001d5e2bae200] Weighted P-Frames: Y:0.0% UV:0.0%
[libx264 @ 000001d5e2bae200] ref P L0: 65.5% 10.2% 20.6%  3.7%
[libx264 @ 000001d5e2bae200] ref B L0: 94.2%  5.0%  0.8%
[libx264 @ 000001d5e2bae200] ref B L1: 98.1%  1.9%
[libx264 @ 000001d5e2bae200] kb/s:4677.07
[aac @ 000001d5e2ba8980] Qavg: 989.795

2025-06-29 22:48:37.044 +02:00 [INF] FFmpeg terminé avec code 0
2025-06-29 22:48:37.044 +02:00 [INF] FFmpeg concat+reencode result: 
[stderr]
ffmpeg version 7.1.1-essentials_build-www.gyan.dev Copyright (c) 2000-2025 the FFmpeg developers
  built with gcc 14.2.0 (Rev1, Built by MSYS2 project)
  configuration: --enable-gpl --enable-version3 --enable-static --disable-w32threads --disable-autodetect --enable-fontconfig --enable-iconv --enable-gnutls --enable-libxml2 --enable-gmp --enable-bzlib --enable-lzma --enable-zlib --enable-libsrt --enable-libssh --enable-libzmq --enable-avisynth --enable-sdl2 --enable-libwebp --enable-libx264 --enable-libx265 --enable-libxvid --enable-libaom --enable-libopenjpeg --enable-libvpx --enable-mediafoundation --enable-libass --enable-libfreetype --enable-libfribidi --enable-libharfbuzz --enable-libvidstab --enable-libvmaf --enable-libzimg --enable-amf --enable-cuda-llvm --enable-cuvid --enable-dxva2 --enable-d3d11va --enable-d3d12va --enable-ffnvcodec --enable-libvpl --enable-nvdec --enable-nvenc --enable-vaapi --enable-libgme --enable-libopenmpt --enable-libopencore-amrwb --enable-libmp3lame --enable-libtheora --enable-libvo-amrwbenc --enable-libgsm --enable-libopencore-amrnb --enable-libopus --enable-libspeex --enable-libvorbis --enable-librubberband
  libavutil      59. 39.100 / 59. 39.100
  libavcodec     61. 19.101 / 61. 19.101
  libavformat    61.  7.100 / 61.  7.100
  libavdevice    61.  3.100 / 61.  3.100
  libavfilter    10.  4.100 / 10.  4.100
  libswscale      8.  3.100 /  8.  3.100
  libswresample   5.  3.100 /  5.  3.100
  libpostproc    58.  3.100 / 58.  3.100
Input #0, concat, from 'C:\Users\terre\Documents\Strivea\Recordings\YouTube\Gigi Murin Ch. hololive-EN\Temp\5EIjfy_ikKo\TempConcat\concat.txt':
  Duration: N/A, start: 0.000000, bitrate: 136 kb/s
  Stream #0:0: Audio: aac (LC) ([15][0][0][0] / 0x000F), 44100 Hz, stereo, fltp, 136 kb/s
  Stream #0:1: Video: h264 (Main) ([27][0][0][0] / 0x001B), yuv420p(tv, bt709, progressive), 1920x1080 [SAR 1:1 DAR 16:9], 59.94 fps, 59.94 tbr, 90k tbn
Stream mapping:
  Stream #0:1 -> #0:0 (h264 (native) -> h264 (libx264))
  Stream #0:0 -> #0:1 (aac (native) -> aac (native))
Press [q] to stop, [?] for help
[libx264 @ 000001d5e2bae200] using SAR=1/1
[libx264 @ 000001d5e2bae200] using cpu capabilities: MMX2 SSE2Fast SSSE3 SSE4.2 AVX FMA3 BMI2 AVX2 AVX512
[libx264 @ 000001d5e2bae200] profile High, level 4.2, 4:2:0, 8-bit
[libx264 @ 000001d5e2bae200] 264 - core 164 r3204 373697b - H.264/MPEG-4 AVC codec - Copyleft 2003-2025 - http://www.videolan.org/x264.html - options: cabac=1 ref=3 deblock=1:0:0 analyse=0x3:0x113 me=hex subme=7 psy=1 psy_rd=1.00:0.00 mixed_ref=1 me_range=16 chroma_me=1 trellis=1 8x8dct=1 cqm=0 deadzone=21,11 fast_pskip=1 chroma_qp_offset=-2 threads=24 lookahead_threads=4 sliced_threads=0 nr=0 decimate=1 interlaced=0 bluray_compat=0 constrained_intra=0 bframes=3 b_pyramid=2 b_adapt=1 b_bias=0 direct=1 weightb=1 open_gop=0 weightp=2 keyint=250 keyint_min=25 scenecut=40 intra_refresh=0 rc_lookahead=40 rc=crf mbtree=1 crf=23.0 qcomp=0.60 qpmin=0 qpmax=69 qpstep=4 ip_ratio=1.40 aq=1:1.00
Output #0, mp4, to 'C:\Users\terre\Documents\Strivea\Recordings\YouTube\Gigi Murin Ch. hololive-EN\Temp\5EIjfy_ikKo\TempConcat\output.mp4':
  Metadata:
    encoder         : Lavf61.7.100
  Stream #0:0: Video: h264 (avc1 / 0x31637661), yuv420p(tv, bt709, progressive), 1920x1080 [SAR 1:1 DAR 16:9], q=2-31, 59.94 fps, 60k tbn
      Metadata:
        encoder         : Lavc61.19.101 libx264
      Side data:
        cpb: bitrate max/min/avg: 0/0/0 buffer size: 0 vbv_delay: N/A
  Stream #0:1: Audio: aac (LC) (mp4a / 0x6134706D), 44100 Hz, stereo, fltp, 128 kb/s
      Metadata:
        encoder         : Lavc61.19.101 aac
frame=   34 fps=0.0 q=31.0 size=     256KiB time=00:00:00.55 bitrate=3809.9kbits/s speed=1.07x    
frame=   94 fps= 91 q=31.0 size=     768KiB time=00:00:01.55 bitrate=4055.2kbits/s speed=1.51x    
frame=  152 fps= 98 q=31.0 size=    1280KiB time=00:00:02.51 bitrate=4162.5kbits/s speed=1.63x    
frame=  212 fps=103 q=31.0 size=    1792KiB time=00:00:03.53 bitrate=4150.7kbits/s speed=1.72x    
frame=  284 fps=110 q=31.0 size=    2560KiB time=00:00:04.72 bitrate=4441.9kbits/s speed=1.83x    
frame=  356 fps=115 q=31.0 size=    3328KiB time=00:00:05.92 bitrate=4603.3kbits/s speed=1.91x    
frame=  440 fps=122 q=31.0 size=    3840KiB time=00:00:07.32 bitrate=4295.2kbits/s speed=2.03x    
frame=  513 fps=124 q=31.0 size=    4864KiB time=00:00:08.54 bitrate=4664.8kbits/s speed=2.07x    
[out#0/mp4 @ 000001d5e2482a00] video:5716KiB audio:161KiB subtitle:0KiB other streams:0KiB global headers:0KiB muxing overhead: 0.296969%
frame=  600 fps=132 q=-1.0 Lsize=    5894KiB time=00:00:09.99 bitrate=4831.8kbits/s speed=2.19x    
[libx264 @ 000001d5e2bae200] frame I:3     Avg QP:19.46  size:127314
[libx264 @ 000001d5e2bae200] frame P:151   Avg QP:24.19  size: 23434
[libx264 @ 000001d5e2bae200] frame B:446   Avg QP:29.25  size:  4331
[libx264 @ 000001d5e2bae200] consecutive B-frames:  0.8%  0.0%  0.5% 98.7%
[libx264 @ 000001d5e2bae200] mb I  I16..4: 25.5% 38.5% 36.0%
[libx264 @ 000001d5e2bae200] mb P  I16..4:  0.7%  1.5%  0.7%  P16..4: 29.2% 11.2%  6.0%  0.0%  0.0%    skip:50.7%
[libx264 @ 000001d5e2bae200] mb B  I16..4:  0.0%  0.0%  0.1%  B16..8: 28.4%  1.9%  0.3%  direct: 0.2%  skip:69.0%  L0:52.4% L1:44.2% BI: 3.5%
[libx264 @ 000001d5e2bae200] 8x8 transform intra:45.4% inter:64.4%
[libx264 @ 000001d5e2bae200] coded y,uvDC,uvAC intra: 44.7% 54.8% 26.5% inter: 4.1% 4.2% 0.3%
[libx264 @ 000001d5e2bae200] i16 v,h,dc,p: 63% 16% 13%  8%
[libx264 @ 000001d5e2bae200] i8 v,h,dc,ddl,ddr,vr,hd,vl,hu: 26% 13% 33%  4%  4%  6%  4%  5%  4%
[libx264 @ 000001d5e2bae200] i4 v,h,dc,ddl,ddr,vr,hd,vl,hu: 31% 12% 14%  6%  9% 11%  5%  7%  4%
[libx264 @ 000001d5e2bae200] i8c dc,h,v,p: 51% 18% 25%  6%
[libx264 @ 000001d5e2bae200] Weighted P-Frames: Y:0.0% UV:0.0%
[libx264 @ 000001d5e2bae200] ref P L0: 65.5% 10.2% 20.6%  3.7%
[libx264 @ 000001d5e2bae200] ref B L0: 94.2%  5.0%  0.8%
[libx264 @ 000001d5e2bae200] ref B L1: 98.1%  1.9%
[libx264 @ 000001d5e2bae200] kb/s:4677.07
[aac @ 000001d5e2ba8980] Qavg: 989.795

2025-06-29 22:48:37.047 +02:00 [INF] [CONCAT] Déplacement du fichier final vers : C:\Users\terre\Documents\Strivea\Recordings\YouTube\Gigi Murin Ch. hololive-EN\Kura Revolving Sushi Bar x hololive English Collab! #sponsored.mp4
2025-06-29 22:48:37.047 +02:00 [INF] [CONCAT] Fichier final déplacé vers : C:\Users\terre\Documents\Strivea\Recordings\YouTube\Gigi Murin Ch. hololive-EN\Kura Revolving Sushi Bar x hololive English Collab! #sponsored.mp4
2025-06-29 22:48:37.047 +02:00 [INF] [CONCAT] Concaténation et conversion terminées avec succès.
2025-06-29 22:48:37.049 +02:00 [INF] CanStopMonitoring est évalué. IsMonitoring: True
2025-06-29 22:48:37.051 +02:00 [INF] IsMonitoring a changé: False
2025-06-29 22:48:37.051 +02:00 [INF] CanStopMonitoring est évalué. IsMonitoring: False
2025-06-29 22:48:37.052 +02:00 [INF] CanStartMonitoring après changement: True
2025-06-29 22:48:37.052 +02:00 [INF] CanStopMonitoring est évalué. IsMonitoring: False
2025-06-29 22:48:37.052 +02:00 [INF] CanStopMonitoring après changement: False
2025-06-29 22:48:37.052 +02:00 [INF] [DEBUG] IsMonitoring forcé à False dans finally StopMonitoringAsync
2025-06-29 22:48:37.052 +02:00 [INF] CanStopMonitoring est évalué. IsMonitoring: False
2025-06-29 22:48:42.780 +02:00 [INF] Début de la récupération des informations du stream YouTube pour : https://www.youtube.com/@holoen_gigimurin
2025-06-29 22:48:43.284 +02:00 [INF] [API] searchResponse: {
  "kind": "youtube#searchListResponse",
  "etag": "LjWXGVitjippuCT-cTh86ZMrKWc",
  "regionCode": "FR",
  "pageInfo": {
    "totalResults": 1,
    "resultsPerPage": 1
  },
  "items": [
    {
      "kind": "youtube#searchResult",
      "etag": "T8VV4DwXnobTntYgGvJ3_fvNNtQ",
      "id": {
        "kind": "youtube#video",
        "videoId": "5EIjfy_ikKo"
      },
      "snippet": {
        "publishedAt": "2025-06-29T09:59:15Z",
        "channelId": "UCDHABijvPBnJm7F-KlNME3w",
        "title": "Kura Revolving Sushi Bar x hololive English Collab! #sponsored",
        "description": "sponsored #hololiveenglish #kurasushi_usa #revolvingsushi #conveyorbeltsushi @OuroKronii @NinomaeInanis Kura's X link: ...",
        "thumbnails": {
          "default": {
            "url": "https://i.ytimg.com/vi/5EIjfy_ikKo/default_live.jpg",
            "width": 120,
            "height": 90
          },
          "medium": {
            "url": "https://i.ytimg.com/vi/5EIjfy_ikKo/mqdefault_live.jpg",
            "width": 320,
            "height": 180
          },
          "high": {
            "url": "https://i.ytimg.com/vi/5EIjfy_ikKo/hqdefault_live.jpg",
            "width": 480,
            "height": 360
          }
        },
        "channelTitle": "Gigi Murin Ch. hololive-EN",
        "liveBroadcastContent": "live",
        "publishTime": "2025-06-29T09:59:15Z"
      }
    }
  ]
}

2025-06-29 22:48:43.329 +02:00 [INF] [API] videoResponse: {
  "kind": "youtube#videoListResponse",
  "etag": "4xpXF9ec0gbgQ-AtDOEZo5f05Bk",
  "items": [
    {
      "kind": "youtube#video",
      "etag": "jCYc1JOrgOLmEwTrmJwG-6gfgaQ",
      "id": "5EIjfy_ikKo",
      "snippet": {
        "publishedAt": "2025-06-29T09:59:15Z",
        "channelId": "UCDHABijvPBnJm7F-KlNME3w",
        "title": "Kura Revolving Sushi Bar x hololive English Collab! #sponsored",
        "description": "#sponsored #hololiveenglish #kurasushi_usa #revolvingsushi #conveyorbeltsushi\n@OuroKronii @NinomaeInanis \n\nKura’s X link: https://x.com/kurasushi_usa?lang=en\nKura’s Insta Link: https://www.instagram.com/kurasushi_usa/?hl=en\n\nAbout Kura Sushi USA, Inc.\nKura Sushi USA, Inc. is a technology-enabled Japanese restaurant concept\nwith over 76 locations across the United States. Known for its revolving\nsushi bar experience and commitment to quality ingredients, Kura Sushi\nUSA is a subsidiary of Kura Sushi, Inc., which has operated in Japan for over\n45 years since 1977.\n\nAll collaboration menu items, merchandise, and giveaways are\navailable while supplies last. For more information, including\nparticipating locations and full promotional details, visit\nhttps://kurasushi.com/hololiveenglish-bikkura-pon-collaboration\n\nVlog credits:\no Edited by: Vincent Deng\no Music Provided by: Haben Godefa\n\n‐‐‐‐‐‐‐‐‐‐‐‐‐‐‐ underage viewers  ‐‐‐‐‐‐‐‐‐‐‐‐‐‐‐\n▶Request from hololive production to underage viewers\nPlease search for [Request To Minors] or click on the link below, to read it and enjoy the video\nhttps://hololivepro.com/en/request-to-minors/\n\n‐‐‐‐‐‐‐‐‐‐‐‐‐‐‐ Fan Work Guidelines  ‐‐‐‐‐‐‐‐‐‐‐‐‐‐‐\nhttps://en.hololive.tv/terms\n\n‐‐‐‐‐‐‐‐‐‐‐‐‐‐‐ Holoschedule  ‐‐‐‐‐‐‐‐‐‐‐‐‐‐‐\nhttps://schedule.hololive.tv/#hololive\n\n‐‐‐‐‐‐‐‐‐‐‐‐‐‐‐  Official Online Shop  ‐‐‐‐‐‐‐‐‐‐‐‐‐‐‐\nhttps://shop.hololivepro.com/en\n\n‐‐‐‐‐‐‐‐‐‐‐‐‐‐‐  Hololive Production  ‐‐‐‐‐‐‐‐‐‐‐‐‐‐‐\n・Hololive English YouTube Channel: https://t.co/LcYDgFF9V0?amp=1\n・Hololive Production Official Twitter: https://twitter.com/hololivetv\n・Hololive English Official Twitter: https://twitter.com/hololive_En\n・Hololive English Official Reddit: https://www.reddit.com/r/Hololive\n_________________________________________________________\n\n#hololiveEnglish #holoJustice",
        "thumbnails": {
          "default": {
            "url": "https://i.ytimg.com/vi/5EIjfy_ikKo/default_live.jpg",
            "width": 120,
            "height": 90
          },
          "medium": {
            "url": "https://i.ytimg.com/vi/5EIjfy_ikKo/mqdefault_live.jpg",
            "width": 320,
            "height": 180
          },
          "high": {
            "url": "https://i.ytimg.com/vi/5EIjfy_ikKo/hqdefault_live.jpg",
            "width": 480,
            "height": 360
          },
          "standard": {
            "url": "https://i.ytimg.com/vi/5EIjfy_ikKo/sddefault_live.jpg",
            "width": 640,
            "height": 480
          },
          "maxres": {
            "url": "https://i.ytimg.com/vi/5EIjfy_ikKo/maxresdefault_live.jpg",
            "width": 1280,
            "height": 720
          }
        },
        "channelTitle": "Gigi Murin Ch. hololive-EN",
        "categoryId": "20",
        "liveBroadcastContent": "live",
        "localized": {
          "title": "Kura Revolving Sushi Bar x hololive English Collab! #sponsored",
          "description": "#sponsored #hololiveenglish #kurasushi_usa #revolvingsushi #conveyorbeltsushi\n@OuroKronii @NinomaeInanis \n\nKura’s X link: https://x.com/kurasushi_usa?lang=en\nKura’s Insta Link: https://www.instagram.com/kurasushi_usa/?hl=en\n\nAbout Kura Sushi USA, Inc.\nKura Sushi USA, Inc. is a technology-enabled Japanese restaurant concept\nwith over 76 locations across the United States. Known for its revolving\nsushi bar experience and commitment to quality ingredients, Kura Sushi\nUSA is a subsidiary of Kura Sushi, Inc., which has operated in Japan for over\n45 years since 1977.\n\nAll collaboration menu items, merchandise, and giveaways are\navailable while supplies last. For more information, including\nparticipating locations and full promotional details, visit\nhttps://kurasushi.com/hololiveenglish-bikkura-pon-collaboration\n\nVlog credits:\no Edited by: Vincent Deng\no Music Provided by: Haben Godefa\n\n‐‐‐‐‐‐‐‐‐‐‐‐‐‐‐ underage viewers  ‐‐‐‐‐‐‐‐‐‐‐‐‐‐‐\n▶Request from hololive production to underage viewers\nPlease search for [Request To Minors] or click on the link below, to read it and enjoy the video\nhttps://hololivepro.com/en/request-to-minors/\n\n‐‐‐‐‐‐‐‐‐‐‐‐‐‐‐ Fan Work Guidelines  ‐‐‐‐‐‐‐‐‐‐‐‐‐‐‐\nhttps://en.hololive.tv/terms\n\n‐‐‐‐‐‐‐‐‐‐‐‐‐‐‐ Holoschedule  ‐‐‐‐‐‐‐‐‐‐‐‐‐‐‐\nhttps://schedule.hololive.tv/#hololive\n\n‐‐‐‐‐‐‐‐‐‐‐‐‐‐‐  Official Online Shop  ‐‐‐‐‐‐‐‐‐‐‐‐‐‐‐\nhttps://shop.hololivepro.com/en\n\n‐‐‐‐‐‐‐‐‐‐‐‐‐‐‐  Hololive Production  ‐‐‐‐‐‐‐‐‐‐‐‐‐‐‐\n・Hololive English YouTube Channel: https://t.co/LcYDgFF9V0?amp=1\n・Hololive Production Official Twitter: https://twitter.com/hololivetv\n・Hololive English Official Twitter: https://twitter.com/hololive_En\n・Hololive English Official Reddit: https://www.reddit.com/r/Hololive\n_________________________________________________________\n\n#hololiveEnglish #holoJustice"
        }
      },
      "liveStreamingDetails": {
        "actualStartTime": "2025-06-29T20:02:54Z",
        "scheduledStartTime": "2025-06-29T20:00:00Z",
        "concurrentViewers": "9252",
        "activeLiveChatId": "Cg0KCzVFSWpmeV9pa0tvKicKGFVDREhBQmlqdlBCbkptN0YtS2xOTUUzdxILNUVJamZ5X2lrS28"
      }
    }
  ],
  "pageInfo": {
    "totalResults": 1,
    "resultsPerPage": 1
  }
}

2025-06-29 22:48:43.373 +02:00 [INF] [API] channelResponse: {
  "kind": "youtube#channelListResponse",
  "etag": "O7dsuaMTto4gStVhrICDcT2Uimk",
  "pageInfo": {
    "totalResults": 1,
    "resultsPerPage": 5
  },
  "items": [
    {
      "kind": "youtube#channel",
      "etag": "gHU_7Ru2UjDWpvtkwmapEF1y-O4",
      "id": "UCDHABijvPBnJm7F-KlNME3w",
      "snippet": {
        "title": "Gigi Murin Ch. hololive-EN",
        "description": "\nfree-spirited Chaser and mischievous gremlin!\n*chases u cutely* 👧\n\n-------------------------------------------\n\nFan letters and Gifts\nAddress\nPresent for: Gigi Murin\nCOVER Corporation\nNet Depot Shin-Itabashi\n1-6-1 Kaga\nItabashi-ku, Tokyo\nJapan\nPostal/Zip Code: 173-0003\n\n-----------------------------------\nRequest from hololive production to underage viewers:\nPlease be sure to check the link below before viewing our content.\nhttps://en.hololive.tv/request-to-minors\n",
        "customUrl": "@holoen_gigimurin",
        "publishedAt": "2024-04-03T06:09:35.23051Z",
        "thumbnails": {
          "default": {
            "url": "https://yt3.ggpht.com/VTrjE6XoUY0QRq9VgwPIADiUA1S2FYPvJ7qRpUpgix8JLiU-mjKwEtADjS35w9C21Yarxk9kKA=s88-c-k-c0x00ffffff-no-rj",
            "width": 88,
            "height": 88
          },
          "medium": {
            "url": "https://yt3.ggpht.com/VTrjE6XoUY0QRq9VgwPIADiUA1S2FYPvJ7qRpUpgix8JLiU-mjKwEtADjS35w9C21Yarxk9kKA=s240-c-k-c0x00ffffff-no-rj",
            "width": 240,
            "height": 240
          },
          "high": {
            "url": "https://yt3.ggpht.com/VTrjE6XoUY0QRq9VgwPIADiUA1S2FYPvJ7qRpUpgix8JLiU-mjKwEtADjS35w9C21Yarxk9kKA=s800-c-k-c0x00ffffff-no-rj",
            "width": 800,
            "height": 800
          }
        },
        "localized": {
          "title": "Gigi Murin Ch. hololive-EN",
          "description": "\nfree-spirited Chaser and mischievous gremlin!\n*chases u cutely* 👧\n\n-------------------------------------------\n\nFan letters and Gifts\nAddress\nPresent for: Gigi Murin\nCOVER Corporation\nNet Depot Shin-Itabashi\n1-6-1 Kaga\nItabashi-ku, Tokyo\nJapan\nPostal/Zip Code: 173-0003\n\n-----------------------------------\nRequest from hololive production to underage viewers:\nPlease be sure to check the link below before viewing our content.\nhttps://en.hololive.tv/request-to-minors\n"
        },
        "country": "JP"
      }
    }
  ]
}

2025-06-29 22:48:43.422 +02:00 [INF] Exécution de streamlink avec les arguments : -j https://www.youtube.com/@holoen_gigimurin best
2025-06-29 22:48:43.425 +02:00 [INF] Processus streamlink démarré
2025-06-29 22:48:45.297 +02:00 [INF] Processus streamlink terminé avec le code : 0
2025-06-29 22:48:45.298 +02:00 [INF] Sortie Streamlink (JSON) : {
  "type": "hls",
  "url": "https://manifest.googlevideo.com/api/manifest/hls_playlist/expire/1751251753/ei/yaZhaI-oG_OBp-oPzszh4A4/ip/2a01:e0a:8f1:aac0:53b:a603:3714:1c77/id/5EIjfy_ikKo.1/itag/301/source/yt_live_broadcast/requiressl/yes/ratebypass/yes/live/1/sgoap/gir%3Dyes%3Bitag%3D140/sgovp/gir%3Dyes%3Bitag%3D299/rqh/1/hls_chunk_host/rr5---sn-25ge7nzz.googlevideo.com/xpc/EgVo2aDSNQ%3D%3D/bui/AY1jyLOBT_xUAW2ZLeD55RU3JqPbOGdK5JhMO_e56K5zOJ8NrhE455DXo_RQhUp2W2IPoS-lIx1BWKPQ/spc/l3OVKTYOey2160QuRcOsKCVMDfqxbvQPGRH-wFkm5YTWElwep7wiI0i996Ko3yeT5PE/vprv/1/playlist_type/LIVE/initcwndbps/1950000/met/1751230154,/mh/4y/mm/44/mn/sn-25ge7nzz/ms/lva/mv/m/mvi/5/pl/45/rms/lva,lva/dover/11/pacing/0/keepalive/yes/fexp/51355912/mt/1751229638/sparams/expire,ei,ip,id,itag,source,requiressl,ratebypass,live,sgoap,sgovp,rqh,xpc,bui,spc,vprv,playlist_type/sig/AJfQdSswRQIgPzSweUH66jVl28PLyEDnjGvGMiVrkpYb8u1kQi8qkbkCIQCQc0u7l_Bl_xV4exLpw_ceKmIk-iPyCN8PmwMQBFW9DA%3D%3D/lsparams/hls_chunk_host,initcwndbps,met,mh,mm,mn,ms,mv,mvi,pl,rms/lsig/APaTxxMwRAIgDXgaEp7Hyu5S--Kg0uvwyKuBYmZ2SNSK14h1SCJDRpMCIHduTR67BKHec_lsd8A6WMj1vsUL2Nbty2nDIcAu_AJ4/playlist/index.m3u8",
  "headers": {
    "User-Agent": "Mozilla/5.0 (Windows NT 10.0; Win64; x64) AppleWebKit/537.36 (KHTML, like Gecko) Chrome/134.0.0.0 Safari/537.36",
    "Accept-Encoding": "gzip, deflate, br, zstd",
    "Accept": "*/*",
    "Connection": "keep-alive"
  },
  "master": "https://manifest.googlevideo.com/api/manifest/hls_variant/expire/1751251753/ei/yaZhaI-oG_OBp-oPzszh4A4/ip/2a01%3Ae0a%3A8f1%3Aaac0%3A53b%3Aa603%3A3714%3A1c77/id/5EIjfy_ikKo.1/source/yt_live_broadcast/requiressl/yes/xpc/EgVo2aDSNQ%3D%3D/tx/51478320/txs/51478320%2C51478321%2C51478322/hfr/1/maudio/1/bui/AY1jyLOBT_xUAW2ZLeD55RU3JqPbOGdK5JhMO_e56K5zOJ8NrhE455DXo_RQhUp2W2IPoS-lIx1BWKPQ/spc/l3OVKTYOey2160QuRcOsKCVMDfqxbvQPGRH-wFkm5YTWElwep7wiI0i996Ko3yeT5PE/vprv/1/go/1/rqh/5/pacing/0/nvgoi/1/ncsapi/1/keepalive/yes/fexp/51355912/dover/11/itag/0/playlist_type/LIVE/sparams/expire%2Cei%2Cip%2Cid%2Csource%2Crequiressl%2Cxpc%2Ctx%2Ctxs%2Chfr%2Cmaudio%2Cbui%2Cspc%2Cvprv%2Cgo%2Crqh%2Citag%2Cplaylist_type/sig/AJfQdSswRAIga_1XXJlMXNjJX2P5wA_Lvqc_ou-jftoZEzGuHeoZi5ACIF5wNwn557sIlxEFfFUerjrD2Pm0jeRzzdYHipoIhQ2b/file/index.m3u8",
  "metadata": {
    "id": "5EIjfy_ikKo",
    "author": "Gigi Murin Ch. hololive-EN",
    "category": "Gaming",
    "title": "Kura Revolving Sushi Bar x hololive English Collab! #sponsored"
  }
}

2025-06-29 22:48:45.298 +02:00 [INF] Récupération de l'URL du stream pour https://www.youtube.com/@holoen_gigimurin
2025-06-29 22:48:47.192 +02:00 [INF] IsMonitoring a changé: True
2025-06-29 22:48:47.192 +02:00 [INF] CanStopMonitoring est évalué. IsMonitoring: True
2025-06-29 22:48:47.192 +02:00 [INF] CanStartMonitoring après changement: False
2025-06-29 22:48:47.192 +02:00 [INF] CanStopMonitoring est évalué. IsMonitoring: True
2025-06-29 22:48:47.192 +02:00 [INF] CanStopMonitoring après changement: True
2025-06-29 22:48:47.192 +02:00 [INF] Démarrage de l'enregistrement pour Gigi Murin Ch. hololive-EN sur YouTube
2025-06-29 22:48:47.192 +02:00 [INF] URL du stream : https://manifest.googlevideo.com/api/manifest/hls_playlist/expire/1751251755/ei/y6ZhaMGtEITMp-oPtd-FgAI/ip/2a01:e0a:8f1:aac0:53b:a603:3714:1c77/id/5EIjfy_ikKo.1/itag/301/source/yt_live_broadcast/requiressl/yes/ratebypass/yes/live/1/sgoap/gir%3Dyes%3Bitag%3D140/sgovp/gir%3Dyes%3Bitag%3D299/rqh/1/hls_chunk_host/rr1---sn-25glenez.googlevideo.com/xpc/EgVo2aDSNQ%3D%3D/bui/AY1jyLM_h9PCqQl4g7yeUXGz1MvA4rZYEUBrfprMpHJDAvxmBMLDZv-v-QtX3Rej1Gdn_GbZB8wgnHWf/spc/l3OVKVa9kLYTfSkkFugqketLnDuY1pLj4dASkfHE9ndCualGYdLaPLaFUnhEnA5EXl8/vprv/1/playlist_type/LIVE/initcwndbps/1950000/met/1751230155,/mh/4y/mm/44/mn/sn-25glenez/ms/lva/mv/m/mvi/1/pl/45/rms/lva,lva/dover/11/pacing/0/keepalive/yes/fexp/51355912/mt/1751229638/sparams/expire,ei,ip,id,itag,source,requiressl,ratebypass,live,sgoap,sgovp,rqh,xpc,bui,spc,vprv,playlist_type/sig/AJfQdSswRQIgJWb0Guexw4Fh_4_moPnQ5-M5NLlMgORC7OwPtieAd4kCIQDbjQuj0TpW7s6qa_23gCB9U5xqEo5rb18sOPuR2v9fjw%3D%3D/lsparams/hls_chunk_host,initcwndbps,met,mh,mm,mn,ms,mv,mvi,pl,rms/lsig/APaTxxMwRgIhAKFtotn-r6IQqFf_Y2lYWSTZUl4BvYO8DssTg4mtVUvNAiEA-Y3aYQRdUkyoAbcV7yapDfqO-wDjNWeU_R3rT75TkCQ%3D/playlist/index.m3u8
2025-06-29 22:48:47.192 +02:00 [INF] Chemin de sortie : C:\Users\terre\Documents\Strivea\Recordings\YouTube\Gigi Murin Ch. hololive-EN\Temp\5EIjfy_ikKo\Kura Revolving Sushi Bar x hololive English Collab! #sponsored_20250629_224847.ts
2025-06-29 22:48:47.247 +02:00 [INF] Enregistrement démarré pour Gigi Murin Ch. hololive-EN sur YouTube
2025-06-29 22:48:58.558 +02:00 [INF] CanStopMonitoring est évalué. IsMonitoring: True
2025-06-29 22:48:58.558 +02:00 [INF] Arrêt de l'enregistrement pour Gigi Murin Ch. hololive-EN sur YouTube
2025-06-29 22:48:58.559 +02:00 [INF] Enregistrement terminé pour Gigi Murin Ch. hololive-EN sur YouTube
2025-06-29 22:48:58.559 +02:00 [INF] Durée : 00:00:11
2025-06-29 22:48:58.559 +02:00 [INF] Taille du fichier : 7 MB
2025-06-29 22:48:58.559 +02:00 [INF] [CONCAT] Début de la concaténation des segments vidéo...
2025-06-29 22:48:58.560 +02:00 [INF] [CONCAT] Fichiers .ts à concaténer (2) :
2025-06-29 22:48:58.560 +02:00 [INF] [CONCAT] - C:\Users\terre\Documents\Strivea\Recordings\YouTube\Gigi Murin Ch. hololive-EN\Temp\5EIjfy_ikKo\Kura Revolving Sushi Bar x hololive English Collab! #sponsored_20250629_224823.ts
2025-06-29 22:48:58.560 +02:00 [INF] [CONCAT] - C:\Users\terre\Documents\Strivea\Recordings\YouTube\Gigi Murin Ch. hololive-EN\Temp\5EIjfy_ikKo\Kura Revolving Sushi Bar x hololive English Collab! #sponsored_20250629_224847.ts
2025-06-29 22:48:58.566 +02:00 [INF] CanStopMonitoring est évalué. IsMonitoring: True
2025-06-29 22:48:58.566 +02:00 [INF] [CONCAT] Début de la conversion en mp4...
2025-06-29 22:48:58.567 +02:00 [INF] Commande FFmpeg concat+reencode : ffmpeg -f concat -safe 0 -i "C:\Users\terre\Documents\Strivea\Recordings\YouTube\Gigi Murin Ch. hololive-EN\Temp\5EIjfy_ikKo\TempConcat\concat.txt" -c:v libx264 -c:a aac "C:\Users\terre\Documents\Strivea\Recordings\YouTube\Gigi Murin Ch. hololive-EN\Temp\5EIjfy_ikKo\TempConcat\output.mp4"
2025-06-29 22:49:06.363 +02:00 [ERR] FFmpeg stderr : ffmpeg version 7.1.1-essentials_build-www.gyan.dev Copyright (c) 2000-2025 the FFmpeg developers
  built with gcc 14.2.0 (Rev1, Built by MSYS2 project)
  configuration: --enable-gpl --enable-version3 --enable-static --disable-w32threads --disable-autodetect --enable-fontconfig --enable-iconv --enable-gnutls --enable-libxml2 --enable-gmp --enable-bzlib --enable-lzma --enable-zlib --enable-libsrt --enable-libssh --enable-libzmq --enable-avisynth --enable-sdl2 --enable-libwebp --enable-libx264 --enable-libx265 --enable-libxvid --enable-libaom --enable-libopenjpeg --enable-libvpx --enable-mediafoundation --enable-libass --enable-libfreetype --enable-libfribidi --enable-libharfbuzz --enable-libvidstab --enable-libvmaf --enable-libzimg --enable-amf --enable-cuda-llvm --enable-cuvid --enable-dxva2 --enable-d3d11va --enable-d3d12va --enable-ffnvcodec --enable-libvpl --enable-nvdec --enable-nvenc --enable-vaapi --enable-libgme --enable-libopenmpt --enable-libopencore-amrwb --enable-libmp3lame --enable-libtheora --enable-libvo-amrwbenc --enable-libgsm --enable-libopencore-amrnb --enable-libopus --enable-libspeex --enable-libvorbis --enable-librubberband
  libavutil      59. 39.100 / 59. 39.100
  libavcodec     61. 19.101 / 61. 19.101
  libavformat    61.  7.100 / 61.  7.100
  libavdevice    61.  3.100 / 61.  3.100
  libavfilter    10.  4.100 / 10.  4.100
  libswscale      8.  3.100 /  8.  3.100
  libswresample   5.  3.100 /  5.  3.100
  libpostproc    58.  3.100 / 58.  3.100
Input #0, concat, from 'C:\Users\terre\Documents\Strivea\Recordings\YouTube\Gigi Murin Ch. hololive-EN\Temp\5EIjfy_ikKo\TempConcat\concat.txt':
  Duration: N/A, start: 0.000000, bitrate: 136 kb/s
  Stream #0:0: Audio: aac (LC) ([15][0][0][0] / 0x000F), 44100 Hz, stereo, fltp, 136 kb/s
  Stream #0:1: Video: h264 (Main) ([27][0][0][0] / 0x001B), yuv420p(tv, bt709, progressive), 1920x1080 [SAR 1:1 DAR 16:9], 59.94 fps, 59.94 tbr, 90k tbn
Stream mapping:
  Stream #0:1 -> #0:0 (h264 (native) -> h264 (libx264))
  Stream #0:0 -> #0:1 (aac (native) -> aac (native))
Press [q] to stop, [?] for help
[libx264 @ 0000018ce6f3c040] using SAR=1/1
[libx264 @ 0000018ce6f3c040] using cpu capabilities: MMX2 SSE2Fast SSSE3 SSE4.2 AVX FMA3 BMI2 AVX2 AVX512
[libx264 @ 0000018ce6f3c040] profile High, level 4.2, 4:2:0, 8-bit
[libx264 @ 0000018ce6f3c040] 264 - core 164 r3204 373697b - H.264/MPEG-4 AVC codec - Copyleft 2003-2025 - http://www.videolan.org/x264.html - options: cabac=1 ref=3 deblock=1:0:0 analyse=0x3:0x113 me=hex subme=7 psy=1 psy_rd=1.00:0.00 mixed_ref=1 me_range=16 chroma_me=1 trellis=1 8x8dct=1 cqm=0 deadzone=21,11 fast_pskip=1 chroma_qp_offset=-2 threads=24 lookahead_threads=4 sliced_threads=0 nr=0 decimate=1 interlaced=0 bluray_compat=0 constrained_intra=0 bframes=3 b_pyramid=2 b_adapt=1 b_bias=0 direct=1 weightb=1 open_gop=0 weightp=2 keyint=250 keyint_min=25 scenecut=40 intra_refresh=0 rc_lookahead=40 rc=crf mbtree=1 crf=23.0 qcomp=0.60 qpmin=0 qpmax=69 qpstep=4 ip_ratio=1.40 aq=1:1.00
Output #0, mp4, to 'C:\Users\terre\Documents\Strivea\Recordings\YouTube\Gigi Murin Ch. hololive-EN\Temp\5EIjfy_ikKo\TempConcat\output.mp4':
  Metadata:
    encoder         : Lavf61.7.100
  Stream #0:0: Video: h264 (avc1 / 0x31637661), yuv420p(tv, bt709, progressive), 1920x1080 [SAR 1:1 DAR 16:9], q=2-31, 59.94 fps, 60k tbn
      Metadata:
        encoder         : Lavc61.19.101 libx264
      Side data:
        cpb: bitrate max/min/avg: 0/0/0 buffer size: 0 vbv_delay: N/A
  Stream #0:1: Audio: aac (LC) (mp4a / 0x6134706D), 44100 Hz, stereo, fltp, 128 kb/s
      Metadata:
        encoder         : Lavc61.19.101 aac
frame=   50 fps=0.0 q=31.0 size=     256KiB time=00:00:00.81 bitrate=2565.8kbits/s speed=1.59x    
frame=  138 fps=134 q=31.0 size=    1024KiB time=00:00:02.28 bitrate=3670.3kbits/s speed=2.22x    
frame=  227 fps=147 q=31.0 size=    2048KiB time=00:00:03.77 bitrate=4449.8kbits/s speed=2.44x    
frame=  320 fps=155 q=31.0 size=    2816KiB time=00:00:05.32 bitrate=4334.7kbits/s speed=2.58x    
frame=  412 fps=160 q=31.0 size=    3584KiB time=00:00:06.85 bitrate=4281.9kbits/s speed=2.66x    
frame=  495 fps=160 q=31.0 size=    4608KiB time=00:00:08.24 bitrate=4580.3kbits/s speed=2.66x    
[mpegts @ 0000018c9077c080] PES packet size mismatch
[mpegts @ 0000018c9077c080] Packet corrupt (stream = 1, dts = 251367617).
frame=  590 fps=163 q=31.0 size=    5632KiB time=00:00:09.82 bitrate=4695.2kbits/s speed=2.72x    
frame=  685 fps=166 q=31.0 size=    6400KiB time=00:00:11.41 bitrate=4594.5kbits/s speed=2.76x    
frame=  777 fps=167 q=31.0 size=    7424KiB time=00:00:12.94 bitrate=4697.7kbits/s speed=2.79x    
frame=  874 fps=169 q=31.0 size=    8192KiB time=00:00:14.56 bitrate=4607.7kbits/s speed=2.82x    
frame=  966 fps=170 q=31.0 size=    9216KiB time=00:00:16.09 bitrate=4689.5kbits/s speed=2.84x    
frame= 1066 fps=172 q=31.0 size=   10240KiB time=00:00:17.76 bitrate=4721.3kbits/s speed=2.87x    
frame= 1165 fps=174 q=31.0 size=   11008KiB time=00:00:19.41 bitrate=4643.7kbits/s speed= 2.9x    
[mpegts @ 0000018c9077c080] PES packet size mismatch
[mpegts @ 0000018c9077c080] Packet corrupt (stream = 1, dts = 251367617).
[concat @ 0000018ce4bfef80] Packet corrupt (stream = 1, dts = 2067342).
[in#0/concat @ 0000018ce4c02d80] corrupt input packet in stream 1
frame= 1268 fps=176 q=31.0 size=   11776KiB time=00:00:21.13 bitrate=4563.8kbits/s speed=2.93x    
[h264 @ 0000018ce67e9180] error while decoding MB 84 35, bytestream -5
[h264 @ 0000018ce67e9180] concealing 3925 DC, 3925 AC, 3925 MV errors in P frame
[vist#0:1/h264 @ 0000018ce69a9940] [dec:h264 @ 0000018ce6f7ebc0] corrupt decoded frame
[out#0/mp4 @ 0000018ce4bff400] video:12271KiB audio:371KiB subtitle:0KiB other streams:0KiB global headers:0KiB muxing overhead: 0.302242%
frame= 1378 fps=181 q=-1.0 Lsize=   12680KiB time=00:00:22.97 bitrate=4521.7kbits/s speed=3.01x    
[libx264 @ 0000018ce6f3c040] frame I:6     Avg QP:19.17  size:131644
[libx264 @ 0000018ce6f3c040] frame P:348   Avg QP:24.15  size: 22199
[libx264 @ 0000018ce6f3c040] frame B:1024  Avg QP:29.06  size:  3955
[libx264 @ 0000018ce6f3c040] consecutive B-frames:  0.8%  0.0%  1.1% 98.1%
[libx264 @ 0000018ce6f3c040] mb I  I16..4: 23.7% 43.3% 33.1%
[libx264 @ 0000018ce6f3c040] mb P  I16..4:  0.7%  1.3%  0.6%  P16..4: 29.3% 10.8%  5.9%  0.0%  0.0%    skip:51.5%
[libx264 @ 0000018ce6f3c040] mb B  I16..4:  0.0%  0.0%  0.1%  B16..8: 27.4%  1.6%  0.3%  direct: 0.2%  skip:70.3%  L0:51.6% L1:45.4% BI: 3.0%
[libx264 @ 0000018ce6f3c040] 8x8 transform intra:46.1% inter:64.2%
[libx264 @ 0000018ce6f3c040] coded y,uvDC,uvAC intra: 44.2% 53.7% 26.3% inter: 3.9% 4.0% 0.3%
[libx264 @ 0000018ce6f3c040] i16 v,h,dc,p: 64% 15% 13%  7%
[libx264 @ 0000018ce6f3c040] i8 v,h,dc,ddl,ddr,vr,hd,vl,hu: 26% 13% 33%  4%  4%  6%  4%  5%  4%
[libx264 @ 0000018ce6f3c040] i4 v,h,dc,ddl,ddr,vr,hd,vl,hu: 31% 12% 15%  6%  9% 12%  6%  7%  4%
[libx264 @ 0000018ce6f3c040] i8c dc,h,v,p: 52% 18% 24%  6%
[libx264 @ 0000018ce6f3c040] Weighted P-Frames: Y:0.0% UV:0.0%
[libx264 @ 0000018ce6f3c040] ref P L0: 64.9% 10.4% 20.7%  4.0%
[libx264 @ 0000018ce6f3c040] ref B L0: 93.7%  5.3%  1.0%
[libx264 @ 0000018ce6f3c040] ref B L1: 97.9%  2.1%
[libx264 @ 0000018ce6f3c040] kb/s:4372.37
[aac @ 0000018ce6f77dc0] Qavg: 825.607

2025-06-29 22:49:06.369 +02:00 [INF] FFmpeg terminé avec code 0
2025-06-29 22:49:06.369 +02:00 [INF] FFmpeg concat+reencode result: 
[stderr]
ffmpeg version 7.1.1-essentials_build-www.gyan.dev Copyright (c) 2000-2025 the FFmpeg developers
  built with gcc 14.2.0 (Rev1, Built by MSYS2 project)
  configuration: --enable-gpl --enable-version3 --enable-static --disable-w32threads --disable-autodetect --enable-fontconfig --enable-iconv --enable-gnutls --enable-libxml2 --enable-gmp --enable-bzlib --enable-lzma --enable-zlib --enable-libsrt --enable-libssh --enable-libzmq --enable-avisynth --enable-sdl2 --enable-libwebp --enable-libx264 --enable-libx265 --enable-libxvid --enable-libaom --enable-libopenjpeg --enable-libvpx --enable-mediafoundation --enable-libass --enable-libfreetype --enable-libfribidi --enable-libharfbuzz --enable-libvidstab --enable-libvmaf --enable-libzimg --enable-amf --enable-cuda-llvm --enable-cuvid --enable-dxva2 --enable-d3d11va --enable-d3d12va --enable-ffnvcodec --enable-libvpl --enable-nvdec --enable-nvenc --enable-vaapi --enable-libgme --enable-libopenmpt --enable-libopencore-amrwb --enable-libmp3lame --enable-libtheora --enable-libvo-amrwbenc --enable-libgsm --enable-libopencore-amrnb --enable-libopus --enable-libspeex --enable-libvorbis --enable-librubberband
  libavutil      59. 39.100 / 59. 39.100
  libavcodec     61. 19.101 / 61. 19.101
  libavformat    61.  7.100 / 61.  7.100
  libavdevice    61.  3.100 / 61.  3.100
  libavfilter    10.  4.100 / 10.  4.100
  libswscale      8.  3.100 /  8.  3.100
  libswresample   5.  3.100 /  5.  3.100
  libpostproc    58.  3.100 / 58.  3.100
Input #0, concat, from 'C:\Users\terre\Documents\Strivea\Recordings\YouTube\Gigi Murin Ch. hololive-EN\Temp\5EIjfy_ikKo\TempConcat\concat.txt':
  Duration: N/A, start: 0.000000, bitrate: 136 kb/s
  Stream #0:0: Audio: aac (LC) ([15][0][0][0] / 0x000F), 44100 Hz, stereo, fltp, 136 kb/s
  Stream #0:1: Video: h264 (Main) ([27][0][0][0] / 0x001B), yuv420p(tv, bt709, progressive), 1920x1080 [SAR 1:1 DAR 16:9], 59.94 fps, 59.94 tbr, 90k tbn
Stream mapping:
  Stream #0:1 -> #0:0 (h264 (native) -> h264 (libx264))
  Stream #0:0 -> #0:1 (aac (native) -> aac (native))
Press [q] to stop, [?] for help
[libx264 @ 0000018ce6f3c040] using SAR=1/1
[libx264 @ 0000018ce6f3c040] using cpu capabilities: MMX2 SSE2Fast SSSE3 SSE4.2 AVX FMA3 BMI2 AVX2 AVX512
[libx264 @ 0000018ce6f3c040] profile High, level 4.2, 4:2:0, 8-bit
[libx264 @ 0000018ce6f3c040] 264 - core 164 r3204 373697b - H.264/MPEG-4 AVC codec - Copyleft 2003-2025 - http://www.videolan.org/x264.html - options: cabac=1 ref=3 deblock=1:0:0 analyse=0x3:0x113 me=hex subme=7 psy=1 psy_rd=1.00:0.00 mixed_ref=1 me_range=16 chroma_me=1 trellis=1 8x8dct=1 cqm=0 deadzone=21,11 fast_pskip=1 chroma_qp_offset=-2 threads=24 lookahead_threads=4 sliced_threads=0 nr=0 decimate=1 interlaced=0 bluray_compat=0 constrained_intra=0 bframes=3 b_pyramid=2 b_adapt=1 b_bias=0 direct=1 weightb=1 open_gop=0 weightp=2 keyint=250 keyint_min=25 scenecut=40 intra_refresh=0 rc_lookahead=40 rc=crf mbtree=1 crf=23.0 qcomp=0.60 qpmin=0 qpmax=69 qpstep=4 ip_ratio=1.40 aq=1:1.00
Output #0, mp4, to 'C:\Users\terre\Documents\Strivea\Recordings\YouTube\Gigi Murin Ch. hololive-EN\Temp\5EIjfy_ikKo\TempConcat\output.mp4':
  Metadata:
    encoder         : Lavf61.7.100
  Stream #0:0: Video: h264 (avc1 / 0x31637661), yuv420p(tv, bt709, progressive), 1920x1080 [SAR 1:1 DAR 16:9], q=2-31, 59.94 fps, 60k tbn
      Metadata:
        encoder         : Lavc61.19.101 libx264
      Side data:
        cpb: bitrate max/min/avg: 0/0/0 buffer size: 0 vbv_delay: N/A
  Stream #0:1: Audio: aac (LC) (mp4a / 0x6134706D), 44100 Hz, stereo, fltp, 128 kb/s
      Metadata:
        encoder         : Lavc61.19.101 aac
frame=   50 fps=0.0 q=31.0 size=     256KiB time=00:00:00.81 bitrate=2565.8kbits/s speed=1.59x    
frame=  138 fps=134 q=31.0 size=    1024KiB time=00:00:02.28 bitrate=3670.3kbits/s speed=2.22x    
frame=  227 fps=147 q=31.0 size=    2048KiB time=00:00:03.77 bitrate=4449.8kbits/s speed=2.44x    
frame=  320 fps=155 q=31.0 size=    2816KiB time=00:00:05.32 bitrate=4334.7kbits/s speed=2.58x    
frame=  412 fps=160 q=31.0 size=    3584KiB time=00:00:06.85 bitrate=4281.9kbits/s speed=2.66x    
frame=  495 fps=160 q=31.0 size=    4608KiB time=00:00:08.24 bitrate=4580.3kbits/s speed=2.66x    
[mpegts @ 0000018c9077c080] PES packet size mismatch
[mpegts @ 0000018c9077c080] Packet corrupt (stream = 1, dts = 251367617).
frame=  590 fps=163 q=31.0 size=    5632KiB time=00:00:09.82 bitrate=4695.2kbits/s speed=2.72x    
frame=  685 fps=166 q=31.0 size=    6400KiB time=00:00:11.41 bitrate=4594.5kbits/s speed=2.76x    
frame=  777 fps=167 q=31.0 size=    7424KiB time=00:00:12.94 bitrate=4697.7kbits/s speed=2.79x    
frame=  874 fps=169 q=31.0 size=    8192KiB time=00:00:14.56 bitrate=4607.7kbits/s speed=2.82x    
frame=  966 fps=170 q=31.0 size=    9216KiB time=00:00:16.09 bitrate=4689.5kbits/s speed=2.84x    
frame= 1066 fps=172 q=31.0 size=   10240KiB time=00:00:17.76 bitrate=4721.3kbits/s speed=2.87x    
frame= 1165 fps=174 q=31.0 size=   11008KiB time=00:00:19.41 bitrate=4643.7kbits/s speed= 2.9x    
[mpegts @ 0000018c9077c080] PES packet size mismatch
[mpegts @ 0000018c9077c080] Packet corrupt (stream = 1, dts = 251367617).
[concat @ 0000018ce4bfef80] Packet corrupt (stream = 1, dts = 2067342).
[in#0/concat @ 0000018ce4c02d80] corrupt input packet in stream 1
frame= 1268 fps=176 q=31.0 size=   11776KiB time=00:00:21.13 bitrate=4563.8kbits/s speed=2.93x    
[h264 @ 0000018ce67e9180] error while decoding MB 84 35, bytestream -5
[h264 @ 0000018ce67e9180] concealing 3925 DC, 3925 AC, 3925 MV errors in P frame
[vist#0:1/h264 @ 0000018ce69a9940] [dec:h264 @ 0000018ce6f7ebc0] corrupt decoded frame
[out#0/mp4 @ 0000018ce4bff400] video:12271KiB audio:371KiB subtitle:0KiB other streams:0KiB global headers:0KiB muxing overhead: 0.302242%
frame= 1378 fps=181 q=-1.0 Lsize=   12680KiB time=00:00:22.97 bitrate=4521.7kbits/s speed=3.01x    
[libx264 @ 0000018ce6f3c040] frame I:6     Avg QP:19.17  size:131644
[libx264 @ 0000018ce6f3c040] frame P:348   Avg QP:24.15  size: 22199
[libx264 @ 0000018ce6f3c040] frame B:1024  Avg QP:29.06  size:  3955
[libx264 @ 0000018ce6f3c040] consecutive B-frames:  0.8%  0.0%  1.1% 98.1%
[libx264 @ 0000018ce6f3c040] mb I  I16..4: 23.7% 43.3% 33.1%
[libx264 @ 0000018ce6f3c040] mb P  I16..4:  0.7%  1.3%  0.6%  P16..4: 29.3% 10.8%  5.9%  0.0%  0.0%    skip:51.5%
[libx264 @ 0000018ce6f3c040] mb B  I16..4:  0.0%  0.0%  0.1%  B16..8: 27.4%  1.6%  0.3%  direct: 0.2%  skip:70.3%  L0:51.6% L1:45.4% BI: 3.0%
[libx264 @ 0000018ce6f3c040] 8x8 transform intra:46.1% inter:64.2%
[libx264 @ 0000018ce6f3c040] coded y,uvDC,uvAC intra: 44.2% 53.7% 26.3% inter: 3.9% 4.0% 0.3%
[libx264 @ 0000018ce6f3c040] i16 v,h,dc,p: 64% 15% 13%  7%
[libx264 @ 0000018ce6f3c040] i8 v,h,dc,ddl,ddr,vr,hd,vl,hu: 26% 13% 33%  4%  4%  6%  4%  5%  4%
[libx264 @ 0000018ce6f3c040] i4 v,h,dc,ddl,ddr,vr,hd,vl,hu: 31% 12% 15%  6%  9% 12%  6%  7%  4%
[libx264 @ 0000018ce6f3c040] i8c dc,h,v,p: 52% 18% 24%  6%
[libx264 @ 0000018ce6f3c040] Weighted P-Frames: Y:0.0% UV:0.0%
[libx264 @ 0000018ce6f3c040] ref P L0: 64.9% 10.4% 20.7%  4.0%
[libx264 @ 0000018ce6f3c040] ref B L0: 93.7%  5.3%  1.0%
[libx264 @ 0000018ce6f3c040] ref B L1: 97.9%  2.1%
[libx264 @ 0000018ce6f3c040] kb/s:4372.37
[aac @ 0000018ce6f77dc0] Qavg: 825.607

2025-06-29 22:49:06.370 +02:00 [INF] [CONCAT] Déplacement du fichier final vers : C:\Users\terre\Documents\Strivea\Recordings\YouTube\Gigi Murin Ch. hololive-EN\Kura Revolving Sushi Bar x hololive English Collab! #sponsored.mp4
2025-06-29 22:49:06.372 +02:00 [INF] [CONCAT] Fichier final déplacé vers : C:\Users\terre\Documents\Strivea\Recordings\YouTube\Gigi Murin Ch. hololive-EN\Kura Revolving Sushi Bar x hololive English Collab! #sponsored.mp4
2025-06-29 22:49:06.372 +02:00 [INF] [CONCAT] Concaténation et conversion terminées avec succès.
2025-06-29 22:49:06.375 +02:00 [INF] CanStopMonitoring est évalué. IsMonitoring: True
2025-06-29 22:49:06.376 +02:00 [INF] IsMonitoring a changé: False
2025-06-29 22:49:06.377 +02:00 [INF] CanStopMonitoring est évalué. IsMonitoring: False
2025-06-29 22:49:06.377 +02:00 [INF] CanStartMonitoring après changement: True
2025-06-29 22:49:06.377 +02:00 [INF] CanStopMonitoring est évalué. IsMonitoring: False
2025-06-29 22:49:06.377 +02:00 [INF] CanStopMonitoring après changement: False
2025-06-29 22:49:06.377 +02:00 [INF] [DEBUG] IsMonitoring forcé à False dans finally StopMonitoringAsync
2025-06-29 22:49:06.377 +02:00 [INF] CanStopMonitoring est évalué. IsMonitoring: False
2025-06-29 22:50:09.065 +02:00 [INF] Démarrage de l'application...
2025-06-29 22:50:09.096 +02:00 [INF] Initialisation de l'application...
2025-06-29 22:50:09.133 +02:00 [INF] Initialisation du framework terminée...
2025-06-29 22:50:09.133 +02:00 [INF] Application Avalonia construite
2025-06-29 22:50:09.134 +02:00 [INF] Configuration des services...
2025-06-29 22:50:09.141 +02:00 [INF] Construction du conteneur DI...
2025-06-29 22:50:09.434 +02:00 [INF] Démarrage de l'application...
2025-06-29 22:50:09.512 +02:00 [INF] Initialisation du framework terminée...
2025-06-29 22:50:09.819 +02:00 [INF] YouTubeStreamDetector initialisé
2025-06-29 22:50:09.822 +02:00 [INF] MainViewModel initialisé
2025-06-29 22:50:09.824 +02:00 [INF] CanStartMonitoring après changement: True
2025-06-29 22:50:09.824 +02:00 [INF] CanStopMonitoring est évalué. IsMonitoring: False
2025-06-29 22:50:09.824 +02:00 [INF] CanStopMonitoring après changement: False
2025-06-29 22:50:09.838 +02:00 [INF] CanStopMonitoring est évalué. IsMonitoring: False
2025-06-29 22:50:09.841 +02:00 [INF] Application démarrée avec succès
2025-06-29 22:52:05.963 +02:00 [INF] Démarrage de l'application...
2025-06-29 22:52:05.995 +02:00 [INF] Initialisation de l'application...
2025-06-29 22:52:06.031 +02:00 [INF] Initialisation du framework terminée...
2025-06-29 22:52:06.031 +02:00 [INF] Application Avalonia construite
2025-06-29 22:52:06.032 +02:00 [INF] Configuration des services...
2025-06-29 22:52:06.039 +02:00 [INF] Construction du conteneur DI...
2025-06-29 22:52:06.338 +02:00 [INF] Démarrage de l'application...
2025-06-29 22:52:06.418 +02:00 [INF] Initialisation du framework terminée...
2025-06-29 22:52:06.723 +02:00 [INF] YouTubeStreamDetector initialisé
2025-06-29 22:52:06.727 +02:00 [INF] MainViewModel initialisé
2025-06-29 22:52:06.729 +02:00 [INF] CanStartMonitoring après changement: True
2025-06-29 22:52:06.729 +02:00 [INF] CanStopMonitoring est évalué. IsMonitoring: False
2025-06-29 22:52:06.729 +02:00 [INF] CanStopMonitoring après changement: False
2025-06-29 22:52:06.743 +02:00 [INF] CanStopMonitoring est évalué. IsMonitoring: False
2025-06-29 22:52:06.747 +02:00 [INF] Application démarrée avec succès
2025-06-29 22:54:27.663 +02:00 [INF] Démarrage de l'application...
2025-06-29 22:54:27.694 +02:00 [INF] Initialisation de l'application...
2025-06-29 22:54:27.730 +02:00 [INF] Initialisation du framework terminée...
2025-06-29 22:54:27.730 +02:00 [INF] Application Avalonia construite
2025-06-29 22:54:27.731 +02:00 [INF] Configuration des services...
2025-06-29 22:54:27.739 +02:00 [INF] Construction du conteneur DI...
2025-06-29 22:54:28.033 +02:00 [INF] Démarrage de l'application...
2025-06-29 22:54:28.118 +02:00 [INF] Initialisation du framework terminée...
2025-06-29 22:54:28.437 +02:00 [INF] YouTubeStreamDetector initialisé
2025-06-29 22:54:28.440 +02:00 [INF] MainViewModel initialisé
2025-06-29 22:54:28.442 +02:00 [INF] CanStartMonitoring après changement: True
2025-06-29 22:54:28.442 +02:00 [INF] CanStopMonitoring est évalué. IsMonitoring: False
2025-06-29 22:54:28.442 +02:00 [INF] CanStopMonitoring après changement: False
2025-06-29 22:54:28.456 +02:00 [INF] CanStopMonitoring est évalué. IsMonitoring: False
2025-06-29 22:54:28.459 +02:00 [INF] Application démarrée avec succès
2025-06-29 22:55:51.058 +02:00 [INF] Démarrage de l'application...
2025-06-29 22:55:51.092 +02:00 [INF] Initialisation de l'application...
2025-06-29 22:55:51.133 +02:00 [INF] Initialisation du framework terminée...
2025-06-29 22:55:51.133 +02:00 [INF] Application Avalonia construite
2025-06-29 22:55:51.134 +02:00 [INF] Configuration des services...
2025-06-29 22:55:51.142 +02:00 [INF] Construction du conteneur DI...
2025-06-29 22:55:51.441 +02:00 [INF] Démarrage de l'application...
2025-06-29 22:55:51.520 +02:00 [INF] Initialisation du framework terminée...
2025-06-29 22:55:51.823 +02:00 [INF] YouTubeStreamDetector initialisé
2025-06-29 22:55:51.826 +02:00 [INF] MainViewModel initialisé
2025-06-29 22:55:51.828 +02:00 [INF] CanStartMonitoring après changement: True
2025-06-29 22:55:51.829 +02:00 [INF] CanStopMonitoring est évalué. IsMonitoring: False
2025-06-29 22:55:51.829 +02:00 [INF] CanStopMonitoring après changement: False
2025-06-29 22:55:51.843 +02:00 [INF] CanStopMonitoring est évalué. IsMonitoring: False
2025-06-29 22:55:51.845 +02:00 [INF] Application démarrée avec succès
2025-06-29 23:00:34.677 +02:00 [INF] Démarrage de l'application...
2025-06-29 23:00:34.708 +02:00 [INF] Initialisation de l'application...
2025-06-29 23:00:34.747 +02:00 [INF] Initialisation du framework terminée...
2025-06-29 23:00:34.747 +02:00 [INF] Application Avalonia construite
2025-06-29 23:00:34.748 +02:00 [INF] Configuration des services...
2025-06-29 23:00:34.756 +02:00 [INF] Construction du conteneur DI...
2025-06-29 23:00:35.034 +02:00 [INF] Démarrage de l'application...
2025-06-29 23:00:35.110 +02:00 [INF] Initialisation du framework terminée...
2025-06-29 23:00:35.410 +02:00 [INF] YouTubeStreamDetector initialisé
2025-06-29 23:00:35.413 +02:00 [INF] MainViewModel initialisé
2025-06-29 23:00:35.415 +02:00 [INF] CanStartMonitoring après changement: True
2025-06-29 23:00:35.415 +02:00 [INF] CanStopMonitoring est évalué. IsMonitoring: False
2025-06-29 23:00:35.415 +02:00 [INF] CanStopMonitoring après changement: False
2025-06-29 23:00:35.428 +02:00 [INF] CanStopMonitoring est évalué. IsMonitoring: False
2025-06-29 23:00:35.431 +02:00 [INF] Application démarrée avec succès
2025-06-29 23:02:42.764 +02:00 [INF] Démarrage de l'application...
2025-06-29 23:02:42.797 +02:00 [INF] Initialisation de l'application...
2025-06-29 23:02:42.837 +02:00 [INF] Initialisation du framework terminée...
2025-06-29 23:02:42.837 +02:00 [INF] Application Avalonia construite
2025-06-29 23:02:42.838 +02:00 [INF] Configuration des services...
2025-06-29 23:02:42.846 +02:00 [INF] Construction du conteneur DI...
2025-06-29 23:02:43.187 +02:00 [INF] Démarrage de l'application...
2025-06-29 23:02:43.266 +02:00 [INF] Initialisation du framework terminée...
2025-06-29 23:02:43.619 +02:00 [INF] YouTubeStreamDetector initialisé
2025-06-29 23:02:43.622 +02:00 [INF] MainViewModel initialisé
2025-06-29 23:02:43.624 +02:00 [INF] CanStartMonitoring après changement: True
2025-06-29 23:02:43.624 +02:00 [INF] CanStopMonitoring est évalué. IsMonitoring: False
2025-06-29 23:02:43.624 +02:00 [INF] CanStopMonitoring après changement: False
2025-06-29 23:02:43.639 +02:00 [INF] CanStopMonitoring est évalué. IsMonitoring: False
2025-06-29 23:02:43.642 +02:00 [INF] Application démarrée avec succès
2025-06-29 23:04:15.275 +02:00 [INF] Début de la récupération des informations du stream YouTube pour : https://www.youtube.com/@holoen_gigimurin
2025-06-29 23:04:15.567 +02:00 [ERR] Erreur inattendue lors de la récupération des informations du stream pour https://www.youtube.com/@holoen_gigimurin
System.Net.Http.HttpRequestException: Response status code does not indicate success: 403 (Forbidden).
   at System.Net.Http.HttpResponseMessage.EnsureSuccessStatusCode()
   at System.Net.Http.HttpClient.GetStringAsyncCore(HttpRequestMessage request, CancellationToken cancellationToken)
   at Strivea.Services.YouTubeStreamDetector.ExtractChannelId(String url) in F:\1\Nouveau dossier\Channel-monitor\Services\YouTubeStreamDetector.cs:line 118
   at Strivea.Services.YouTubeStreamDetector.GetStreamInfoAsync(String url) in F:\1\Nouveau dossier\Channel-monitor\Services\YouTubeStreamDetector.cs:line 225
2025-06-29 23:04:45.581 +02:00 [INF] Début de la récupération des informations du stream YouTube pour : https://www.youtube.com/watch?v=J5u2aGUrNq8
2025-06-29 23:04:45.624 +02:00 [INF] [API] videoResponse: {
  "kind": "youtube#videoListResponse",
  "etag": "XFCyaJXd-ouVivAJOO6NBP54wdM",
  "items": [
    {
      "kind": "youtube#video",
      "etag": "g1rq_bnOz_dx58Xh7XWEGXs4Ul0",
      "id": "J5u2aGUrNq8",
      "snippet": {
        "publishedAt": "2025-06-29T08:36:38Z",
        "channelId": "UCL_qhgtOy0dy1Agp8vkySQg",
        "title": "【THAT'S WILD?! 24 HOUR CHARITY STREAM】PART 3 #thatswild2025 #calliolive #kosekibijou",
        "description": "Donate to Wildlife Warriors Worldwide TODAY! https://tilt.fyi/uZIThIgk3w\nMore info on me and Biboo's Campaign: https://tilt.fyi/qIGUWDdrcB\n\nCheck out the great work being done by Wildlife Warriors Worldwide!\nhttps://wildlifewarriors.org.au/\n\nlogo by the amazing https://x.com/orihimevt\nkv by the awesome https://x.com/tami_yagi\nbackground and assets by Resu https://x.com/Resu_desu\nーーーーーーーーーーーーーーーー\nーーーーーーーーー\nBGM: https://x.com/BigRicePiano\nhttps://x.com/the_arkhand\nhttps://x.com/alterclad\n\nRequest from hololive Productions to underage viewers\nPlease search for [Request To Minors] or click on the link below, to read it and enjoy the video!\nhttps://hololivepro.com/en/request-to-minors/\n＝＝＝＝＝＝＝＝＝＝＝＝＝＝＝＝＝＝＝＝＝＝＝＝＝\n\nart by the fabulous https://x.com/tami_yagi",
        "thumbnails": {
          "default": {
            "url": "https://i.ytimg.com/vi/J5u2aGUrNq8/default_live.jpg",
            "width": 120,
            "height": 90
          },
          "medium": {
            "url": "https://i.ytimg.com/vi/J5u2aGUrNq8/mqdefault_live.jpg",
            "width": 320,
            "height": 180
          },
          "high": {
            "url": "https://i.ytimg.com/vi/J5u2aGUrNq8/hqdefault_live.jpg",
            "width": 480,
            "height": 360
          },
          "standard": {
            "url": "https://i.ytimg.com/vi/J5u2aGUrNq8/sddefault_live.jpg",
            "width": 640,
            "height": 480
          },
          "maxres": {
            "url": "https://i.ytimg.com/vi/J5u2aGUrNq8/maxresdefault_live.jpg",
            "width": 1280,
            "height": 720
          }
        },
        "channelTitle": "Mori Calliope Ch. hololive-EN",
        "tags": [
          "ホロライブ",
          "hololive",
          "ホロライブプロダクション",
          "hololive production",
          "ホロプロ",
          "Mori",
          "Calliope",
          "カリオペ",
          "hololive English",
          "holoEN",
          "hololive Myth",
          "holoMyth"
        ],
        "categoryId": "20",
        "liveBroadcastContent": "live",
        "localized": {
          "title": "【THAT'S WILD?! 24 HOUR CHARITY STREAM】PART 3 #thatswild2025 #calliolive #kosekibijou",
          "description": "Donate to Wildlife Warriors Worldwide TODAY! https://tilt.fyi/uZIThIgk3w\nMore info on me and Biboo's Campaign: https://tilt.fyi/qIGUWDdrcB\n\nCheck out the great work being done by Wildlife Warriors Worldwide!\nhttps://wildlifewarriors.org.au/\n\nlogo by the amazing https://x.com/orihimevt\nkv by the awesome https://x.com/tami_yagi\nbackground and assets by Resu https://x.com/Resu_desu\nーーーーーーーーーーーーーーーー\nーーーーーーーーー\nBGM: https://x.com/BigRicePiano\nhttps://x.com/the_arkhand\nhttps://x.com/alterclad\n\nRequest from hololive Productions to underage viewers\nPlease search for [Request To Minors] or click on the link below, to read it and enjoy the video!\nhttps://hololivepro.com/en/request-to-minors/\n＝＝＝＝＝＝＝＝＝＝＝＝＝＝＝＝＝＝＝＝＝＝＝＝＝\n\nart by the fabulous https://x.com/tami_yagi"
        },
        "defaultAudioLanguage": "ja"
      },
      "liveStreamingDetails": {
        "actualStartTime": "2025-06-29T17:17:47Z",
        "scheduledStartTime": "2025-06-29T16:00:00Z",
        "concurrentViewers": "15894",
        "activeLiveChatId": "Cg0KC0o1dTJhR1VyTnE4KicKGFVDTF9xaGd0T3kwZHkxQWdwOHZreVNRZxILSjV1MmFHVXJOcTg"
      }
    }
  ],
  "pageInfo": {
    "totalResults": 1,
    "resultsPerPage": 1
  }
}

2025-06-29 23:04:45.676 +02:00 [INF] [API] channelResponse: {
  "kind": "youtube#channelListResponse",
  "etag": "X-C6WQlOIpjUTDCKk-v9hjc14kQ",
  "pageInfo": {
    "totalResults": 1,
    "resultsPerPage": 5
  },
  "items": [
    {
      "kind": "youtube#channel",
      "etag": "gVMMfHMPtTbUnI9VZtyZNR_5VaY",
      "id": "UCL_qhgtOy0dy1Agp8vkySQg",
      "snippet": {
        "title": "Mori Calliope Ch. hololive-EN",
        "description": "Singer/songwriter, also Death.\nFor Inquiries\nCover Corp: http://cover-corp.com/\nOfficial Twitter: https://twitter.com/hololive_En",
        "customUrl": "@moricalliope",
        "publishedAt": "2020-07-16T06:24:04.369666Z",
        "thumbnails": {
          "default": {
            "url": "https://yt3.ggpht.com/ZZuzZBS3JHrZz49K3ApCYQo1NQLhN3ApfW0R9hAaIfCLMfx5YTL51bOgJv0zk6Ikdngmmn0G=s88-c-k-c0x00ffffff-no-rj",
            "width": 88,
            "height": 88
          },
          "medium": {
            "url": "https://yt3.ggpht.com/ZZuzZBS3JHrZz49K3ApCYQo1NQLhN3ApfW0R9hAaIfCLMfx5YTL51bOgJv0zk6Ikdngmmn0G=s240-c-k-c0x00ffffff-no-rj",
            "width": 240,
            "height": 240
          },
          "high": {
            "url": "https://yt3.ggpht.com/ZZuzZBS3JHrZz49K3ApCYQo1NQLhN3ApfW0R9hAaIfCLMfx5YTL51bOgJv0zk6Ikdngmmn0G=s800-c-k-c0x00ffffff-no-rj",
            "width": 800,
            "height": 800
          }
        },
        "localized": {
          "title": "Mori Calliope Ch. hololive-EN",
          "description": "Singer/songwriter, also Death.\nFor Inquiries\nCover Corp: http://cover-corp.com/\nOfficial Twitter: https://twitter.com/hololive_En"
        },
        "country": "JP"
      }
    }
  ]
}

2025-06-29 23:04:45.725 +02:00 [INF] Exécution de streamlink avec les arguments : -j https://www.youtube.com/watch?v=J5u2aGUrNq8 best
2025-06-29 23:04:45.730 +02:00 [INF] Processus streamlink démarré
2025-06-29 23:04:48.341 +02:00 [INF] Processus streamlink terminé avec le code : 0
2025-06-29 23:04:48.341 +02:00 [INF] Sortie Streamlink (JSON) : {
  "type": "hls",
  "url": "https://manifest.googlevideo.com/api/manifest/hls_playlist/expire/1751252716/ei/jKphaIOTG6Sip-oP7qe_sAY/ip/2a01:e0a:8f1:aac0:53b:a603:3714:1c77/id/J5u2aGUrNq8.1/itag/301/source/yt_live_broadcast/requiressl/yes/ratebypass/yes/live/1/sgoap/gir%3Dyes%3Bitag%3D140/sgovp/gir%3Dyes%3Bitag%3D299/rqh/1/hls_chunk_host/rr4---sn-25glenlz.googlevideo.com/xpc/EgVo2aDSNQ%3D%3D/bui/AY1jyLNlVgIxHwXY2ADReEm9pVyc7OHAlKWjkjEDIL4dp8UdiLkvOVrBuusydc7z-4SB1uoRbEj25hEn/spc/l3OVKWPoEISFqklZE9n6jebnTHzqVlj38i7m6vp_i67ZFWPkOKc6TzLUa23Yxc1NEZ3zrhU5Kj0/vprv/1/playlist_type/LIVE/initcwndbps/2041250/met/1751231117,/mh/-j/mm/44/mn/sn-25glenlz/ms/lva/mv/m/mvi/4/pl/45/rms/lva,lva/dover/11/pacing/0/keepalive/yes/fexp/51355912/mt/1751230599/sparams/expire,ei,ip,id,itag,source,requiressl,ratebypass,live,sgoap,sgovp,rqh,xpc,bui,spc,vprv,playlist_type/sig/AJfQdSswRgIhAJk_ldR9OMfeX8fxQrk8d3chtk5oM6cGglJ2hr8ilgdkAiEAy0OFO1cJ80H6r1GfAY-RZce9Ix8asm6H_kJlIqtsGcA%3D/lsparams/hls_chunk_host,initcwndbps,met,mh,mm,mn,ms,mv,mvi,pl,rms/lsig/APaTxxMwRQIhAJP7P3UQ6ZFsInHN9Sf76y2ixHLBzcOn5mbJdZYPaHhyAiAwnQWynzlqDdwSb_Vdb3R_LhyOAjQ7Nut1CilPqsEWZQ%3D%3D/playlist/index.m3u8",
  "headers": {
    "User-Agent": "Mozilla/5.0 (Windows NT 10.0; Win64; x64) AppleWebKit/537.36 (KHTML, like Gecko) Chrome/134.0.0.0 Safari/537.36",
    "Accept-Encoding": "gzip, deflate, br, zstd",
    "Accept": "*/*",
    "Connection": "keep-alive"
  },
  "master": "https://manifest.googlevideo.com/api/manifest/hls_variant/expire/1751252716/ei/jKphaIOTG6Sip-oP7qe_sAY/ip/2a01%3Ae0a%3A8f1%3Aaac0%3A53b%3Aa603%3A3714%3A1c77/id/J5u2aGUrNq8.1/source/yt_live_broadcast/requiressl/yes/xpc/EgVo2aDSNQ%3D%3D/hfr/1/maudio/1/bui/AY1jyLNlVgIxHwXY2ADReEm9pVyc7OHAlKWjkjEDIL4dp8UdiLkvOVrBuusydc7z-4SB1uoRbEj25hEn/spc/l3OVKWPoEISFqklZE9n6jebnTHzqVlj38i7m6vp_i67ZFWPkOKc6TzLUa23Yxc1NEZ3zrhU5Kj0/vprv/1/go/1/rqh/5/pacing/0/nvgoi/1/ncsapi/1/keepalive/yes/fexp/51355912/dover/11/itag/0/playlist_type/LIVE/sparams/expire%2Cei%2Cip%2Cid%2Csource%2Crequiressl%2Cxpc%2Chfr%2Cmaudio%2Cbui%2Cspc%2Cvprv%2Cgo%2Crqh%2Citag%2Cplaylist_type/sig/AJfQdSswRQIhALSYn9f9MYeD5k0rnQJOpN7p0I5q9VplsJmHLtbrTCNpAiAA8dwS_Jo4MNEPCXvBVUYhIDa4o9QLd04F1LmSB8TMAg%3D%3D/file/index.m3u8",
  "metadata": {
    "id": "J5u2aGUrNq8",
    "author": "Mori Calliope Ch. hololive-EN",
    "category": "Gaming",
    "title": "\u3010THAT'S WILD?! 24 HOUR CHARITY STREAM\u3011PART 3 #thatswild2025 #calliolive #kosekibijou"
  }
}

2025-06-29 23:04:48.358 +02:00 [INF] Récupération de l'URL du stream pour https://www.youtube.com/watch?v=J5u2aGUrNq8
2025-06-29 23:04:50.073 +02:00 [INF] IsMonitoring a changé: True
2025-06-29 23:04:50.073 +02:00 [INF] CanStopMonitoring est évalué. IsMonitoring: True
2025-06-29 23:04:50.073 +02:00 [INF] CanStartMonitoring après changement: False
2025-06-29 23:04:50.073 +02:00 [INF] CanStopMonitoring est évalué. IsMonitoring: True
2025-06-29 23:04:50.073 +02:00 [INF] CanStopMonitoring après changement: True
2025-06-29 23:04:50.076 +02:00 [INF] Démarrage de l'enregistrement pour Mori Calliope Ch. hololive-EN sur YouTube
2025-06-29 23:04:50.076 +02:00 [INF] URL du stream : https://manifest.googlevideo.com/api/manifest/hls_playlist/expire/1751252717/ei/japhaPffObKCp-oP8avxuA0/ip/2a01:e0a:8f1:aac0:53b:a603:3714:1c77/id/J5u2aGUrNq8.1/itag/301/source/yt_live_broadcast/requiressl/yes/ratebypass/yes/live/1/sgoap/gir%3Dyes%3Bitag%3D140/sgovp/gir%3Dyes%3Bitag%3D299/rqh/1/hls_chunk_host/rr4---sn-25glenlz.googlevideo.com/xpc/EgVo2aDSNQ%3D%3D/bui/AY1jyLOKZY-a9DK--KVef1gE6-ZntIMglD0AbKd5xmE3KfhcMjBcVzDUsMxIsYK8mCgGAx6AJPILvOvU/spc/l3OVKe7UG-zAc0etWDwW_mudSaocVgKQpTgMn50pNM3rQU-J4DQ5qgi327zk1MCyjP0Y47aqNvw/vprv/1/playlist_type/LIVE/initcwndbps/1672500/met/1751231118,/mh/-j/mm/44/mn/sn-25glenlz/ms/lva/mv/m/mvi/4/pl/45/rms/lva,lva/dover/11/pacing/0/keepalive/yes/fexp/51355912/mt/1751230838/sparams/expire,ei,ip,id,itag,source,requiressl,ratebypass,live,sgoap,sgovp,rqh,xpc,bui,spc,vprv,playlist_type/sig/AJfQdSswRQIgQQOgam_KN7Tqbdopwe3VC4nuLU1CNRfvm_UMUEfhqr8CIQC-xbYDEt8psCnKEnEZL01_ml5rtiguWAkM8-EWB1x8qg%3D%3D/lsparams/hls_chunk_host,initcwndbps,met,mh,mm,mn,ms,mv,mvi,pl,rms/lsig/APaTxxMwRQIhAOvNAEBssu8xRAIR1p3fJXxThJ6WJf9frZqdrOfVFL-9AiAqFvFgLM_S26ocKBxZcdgjBpN3yzfbKoOD-CQPsDENrg%3D%3D/playlist/index.m3u8
2025-06-29 23:04:50.076 +02:00 [INF] Chemin de sortie : C:\Users\terre\Documents\Strivea\Recordings\YouTube\Mori Calliope Ch. hololive-EN\Temp\J5u2aGUrNq8\【THAT'S WILD_! 24 HOUR CHARITY STREAM】PART 3 #thatswild2025 #calliolive #kosekibijou_20250629_230450.ts
2025-06-29 23:04:50.123 +02:00 [INF] Enregistrement démarré pour Mori Calliope Ch. hololive-EN sur YouTube
2025-06-29 23:05:08.238 +02:00 [INF] CanStopMonitoring est évalué. IsMonitoring: True
2025-06-29 23:05:08.241 +02:00 [INF] Arrêt de l'enregistrement pour Mori Calliope Ch. hololive-EN sur YouTube
2025-06-29 23:05:08.245 +02:00 [INF] Enregistrement terminé pour Mori Calliope Ch. hololive-EN sur YouTube
2025-06-29 23:05:08.245 +02:00 [INF] Durée : 00:00:18
2025-06-29 23:05:08.245 +02:00 [INF] Taille du fichier : 8 MB
2025-06-29 23:05:08.247 +02:00 [INF] [CONCAT] Début de la concaténation des segments vidéo...
2025-06-29 23:05:08.249 +02:00 [INF] [CONCAT] Fichiers .ts à concaténer (1) :
2025-06-29 23:05:08.249 +02:00 [INF] [CONCAT] - C:\Users\terre\Documents\Strivea\Recordings\YouTube\Mori Calliope Ch. hololive-EN\Temp\J5u2aGUrNq8\【THAT'S WILD_! 24 HOUR CHARITY STREAM】PART 3 #thatswild2025 #calliolive #kosekibijou_20250629_230450.ts
2025-06-29 23:05:08.254 +02:00 [INF] CanStopMonitoring est évalué. IsMonitoring: True
2025-06-29 23:05:08.255 +02:00 [INF] [CONCAT] Début de la conversion en mp4...
2025-06-29 23:05:08.255 +02:00 [INF] Commande FFmpeg concat+reencode : ffmpeg -f concat -safe 0 -i "C:\Users\terre\Documents\Strivea\Recordings\YouTube\Mori Calliope Ch. hololive-EN\Temp\J5u2aGUrNq8\TempConcat\concat.txt" -c:v libx264 -c:a aac "C:\Users\terre\Documents\Strivea\Recordings\YouTube\Mori Calliope Ch. hololive-EN\Temp\J5u2aGUrNq8\TempConcat\output.mp4"
2025-06-29 23:05:13.888 +02:00 [ERR] FFmpeg stderr : ffmpeg version 7.1.1-essentials_build-www.gyan.dev Copyright (c) 2000-2025 the FFmpeg developers
  built with gcc 14.2.0 (Rev1, Built by MSYS2 project)
  configuration: --enable-gpl --enable-version3 --enable-static --disable-w32threads --disable-autodetect --enable-fontconfig --enable-iconv --enable-gnutls --enable-libxml2 --enable-gmp --enable-bzlib --enable-lzma --enable-zlib --enable-libsrt --enable-libssh --enable-libzmq --enable-avisynth --enable-sdl2 --enable-libwebp --enable-libx264 --enable-libx265 --enable-libxvid --enable-libaom --enable-libopenjpeg --enable-libvpx --enable-mediafoundation --enable-libass --enable-libfreetype --enable-libfribidi --enable-libharfbuzz --enable-libvidstab --enable-libvmaf --enable-libzimg --enable-amf --enable-cuda-llvm --enable-cuvid --enable-dxva2 --enable-d3d11va --enable-d3d12va --enable-ffnvcodec --enable-libvpl --enable-nvdec --enable-nvenc --enable-vaapi --enable-libgme --enable-libopenmpt --enable-libopencore-amrwb --enable-libmp3lame --enable-libtheora --enable-libvo-amrwbenc --enable-libgsm --enable-libopencore-amrnb --enable-libopus --enable-libspeex --enable-libvorbis --enable-librubberband
  libavutil      59. 39.100 / 59. 39.100
  libavcodec     61. 19.101 / 61. 19.101
  libavformat    61.  7.100 / 61.  7.100
  libavdevice    61.  3.100 / 61.  3.100
  libavfilter    10.  4.100 / 10.  4.100
  libswscale      8.  3.100 /  8.  3.100
  libswresample   5.  3.100 /  5.  3.100
  libpostproc    58.  3.100 / 58.  3.100
[mpegts @ 0000015eb4440440] PES packet size mismatch
[mpegts @ 0000015eb4440440] Packet corrupt (stream = 1, dts = 1230838500).
Input #0, concat, from 'C:\Users\terre\Documents\Strivea\Recordings\YouTube\Mori Calliope Ch. hololive-EN\Temp\J5u2aGUrNq8\TempConcat\concat.txt':
  Duration: N/A, start: 0.000000, bitrate: 125 kb/s
  Stream #0:0: Audio: aac (LC) ([15][0][0][0] / 0x000F), 44100 Hz, stereo, fltp, 125 kb/s
  Stream #0:1: Video: h264 (Main) ([27][0][0][0] / 0x001B), yuv420p(tv, bt709, progressive), 1920x1080 [SAR 1:1 DAR 16:9], 60 fps, 60 tbr, 90k tbn
Stream mapping:
  Stream #0:1 -> #0:0 (h264 (native) -> h264 (libx264))
  Stream #0:0 -> #0:1 (aac (native) -> aac (native))
Press [q] to stop, [?] for help
[libx264 @ 0000015eb46d8040] using SAR=1/1
[libx264 @ 0000015eb46d8040] using cpu capabilities: MMX2 SSE2Fast SSSE3 SSE4.2 AVX FMA3 BMI2 AVX2 AVX512
[libx264 @ 0000015eb46d8040] profile High, level 4.2, 4:2:0, 8-bit
[libx264 @ 0000015eb46d8040] 264 - core 164 r3204 373697b - H.264/MPEG-4 AVC codec - Copyleft 2003-2025 - http://www.videolan.org/x264.html - options: cabac=1 ref=3 deblock=1:0:0 analyse=0x3:0x113 me=hex subme=7 psy=1 psy_rd=1.00:0.00 mixed_ref=1 me_range=16 chroma_me=1 trellis=1 8x8dct=1 cqm=0 deadzone=21,11 fast_pskip=1 chroma_qp_offset=-2 threads=24 lookahead_threads=4 sliced_threads=0 nr=0 decimate=1 interlaced=0 bluray_compat=0 constrained_intra=0 bframes=3 b_pyramid=2 b_adapt=1 b_bias=0 direct=1 weightb=1 open_gop=0 weightp=2 keyint=250 keyint_min=25 scenecut=40 intra_refresh=0 rc_lookahead=40 rc=crf mbtree=1 crf=23.0 qcomp=0.60 qpmin=0 qpmax=69 qpstep=4 ip_ratio=1.40 aq=1:1.00
Output #0, mp4, to 'C:\Users\terre\Documents\Strivea\Recordings\YouTube\Mori Calliope Ch. hololive-EN\Temp\J5u2aGUrNq8\TempConcat\output.mp4':
  Metadata:
    encoder         : Lavf61.7.100
  Stream #0:0: Video: h264 (avc1 / 0x31637661), yuv420p(tv, bt709, progressive), 1920x1080 [SAR 1:1 DAR 16:9], q=2-31, 60 fps, 15360 tbn
      Metadata:
        encoder         : Lavc61.19.101 libx264
      Side data:
        cpb: bitrate max/min/avg: 0/0/0 buffer size: 0 vbv_delay: N/A
  Stream #0:1: Audio: aac (LC) (mp4a / 0x6134706D), 44100 Hz, stereo, fltp, 128 kb/s
      Metadata:
        encoder         : Lavc61.19.101 aac
frame=   72 fps=0.0 q=31.0 size=     256KiB time=00:00:01.16 bitrate=1797.9kbits/s speed=2.24x    
frame=  164 fps=155 q=31.0 size=     512KiB time=00:00:02.70 bitrate=1553.6kbits/s speed=2.56x    
frame=  276 fps=176 q=31.0 size=    1024KiB time=00:00:04.56 bitrate=1837.0kbits/s speed=2.92x    
frame=  410 fps=197 q=31.0 size=    1536KiB time=00:00:06.80 bitrate=1850.5kbits/s speed=3.27x    
frame=  542 fps=208 q=31.0 size=    2048KiB time=00:00:09.00 bitrate=1864.2kbits/s speed=3.46x    
frame=  651 fps=209 q=31.0 size=    2560KiB time=00:00:10.81 bitrate=1938.9kbits/s speed=3.47x    
frame=  767 fps=211 q=31.0 size=    3072KiB time=00:00:12.75 bitrate=1973.8kbits/s speed=3.51x    
frame=  899 fps=217 q=31.0 size=    3328KiB time=00:00:14.95 bitrate=1823.6kbits/s speed= 3.6x    
frame= 1017 fps=218 q=31.0 size=    3840KiB time=00:00:16.91 bitrate=1859.6kbits/s speed=3.63x    
[mpegts @ 0000015eb4440440] PES packet size mismatch
[mpegts @ 0000015eb4440440] Packet corrupt (stream = 1, dts = 1230838500).
[concat @ 0000015eb443ef80] Packet corrupt (stream = 1, dts = 1707000).
[in#0/concat @ 0000015eb4442d80] corrupt input packet in stream 1
[h264 @ 0000015eb4669500] error while decoding MB 16 62, bytestream -5
[h264 @ 0000015eb4669500] concealing 753 DC, 753 AC, 753 MV errors in P frame
[vist#0:1/h264 @ 0000015eb4452200] [dec:h264 @ 0000015eb45b0a80] corrupt decoded frame
[out#0/mp4 @ 0000015eb4930440] video:4215KiB audio:301KiB subtitle:0KiB other streams:0KiB global headers:0KiB muxing overhead: 0.704211%
frame= 1140 fps=227 q=-1.0 Lsize=    4548KiB time=00:00:18.96 bitrate=1964.4kbits/s speed=3.78x    
[libx264 @ 0000015eb46d8040] frame I:5     Avg QP:18.19  size:150433
[libx264 @ 0000015eb46d8040] frame P:303   Avg QP:21.93  size:  9090
[libx264 @ 0000015eb46d8040] frame B:832   Avg QP:22.41  size:   972
[libx264 @ 0000015eb46d8040] consecutive B-frames:  1.7%  2.5%  1.8% 94.0%
[libx264 @ 0000015eb46d8040] mb I  I16..4: 10.4% 33.9% 55.7%
[libx264 @ 0000015eb46d8040] mb P  I16..4:  0.3%  0.3%  0.4%  P16..4:  6.4%  2.3%  2.0%  0.0%  0.0%    skip:88.3%
[libx264 @ 0000015eb46d8040] mb B  I16..4:  0.0%  0.0%  0.0%  B16..8:  4.3%  0.6%  0.2%  direct: 0.1%  skip:94.9%  L0:46.7% L1:46.0% BI: 7.3%
[libx264 @ 0000015eb46d8040] 8x8 transform intra:32.2% inter:37.5%
[libx264 @ 0000015eb46d8040] coded y,uvDC,uvAC intra: 53.1% 60.2% 41.8% inter: 1.3% 1.3% 0.2%
[libx264 @ 0000015eb46d8040] i16 v,h,dc,p: 32% 52% 13%  3%
[libx264 @ 0000015eb46d8040] i8 v,h,dc,ddl,ddr,vr,hd,vl,hu: 42% 16% 32%  2%  1%  2%  1%  2%  2%
[libx264 @ 0000015eb46d8040] i4 v,h,dc,ddl,ddr,vr,hd,vl,hu: 31% 40%  8%  4%  4%  3%  3%  3%  4%
[libx264 @ 0000015eb46d8040] i8c dc,h,v,p: 42% 37% 17%  4%
[libx264 @ 0000015eb46d8040] Weighted P-Frames: Y:0.0% UV:0.0%
[libx264 @ 0000015eb46d8040] ref P L0: 74.6%  9.7% 11.9%  3.8%
[libx264 @ 0000015eb46d8040] ref B L0: 89.0%  9.4%  1.5%
[libx264 @ 0000015eb46d8040] ref B L1: 95.8%  4.2%
[libx264 @ 0000015eb46d8040] kb/s:1817.00
[aac @ 0000015eb515f2c0] Qavg: 695.522

2025-06-29 23:05:13.902 +02:00 [INF] FFmpeg terminé avec code 0
2025-06-29 23:05:13.903 +02:00 [INF] FFmpeg concat+reencode result: 
[stderr]
ffmpeg version 7.1.1-essentials_build-www.gyan.dev Copyright (c) 2000-2025 the FFmpeg developers
  built with gcc 14.2.0 (Rev1, Built by MSYS2 project)
  configuration: --enable-gpl --enable-version3 --enable-static --disable-w32threads --disable-autodetect --enable-fontconfig --enable-iconv --enable-gnutls --enable-libxml2 --enable-gmp --enable-bzlib --enable-lzma --enable-zlib --enable-libsrt --enable-libssh --enable-libzmq --enable-avisynth --enable-sdl2 --enable-libwebp --enable-libx264 --enable-libx265 --enable-libxvid --enable-libaom --enable-libopenjpeg --enable-libvpx --enable-mediafoundation --enable-libass --enable-libfreetype --enable-libfribidi --enable-libharfbuzz --enable-libvidstab --enable-libvmaf --enable-libzimg --enable-amf --enable-cuda-llvm --enable-cuvid --enable-dxva2 --enable-d3d11va --enable-d3d12va --enable-ffnvcodec --enable-libvpl --enable-nvdec --enable-nvenc --enable-vaapi --enable-libgme --enable-libopenmpt --enable-libopencore-amrwb --enable-libmp3lame --enable-libtheora --enable-libvo-amrwbenc --enable-libgsm --enable-libopencore-amrnb --enable-libopus --enable-libspeex --enable-libvorbis --enable-librubberband
  libavutil      59. 39.100 / 59. 39.100
  libavcodec     61. 19.101 / 61. 19.101
  libavformat    61.  7.100 / 61.  7.100
  libavdevice    61.  3.100 / 61.  3.100
  libavfilter    10.  4.100 / 10.  4.100
  libswscale      8.  3.100 /  8.  3.100
  libswresample   5.  3.100 /  5.  3.100
  libpostproc    58.  3.100 / 58.  3.100
[mpegts @ 0000015eb4440440] PES packet size mismatch
[mpegts @ 0000015eb4440440] Packet corrupt (stream = 1, dts = 1230838500).
Input #0, concat, from 'C:\Users\terre\Documents\Strivea\Recordings\YouTube\Mori Calliope Ch. hololive-EN\Temp\J5u2aGUrNq8\TempConcat\concat.txt':
  Duration: N/A, start: 0.000000, bitrate: 125 kb/s
  Stream #0:0: Audio: aac (LC) ([15][0][0][0] / 0x000F), 44100 Hz, stereo, fltp, 125 kb/s
  Stream #0:1: Video: h264 (Main) ([27][0][0][0] / 0x001B), yuv420p(tv, bt709, progressive), 1920x1080 [SAR 1:1 DAR 16:9], 60 fps, 60 tbr, 90k tbn
Stream mapping:
  Stream #0:1 -> #0:0 (h264 (native) -> h264 (libx264))
  Stream #0:0 -> #0:1 (aac (native) -> aac (native))
Press [q] to stop, [?] for help
[libx264 @ 0000015eb46d8040] using SAR=1/1
[libx264 @ 0000015eb46d8040] using cpu capabilities: MMX2 SSE2Fast SSSE3 SSE4.2 AVX FMA3 BMI2 AVX2 AVX512
[libx264 @ 0000015eb46d8040] profile High, level 4.2, 4:2:0, 8-bit
[libx264 @ 0000015eb46d8040] 264 - core 164 r3204 373697b - H.264/MPEG-4 AVC codec - Copyleft 2003-2025 - http://www.videolan.org/x264.html - options: cabac=1 ref=3 deblock=1:0:0 analyse=0x3:0x113 me=hex subme=7 psy=1 psy_rd=1.00:0.00 mixed_ref=1 me_range=16 chroma_me=1 trellis=1 8x8dct=1 cqm=0 deadzone=21,11 fast_pskip=1 chroma_qp_offset=-2 threads=24 lookahead_threads=4 sliced_threads=0 nr=0 decimate=1 interlaced=0 bluray_compat=0 constrained_intra=0 bframes=3 b_pyramid=2 b_adapt=1 b_bias=0 direct=1 weightb=1 open_gop=0 weightp=2 keyint=250 keyint_min=25 scenecut=40 intra_refresh=0 rc_lookahead=40 rc=crf mbtree=1 crf=23.0 qcomp=0.60 qpmin=0 qpmax=69 qpstep=4 ip_ratio=1.40 aq=1:1.00
Output #0, mp4, to 'C:\Users\terre\Documents\Strivea\Recordings\YouTube\Mori Calliope Ch. hololive-EN\Temp\J5u2aGUrNq8\TempConcat\output.mp4':
  Metadata:
    encoder         : Lavf61.7.100
  Stream #0:0: Video: h264 (avc1 / 0x31637661), yuv420p(tv, bt709, progressive), 1920x1080 [SAR 1:1 DAR 16:9], q=2-31, 60 fps, 15360 tbn
      Metadata:
        encoder         : Lavc61.19.101 libx264
      Side data:
        cpb: bitrate max/min/avg: 0/0/0 buffer size: 0 vbv_delay: N/A
  Stream #0:1: Audio: aac (LC) (mp4a / 0x6134706D), 44100 Hz, stereo, fltp, 128 kb/s
      Metadata:
        encoder         : Lavc61.19.101 aac
frame=   72 fps=0.0 q=31.0 size=     256KiB time=00:00:01.16 bitrate=1797.9kbits/s speed=2.24x    
frame=  164 fps=155 q=31.0 size=     512KiB time=00:00:02.70 bitrate=1553.6kbits/s speed=2.56x    
frame=  276 fps=176 q=31.0 size=    1024KiB time=00:00:04.56 bitrate=1837.0kbits/s speed=2.92x    
frame=  410 fps=197 q=31.0 size=    1536KiB time=00:00:06.80 bitrate=1850.5kbits/s speed=3.27x    
frame=  542 fps=208 q=31.0 size=    2048KiB time=00:00:09.00 bitrate=1864.2kbits/s speed=3.46x    
frame=  651 fps=209 q=31.0 size=    2560KiB time=00:00:10.81 bitrate=1938.9kbits/s speed=3.47x    
frame=  767 fps=211 q=31.0 size=    3072KiB time=00:00:12.75 bitrate=1973.8kbits/s speed=3.51x    
frame=  899 fps=217 q=31.0 size=    3328KiB time=00:00:14.95 bitrate=1823.6kbits/s speed= 3.6x    
frame= 1017 fps=218 q=31.0 size=    3840KiB time=00:00:16.91 bitrate=1859.6kbits/s speed=3.63x    
[mpegts @ 0000015eb4440440] PES packet size mismatch
[mpegts @ 0000015eb4440440] Packet corrupt (stream = 1, dts = 1230838500).
[concat @ 0000015eb443ef80] Packet corrupt (stream = 1, dts = 1707000).
[in#0/concat @ 0000015eb4442d80] corrupt input packet in stream 1
[h264 @ 0000015eb4669500] error while decoding MB 16 62, bytestream -5
[h264 @ 0000015eb4669500] concealing 753 DC, 753 AC, 753 MV errors in P frame
[vist#0:1/h264 @ 0000015eb4452200] [dec:h264 @ 0000015eb45b0a80] corrupt decoded frame
[out#0/mp4 @ 0000015eb4930440] video:4215KiB audio:301KiB subtitle:0KiB other streams:0KiB global headers:0KiB muxing overhead: 0.704211%
frame= 1140 fps=227 q=-1.0 Lsize=    4548KiB time=00:00:18.96 bitrate=1964.4kbits/s speed=3.78x    
[libx264 @ 0000015eb46d8040] frame I:5     Avg QP:18.19  size:150433
[libx264 @ 0000015eb46d8040] frame P:303   Avg QP:21.93  size:  9090
[libx264 @ 0000015eb46d8040] frame B:832   Avg QP:22.41  size:   972
[libx264 @ 0000015eb46d8040] consecutive B-frames:  1.7%  2.5%  1.8% 94.0%
[libx264 @ 0000015eb46d8040] mb I  I16..4: 10.4% 33.9% 55.7%
[libx264 @ 0000015eb46d8040] mb P  I16..4:  0.3%  0.3%  0.4%  P16..4:  6.4%  2.3%  2.0%  0.0%  0.0%    skip:88.3%
[libx264 @ 0000015eb46d8040] mb B  I16..4:  0.0%  0.0%  0.0%  B16..8:  4.3%  0.6%  0.2%  direct: 0.1%  skip:94.9%  L0:46.7% L1:46.0% BI: 7.3%
[libx264 @ 0000015eb46d8040] 8x8 transform intra:32.2% inter:37.5%
[libx264 @ 0000015eb46d8040] coded y,uvDC,uvAC intra: 53.1% 60.2% 41.8% inter: 1.3% 1.3% 0.2%
[libx264 @ 0000015eb46d8040] i16 v,h,dc,p: 32% 52% 13%  3%
[libx264 @ 0000015eb46d8040] i8 v,h,dc,ddl,ddr,vr,hd,vl,hu: 42% 16% 32%  2%  1%  2%  1%  2%  2%
[libx264 @ 0000015eb46d8040] i4 v,h,dc,ddl,ddr,vr,hd,vl,hu: 31% 40%  8%  4%  4%  3%  3%  3%  4%
[libx264 @ 0000015eb46d8040] i8c dc,h,v,p: 42% 37% 17%  4%
[libx264 @ 0000015eb46d8040] Weighted P-Frames: Y:0.0% UV:0.0%
[libx264 @ 0000015eb46d8040] ref P L0: 74.6%  9.7% 11.9%  3.8%
[libx264 @ 0000015eb46d8040] ref B L0: 89.0%  9.4%  1.5%
[libx264 @ 0000015eb46d8040] ref B L1: 95.8%  4.2%
[libx264 @ 0000015eb46d8040] kb/s:1817.00
[aac @ 0000015eb515f2c0] Qavg: 695.522

2025-06-29 23:05:13.920 +02:00 [INF] [CONCAT] Déplacement du fichier final vers : C:\Users\terre\Documents\Strivea\Recordings\YouTube\Mori Calliope Ch. hololive-EN\【THAT'S WILD_! 24 HOUR CHARITY STREAM】PART 3 #thatswild2025 #calliolive #kosekibijou.mp4
2025-06-29 23:05:13.920 +02:00 [INF] [CONCAT] Fichier final déplacé vers : C:\Users\terre\Documents\Strivea\Recordings\YouTube\Mori Calliope Ch. hololive-EN\【THAT'S WILD_! 24 HOUR CHARITY STREAM】PART 3 #thatswild2025 #calliolive #kosekibijou.mp4
2025-06-29 23:05:13.921 +02:00 [INF] [CONCAT] Concaténation et conversion terminées avec succès.
2025-06-29 23:05:13.922 +02:00 [INF] CanStopMonitoring est évalué. IsMonitoring: True
2025-06-29 23:05:13.924 +02:00 [INF] IsMonitoring a changé: False
2025-06-29 23:05:13.924 +02:00 [INF] CanStopMonitoring est évalué. IsMonitoring: False
2025-06-29 23:05:13.924 +02:00 [INF] CanStartMonitoring après changement: True
2025-06-29 23:05:13.924 +02:00 [INF] CanStopMonitoring est évalué. IsMonitoring: False
2025-06-29 23:05:13.924 +02:00 [INF] CanStopMonitoring après changement: False
2025-06-29 23:05:13.924 +02:00 [INF] [DEBUG] IsMonitoring forcé à False dans finally StopMonitoringAsync
2025-06-29 23:05:13.924 +02:00 [INF] CanStopMonitoring est évalué. IsMonitoring: False
2025-06-29 23:05:24.652 +02:00 [INF] Début de la récupération des informations du stream YouTube pour : https://www.youtube.com/watch?v=J5u2aGUrNq8
2025-06-29 23:05:24.695 +02:00 [INF] [API] videoResponse: {
  "kind": "youtube#videoListResponse",
  "etag": "AW0KgE0ttWYXM9RFMBaIPJk4YvE",
  "items": [
    {
      "kind": "youtube#video",
      "etag": "wpNPR2DwtpSoIuok4ZtqcY9Q1Hg",
      "id": "J5u2aGUrNq8",
      "snippet": {
        "publishedAt": "2025-06-29T08:36:38Z",
        "channelId": "UCL_qhgtOy0dy1Agp8vkySQg",
        "title": "【THAT'S WILD?! 24 HOUR CHARITY STREAM】PART 3 #thatswild2025 #calliolive #kosekibijou",
        "description": "Donate to Wildlife Warriors Worldwide TODAY! https://tilt.fyi/uZIThIgk3w\nMore info on me and Biboo's Campaign: https://tilt.fyi/qIGUWDdrcB\n\nCheck out the great work being done by Wildlife Warriors Worldwide!\nhttps://wildlifewarriors.org.au/\n\nlogo by the amazing https://x.com/orihimevt\nkv by the awesome https://x.com/tami_yagi\nbackground and assets by Resu https://x.com/Resu_desu\nーーーーーーーーーーーーーーーー\nーーーーーーーーー\nBGM: https://x.com/BigRicePiano\nhttps://x.com/the_arkhand\nhttps://x.com/alterclad\n\nRequest from hololive Productions to underage viewers\nPlease search for [Request To Minors] or click on the link below, to read it and enjoy the video!\nhttps://hololivepro.com/en/request-to-minors/\n＝＝＝＝＝＝＝＝＝＝＝＝＝＝＝＝＝＝＝＝＝＝＝＝＝\n\nart by the fabulous https://x.com/tami_yagi",
        "thumbnails": {
          "default": {
            "url": "https://i.ytimg.com/vi/J5u2aGUrNq8/default_live.jpg",
            "width": 120,
            "height": 90
          },
          "medium": {
            "url": "https://i.ytimg.com/vi/J5u2aGUrNq8/mqdefault_live.jpg",
            "width": 320,
            "height": 180
          },
          "high": {
            "url": "https://i.ytimg.com/vi/J5u2aGUrNq8/hqdefault_live.jpg",
            "width": 480,
            "height": 360
          },
          "standard": {
            "url": "https://i.ytimg.com/vi/J5u2aGUrNq8/sddefault_live.jpg",
            "width": 640,
            "height": 480
          },
          "maxres": {
            "url": "https://i.ytimg.com/vi/J5u2aGUrNq8/maxresdefault_live.jpg",
            "width": 1280,
            "height": 720
          }
        },
        "channelTitle": "Mori Calliope Ch. hololive-EN",
        "tags": [
          "ホロライブ",
          "hololive",
          "ホロライブプロダクション",
          "hololive production",
          "ホロプロ",
          "Mori",
          "Calliope",
          "カリオペ",
          "hololive English",
          "holoEN",
          "hololive Myth",
          "holoMyth"
        ],
        "categoryId": "20",
        "liveBroadcastContent": "live",
        "localized": {
          "title": "【THAT'S WILD?! 24 HOUR CHARITY STREAM】PART 3 #thatswild2025 #calliolive #kosekibijou",
          "description": "Donate to Wildlife Warriors Worldwide TODAY! https://tilt.fyi/uZIThIgk3w\nMore info on me and Biboo's Campaign: https://tilt.fyi/qIGUWDdrcB\n\nCheck out the great work being done by Wildlife Warriors Worldwide!\nhttps://wildlifewarriors.org.au/\n\nlogo by the amazing https://x.com/orihimevt\nkv by the awesome https://x.com/tami_yagi\nbackground and assets by Resu https://x.com/Resu_desu\nーーーーーーーーーーーーーーーー\nーーーーーーーーー\nBGM: https://x.com/BigRicePiano\nhttps://x.com/the_arkhand\nhttps://x.com/alterclad\n\nRequest from hololive Productions to underage viewers\nPlease search for [Request To Minors] or click on the link below, to read it and enjoy the video!\nhttps://hololivepro.com/en/request-to-minors/\n＝＝＝＝＝＝＝＝＝＝＝＝＝＝＝＝＝＝＝＝＝＝＝＝＝\n\nart by the fabulous https://x.com/tami_yagi"
        },
        "defaultAudioLanguage": "ja"
      },
      "liveStreamingDetails": {
        "actualStartTime": "2025-06-29T17:17:47Z",
        "scheduledStartTime": "2025-06-29T16:00:00Z",
        "concurrentViewers": "16087",
        "activeLiveChatId": "Cg0KC0o1dTJhR1VyTnE4KicKGFVDTF9xaGd0T3kwZHkxQWdwOHZreVNRZxILSjV1MmFHVXJOcTg"
      }
    }
  ],
  "pageInfo": {
    "totalResults": 1,
    "resultsPerPage": 1
  }
}

2025-06-29 23:05:24.747 +02:00 [INF] [API] channelResponse: {
  "kind": "youtube#channelListResponse",
  "etag": "X-C6WQlOIpjUTDCKk-v9hjc14kQ",
  "pageInfo": {
    "totalResults": 1,
    "resultsPerPage": 5
  },
  "items": [
    {
      "kind": "youtube#channel",
      "etag": "gVMMfHMPtTbUnI9VZtyZNR_5VaY",
      "id": "UCL_qhgtOy0dy1Agp8vkySQg",
      "snippet": {
        "title": "Mori Calliope Ch. hololive-EN",
        "description": "Singer/songwriter, also Death.\nFor Inquiries\nCover Corp: http://cover-corp.com/\nOfficial Twitter: https://twitter.com/hololive_En",
        "customUrl": "@moricalliope",
        "publishedAt": "2020-07-16T06:24:04.369666Z",
        "thumbnails": {
          "default": {
            "url": "https://yt3.ggpht.com/ZZuzZBS3JHrZz49K3ApCYQo1NQLhN3ApfW0R9hAaIfCLMfx5YTL51bOgJv0zk6Ikdngmmn0G=s88-c-k-c0x00ffffff-no-rj",
            "width": 88,
            "height": 88
          },
          "medium": {
            "url": "https://yt3.ggpht.com/ZZuzZBS3JHrZz49K3ApCYQo1NQLhN3ApfW0R9hAaIfCLMfx5YTL51bOgJv0zk6Ikdngmmn0G=s240-c-k-c0x00ffffff-no-rj",
            "width": 240,
            "height": 240
          },
          "high": {
            "url": "https://yt3.ggpht.com/ZZuzZBS3JHrZz49K3ApCYQo1NQLhN3ApfW0R9hAaIfCLMfx5YTL51bOgJv0zk6Ikdngmmn0G=s800-c-k-c0x00ffffff-no-rj",
            "width": 800,
            "height": 800
          }
        },
        "localized": {
          "title": "Mori Calliope Ch. hololive-EN",
          "description": "Singer/songwriter, also Death.\nFor Inquiries\nCover Corp: http://cover-corp.com/\nOfficial Twitter: https://twitter.com/hololive_En"
        },
        "country": "JP"
      }
    }
  ]
}

2025-06-29 23:05:24.808 +02:00 [INF] Exécution de streamlink avec les arguments : -j https://www.youtube.com/watch?v=J5u2aGUrNq8 best
2025-06-29 23:05:24.811 +02:00 [INF] Processus streamlink démarré
2025-06-29 23:05:26.595 +02:00 [INF] Processus streamlink terminé avec le code : 0
2025-06-29 23:05:26.595 +02:00 [INF] Sortie Streamlink (JSON) : {
  "type": "hls",
  "url": "https://manifest.googlevideo.com/api/manifest/hls_playlist/expire/1751252754/ei/sqphaNmWF_PMp-oP_MKBAQ/ip/2a01:e0a:8f1:aac0:53b:a603:3714:1c77/id/J5u2aGUrNq8.1/itag/301/source/yt_live_broadcast/requiressl/yes/ratebypass/yes/live/1/sgoap/gir%3Dyes%3Bitag%3D140/sgovp/gir%3Dyes%3Bitag%3D299/rqh/1/hls_chunk_host/rr4---sn-25glenlz.googlevideo.com/xpc/EgVo2aDSNQ%3D%3D/bui/AY1jyLOyUePHRVLlXUSoTehJiCxn3di6hY0A2GPCR8pFllIeHRsO13rDoc5CzAAyI7cTGEZTKIHoPt7H/spc/l3OVKff4_HvqZaoBivmMHDf79VBQpoBk8L6tNf-VoP6syiHLzN08tD1OmTl2vMuonUXwbvzrq_4/vprv/1/playlist_type/LIVE/initcwndbps/1871250/met/1751231155,/mh/-j/mm/44/mn/sn-25glenlz/ms/lva/mv/m/mvi/4/pl/45/rms/lva,lva/dover/11/pacing/0/keepalive/yes/fexp/51355912/mt/1751230599/sparams/expire,ei,ip,id,itag,source,requiressl,ratebypass,live,sgoap,sgovp,rqh,xpc,bui,spc,vprv,playlist_type/sig/AJfQdSswRgIhAPn7M7G3zU7J6i5VHpbol6Wf357UM3LG7uew_pAse5TxAiEAvj5sZeXF1iGbEal8DbYoKeTP6w3MU-QIcPoatrOf8jo%3D/lsparams/hls_chunk_host,initcwndbps,met,mh,mm,mn,ms,mv,mvi,pl,rms/lsig/APaTxxMwRgIhAO2ZTtHtFz4Hn9JaltlPIivr66iqRrw5J07obVelj6AkAiEAvjJSDjb5Ac9kLVXkMjHElBnV7o211DapUi-9vgvACNk%3D/playlist/index.m3u8",
  "headers": {
    "User-Agent": "Mozilla/5.0 (Windows NT 10.0; Win64; x64) AppleWebKit/537.36 (KHTML, like Gecko) Chrome/134.0.0.0 Safari/537.36",
    "Accept-Encoding": "gzip, deflate, br, zstd",
    "Accept": "*/*",
    "Connection": "keep-alive"
  },
  "master": "https://manifest.googlevideo.com/api/manifest/hls_variant/expire/1751252754/ei/sqphaNmWF_PMp-oP_MKBAQ/ip/2a01%3Ae0a%3A8f1%3Aaac0%3A53b%3Aa603%3A3714%3A1c77/id/J5u2aGUrNq8.1/source/yt_live_broadcast/requiressl/yes/xpc/EgVo2aDSNQ%3D%3D/tx/51477232/txs/51477230%2C51477231%2C51477232/hfr/1/maudio/1/bui/AY1jyLOyUePHRVLlXUSoTehJiCxn3di6hY0A2GPCR8pFllIeHRsO13rDoc5CzAAyI7cTGEZTKIHoPt7H/spc/l3OVKff4_HvqZaoBivmMHDf79VBQpoBk8L6tNf-VoP6syiHLzN08tD1OmTl2vMuonUXwbvzrq_4/vprv/1/go/1/rqh/5/pacing/0/nvgoi/1/ncsapi/1/keepalive/yes/fexp/51355912/dover/11/itag/0/playlist_type/LIVE/sparams/expire%2Cei%2Cip%2Cid%2Csource%2Crequiressl%2Cxpc%2Ctx%2Ctxs%2Chfr%2Cmaudio%2Cbui%2Cspc%2Cvprv%2Cgo%2Crqh%2Citag%2Cplaylist_type/sig/AJfQdSswRgIhAKPccxxRcArTDj1-m6EoC5VZPKmtZwbQnKH4HWOgrQYnAiEA99M5Dpl0KkmJX_thlIlugvHkhZ_SmjjuT8mnk34CMKI%3D/file/index.m3u8",
  "metadata": {
    "id": "J5u2aGUrNq8",
    "author": "Mori Calliope Ch. hololive-EN",
    "category": "Gaming",
    "title": "\u3010THAT'S WILD?! 24 HOUR CHARITY STREAM\u3011PART 3 #thatswild2025 #calliolive #kosekibijou"
  }
}

2025-06-29 23:05:26.604 +02:00 [INF] Récupération de l'URL du stream pour https://www.youtube.com/watch?v=J5u2aGUrNq8
2025-06-29 23:05:28.200 +02:00 [INF] IsMonitoring a changé: True
2025-06-29 23:05:28.200 +02:00 [INF] CanStopMonitoring est évalué. IsMonitoring: True
2025-06-29 23:05:28.200 +02:00 [INF] CanStartMonitoring après changement: False
2025-06-29 23:05:28.200 +02:00 [INF] CanStopMonitoring est évalué. IsMonitoring: True
2025-06-29 23:05:28.200 +02:00 [INF] CanStopMonitoring après changement: True
2025-06-29 23:05:28.200 +02:00 [INF] Démarrage de l'enregistrement pour Mori Calliope Ch. hololive-EN sur YouTube
2025-06-29 23:05:28.200 +02:00 [INF] URL du stream : https://manifest.googlevideo.com/api/manifest/hls_playlist/expire/1751252756/ei/tKphaLDGDYWcp-oPpI2q6Q0/ip/2a01:e0a:8f1:aac0:53b:a603:3714:1c77/id/J5u2aGUrNq8.1/itag/301/source/yt_live_broadcast/requiressl/yes/ratebypass/yes/live/1/sgoap/gir%3Dyes%3Bitag%3D140/sgovp/gir%3Dyes%3Bitag%3D299/rqh/1/hls_chunk_host/rr4---sn-25glenlz.googlevideo.com/xpc/EgVo2aDSNQ%3D%3D/bui/AY1jyLMowfcjB-mTynsbRs2sWR0LNyYlgvrOeFnjiFBpGaMq0km60fHCDlA6SdKl8a05CnFDgHxepy_j/spc/l3OVKXqcDbyZjgtaF1cNrt-odJCf6pzrNBSB5ehpyPcgAQfvvRQgclU9w1RYw2wDDPqhaOKOweo/vprv/1/playlist_type/LIVE/initcwndbps/1871250/met/1751231156,/mh/-j/mm/44/mn/sn-25glenlz/ms/lva/mv/m/mvi/4/pl/45/rms/lva,lva/dover/11/pacing/0/keepalive/yes/fexp/51355912/mt/1751230599/sparams/expire,ei,ip,id,itag,source,requiressl,ratebypass,live,sgoap,sgovp,rqh,xpc,bui,spc,vprv,playlist_type/sig/AJfQdSswRQIhAMDXGfaZDkoKrisTBlSDdei9kOMmtnXemCV6o6ZemgVxAiBet38uFzPxWh-Mqd2lQ1rviFRd6SWJVIGcCXpYzpJxfA%3D%3D/lsparams/hls_chunk_host,initcwndbps,met,mh,mm,mn,ms,mv,mvi,pl,rms/lsig/APaTxxMwRAIgUtA8LgZrBwpVHSR4gdKybEpG1XuEqUzY84jIo7J1OO8CICg2IVCqt7Qsgu-39G2GBp232usT2kKJLRK-bGLBa47T/playlist/index.m3u8
2025-06-29 23:05:28.200 +02:00 [INF] Chemin de sortie : C:\Users\terre\Documents\Strivea\Recordings\YouTube\Mori Calliope Ch. hololive-EN\Temp\J5u2aGUrNq8\【THAT'S WILD_! 24 HOUR CHARITY STREAM】PART 3 #thatswild2025 #calliolive #kosekibijou_20250629_230528.ts
2025-06-29 23:05:28.248 +02:00 [INF] Enregistrement démarré pour Mori Calliope Ch. hololive-EN sur YouTube
2025-06-29 23:05:33.021 +02:00 [INF] CanStopMonitoring est évalué. IsMonitoring: True
2025-06-29 23:05:33.021 +02:00 [INF] Arrêt de l'enregistrement pour Mori Calliope Ch. hololive-EN sur YouTube
2025-06-29 23:05:33.022 +02:00 [INF] Enregistrement terminé pour Mori Calliope Ch. hololive-EN sur YouTube
2025-06-29 23:05:33.022 +02:00 [INF] Durée : 00:00:04
2025-06-29 23:05:33.022 +02:00 [INF] Taille du fichier : 2 MB
2025-06-29 23:05:33.022 +02:00 [INF] [CONCAT] Début de la concaténation des segments vidéo...
2025-06-29 23:05:33.023 +02:00 [INF] [CONCAT] Fichiers .ts à concaténer (2) :
2025-06-29 23:05:33.023 +02:00 [INF] [CONCAT] - C:\Users\terre\Documents\Strivea\Recordings\YouTube\Mori Calliope Ch. hololive-EN\Temp\J5u2aGUrNq8\【THAT'S WILD_! 24 HOUR CHARITY STREAM】PART 3 #thatswild2025 #calliolive #kosekibijou_20250629_230450.ts
2025-06-29 23:05:33.023 +02:00 [INF] [CONCAT] - C:\Users\terre\Documents\Strivea\Recordings\YouTube\Mori Calliope Ch. hololive-EN\Temp\J5u2aGUrNq8\【THAT'S WILD_! 24 HOUR CHARITY STREAM】PART 3 #thatswild2025 #calliolive #kosekibijou_20250629_230528.ts
2025-06-29 23:05:33.028 +02:00 [INF] CanStopMonitoring est évalué. IsMonitoring: True
2025-06-29 23:05:33.029 +02:00 [INF] [CONCAT] Début de la conversion en mp4...
2025-06-29 23:05:33.029 +02:00 [INF] Commande FFmpeg concat+reencode : ffmpeg -f concat -safe 0 -i "C:\Users\terre\Documents\Strivea\Recordings\YouTube\Mori Calliope Ch. hololive-EN\Temp\J5u2aGUrNq8\TempConcat\concat.txt" -c:v libx264 -c:a aac "C:\Users\terre\Documents\Strivea\Recordings\YouTube\Mori Calliope Ch. hololive-EN\Temp\J5u2aGUrNq8\TempConcat\output.mp4"
2025-06-29 23:05:39.640 +02:00 [ERR] FFmpeg stderr : ffmpeg version 7.1.1-essentials_build-www.gyan.dev Copyright (c) 2000-2025 the FFmpeg developers
  built with gcc 14.2.0 (Rev1, Built by MSYS2 project)
  configuration: --enable-gpl --enable-version3 --enable-static --disable-w32threads --disable-autodetect --enable-fontconfig --enable-iconv --enable-gnutls --enable-libxml2 --enable-gmp --enable-bzlib --enable-lzma --enable-zlib --enable-libsrt --enable-libssh --enable-libzmq --enable-avisynth --enable-sdl2 --enable-libwebp --enable-libx264 --enable-libx265 --enable-libxvid --enable-libaom --enable-libopenjpeg --enable-libvpx --enable-mediafoundation --enable-libass --enable-libfreetype --enable-libfribidi --enable-libharfbuzz --enable-libvidstab --enable-libvmaf --enable-libzimg --enable-amf --enable-cuda-llvm --enable-cuvid --enable-dxva2 --enable-d3d11va --enable-d3d12va --enable-ffnvcodec --enable-libvpl --enable-nvdec --enable-nvenc --enable-vaapi --enable-libgme --enable-libopenmpt --enable-libopencore-amrwb --enable-libmp3lame --enable-libtheora --enable-libvo-amrwbenc --enable-libgsm --enable-libopencore-amrnb --enable-libopus --enable-libspeex --enable-libvorbis --enable-librubberband
  libavutil      59. 39.100 / 59. 39.100
  libavcodec     61. 19.101 / 61. 19.101
  libavformat    61.  7.100 / 61.  7.100
  libavdevice    61.  3.100 / 61.  3.100
  libavfilter    10.  4.100 / 10.  4.100
  libswscale      8.  3.100 /  8.  3.100
  libswresample   5.  3.100 /  5.  3.100
  libpostproc    58.  3.100 / 58.  3.100
[mpegts @ 000001f9e7cf0500] PES packet size mismatch
[mpegts @ 000001f9e7cf0500] Packet corrupt (stream = 1, dts = 1230838500).
Input #0, concat, from 'C:\Users\terre\Documents\Strivea\Recordings\YouTube\Mori Calliope Ch. hololive-EN\Temp\J5u2aGUrNq8\TempConcat\concat.txt':
  Duration: N/A, start: 0.000000, bitrate: 125 kb/s
  Stream #0:0: Audio: aac (LC) ([15][0][0][0] / 0x000F), 44100 Hz, stereo, fltp, 125 kb/s
  Stream #0:1: Video: h264 (Main) ([27][0][0][0] / 0x001B), yuv420p(tv, bt709, progressive), 1920x1080 [SAR 1:1 DAR 16:9], 60 fps, 60 tbr, 90k tbn
Stream mapping:
  Stream #0:1 -> #0:0 (h264 (native) -> h264 (libx264))
  Stream #0:0 -> #0:1 (aac (native) -> aac (native))
Press [q] to stop, [?] for help
[libx264 @ 000001f9e7ef8040] using SAR=1/1
[libx264 @ 000001f9e7ef8040] using cpu capabilities: MMX2 SSE2Fast SSSE3 SSE4.2 AVX FMA3 BMI2 AVX2 AVX512
[libx264 @ 000001f9e7ef8040] profile High, level 4.2, 4:2:0, 8-bit
[libx264 @ 000001f9e7ef8040] 264 - core 164 r3204 373697b - H.264/MPEG-4 AVC codec - Copyleft 2003-2025 - http://www.videolan.org/x264.html - options: cabac=1 ref=3 deblock=1:0:0 analyse=0x3:0x113 me=hex subme=7 psy=1 psy_rd=1.00:0.00 mixed_ref=1 me_range=16 chroma_me=1 trellis=1 8x8dct=1 cqm=0 deadzone=21,11 fast_pskip=1 chroma_qp_offset=-2 threads=24 lookahead_threads=4 sliced_threads=0 nr=0 decimate=1 interlaced=0 bluray_compat=0 constrained_intra=0 bframes=3 b_pyramid=2 b_adapt=1 b_bias=0 direct=1 weightb=1 open_gop=0 weightp=2 keyint=250 keyint_min=25 scenecut=40 intra_refresh=0 rc_lookahead=40 rc=crf mbtree=1 crf=23.0 qcomp=0.60 qpmin=0 qpmax=69 qpstep=4 ip_ratio=1.40 aq=1:1.00
Output #0, mp4, to 'C:\Users\terre\Documents\Strivea\Recordings\YouTube\Mori Calliope Ch. hololive-EN\Temp\J5u2aGUrNq8\TempConcat\output.mp4':
  Metadata:
    encoder         : Lavf61.7.100
  Stream #0:0: Video: h264 (avc1 / 0x31637661), yuv420p(tv, bt709, progressive), 1920x1080 [SAR 1:1 DAR 16:9], q=2-31, 60 fps, 15360 tbn
      Metadata:
        encoder         : Lavc61.19.101 libx264
      Side data:
        cpb: bitrate max/min/avg: 0/0/0 buffer size: 0 vbv_delay: N/A
  Stream #0:1: Audio: aac (LC) (mp4a / 0x6134706D), 44100 Hz, stereo, fltp, 128 kb/s
      Metadata:
        encoder         : Lavc61.19.101 aac
frame=   73 fps=0.0 q=31.0 size=     256KiB time=00:00:01.18 bitrate=1772.6kbits/s speed=2.27x    
frame=  179 fps=173 q=31.0 size=     512KiB time=00:00:02.95 bitrate=1421.9kbits/s speed=2.84x    
frame=  294 fps=189 q=31.0 size=    1280KiB time=00:00:04.86 bitrate=2154.7kbits/s speed=3.13x    
frame=  416 fps=202 q=31.0 size=    1536KiB time=00:00:06.90 bitrate=1823.7kbits/s speed=3.35x    
frame=  542 fps=210 q=31.0 size=    2048KiB time=00:00:09.00 bitrate=1864.2kbits/s speed=3.49x    
frame=  669 fps=216 q=31.0 size=    2560KiB time=00:00:11.13 bitrate=1883.7kbits/s speed=3.59x    
frame=  790 fps=218 q=31.0 size=    3072KiB time=00:00:13.13 bitrate=1916.2kbits/s speed=3.63x    
frame=  907 fps=220 q=31.0 size=    3328KiB time=00:00:15.08 bitrate=1807.5kbits/s speed=3.65x    
frame= 1025 fps=220 q=31.0 size=    4096KiB time=00:00:17.05 bitrate=1968.0kbits/s speed=3.65x    
[mpegts @ 000001f9e7cf0500] PES packet size mismatch
[mpegts @ 000001f9e7cf0500] Packet corrupt (stream = 1, dts = 1230838500).
[concat @ 000001f9e7ceef80] Packet corrupt (stream = 1, dts = 1707000).
[in#0/concat @ 000001f9e7cf2d80] corrupt input packet in stream 1
[h264 @ 000001f9e8989680] error while decoding MB 16 62, bytestream -5
[h264 @ 000001f9e8989680] concealing 753 DC, 753 AC, 753 MV errors in P frame
[mpegts @ 000001f9e897d700] PES packet size mismatch
[mpegts @ 000001f9e897d700] Packet corrupt (stream = 1, dts = 1233088500).
[vist#0:1/h264 @ 000001f9e7d65880] [dec:h264 @ 000001f9e8982380] corrupt decoded frame
frame= 1140 fps=220 q=31.0 size=    4352KiB time=00:00:18.96 bitrate=1879.7kbits/s speed=3.66x    
frame= 1264 fps=222 q=31.0 size=    4864KiB time=00:00:21.05 bitrate=1892.9kbits/s speed= 3.7x    
[mpegts @ 000001f9e897d700] PES packet size mismatch
[mpegts @ 000001f9e897d700] Packet corrupt (stream = 1, dts = 1233088500).
[concat @ 000001f9e7ceef80] Packet corrupt (stream = 1, dts = 2247907).
[in#0/concat @ 000001f9e7cf2d80] corrupt input packet in stream 1
[h264 @ 000001f9e8985bc0] error while decoding MB 20 66, bytestream -13
[h264 @ 000001f9e8985bc0] concealing 269 DC, 269 AC, 269 MV errors in P frame
frame= 1411 fps=227 q=31.0 size=    5376KiB time=00:00:23.50 bitrate=1874.1kbits/s speed=3.78x    
[vist#0:1/h264 @ 000001f9e7d65880] [dec:h264 @ 000001f9e8982380] corrupt decoded frame
[out#0/mp4 @ 000001f9e7cef400] video:5399KiB audio:396KiB subtitle:0KiB other streams:0KiB global headers:0KiB muxing overhead: 0.714452%
frame= 1500 fps=234 q=-1.0 Lsize=    5837KiB time=00:00:24.98 bitrate=1913.9kbits/s speed=3.89x    
[libx264 @ 000001f9e7ef8040] frame I:6     Avg QP:18.18  size:147458
[libx264 @ 000001f9e7ef8040] frame P:400   Avg QP:21.76  size:  8981
[libx264 @ 000001f9e7ef8040] frame B:1094  Avg QP:22.90  size:   961
[libx264 @ 000001f9e7ef8040] consecutive B-frames:  1.5%  2.8%  2.6% 93.1%
[libx264 @ 000001f9e7ef8040] mb I  I16..4: 10.6% 35.2% 54.2%
[libx264 @ 000001f9e7ef8040] mb P  I16..4:  0.3%  0.3%  0.4%  P16..4:  6.3%  2.3%  2.0%  0.0%  0.0%    skip:88.5%
[libx264 @ 000001f9e7ef8040] mb B  I16..4:  0.0%  0.0%  0.0%  B16..8:  4.2%  0.6%  0.2%  direct: 0.1%  skip:94.9%  L0:46.9% L1:45.8% BI: 7.3%
[libx264 @ 000001f9e7ef8040] 8x8 transform intra:33.1% inter:37.4%
[libx264 @ 000001f9e7ef8040] coded y,uvDC,uvAC intra: 52.8% 59.8% 41.0% inter: 1.3% 1.3% 0.2%
[libx264 @ 000001f9e7ef8040] i16 v,h,dc,p: 31% 53% 13%  2%
[libx264 @ 000001f9e7ef8040] i8 v,h,dc,ddl,ddr,vr,hd,vl,hu: 42% 16% 31%  2%  2%  2%  2%  2%  2%
[libx264 @ 000001f9e7ef8040] i4 v,h,dc,ddl,ddr,vr,hd,vl,hu: 31% 39%  8%  4%  4%  3%  3%  3%  4%
[libx264 @ 000001f9e7ef8040] i8c dc,h,v,p: 42% 36% 18%  4%
[libx264 @ 000001f9e7ef8040] Weighted P-Frames: Y:0.0% UV:0.0%
[libx264 @ 000001f9e7ef8040] ref P L0: 74.8%  9.5% 12.0%  3.8%
[libx264 @ 000001f9e7ef8040] ref B L0: 88.9%  9.6%  1.5%
[libx264 @ 000001f9e7ef8040] ref B L1: 95.9%  4.1%
[libx264 @ 000001f9e7ef8040] kb/s:1767.76
[aac @ 000001f9e89871c0] Qavg: 753.131

2025-06-29 23:05:39.656 +02:00 [INF] FFmpeg terminé avec code 0
2025-06-29 23:05:39.657 +02:00 [INF] FFmpeg concat+reencode result: 
[stderr]
ffmpeg version 7.1.1-essentials_build-www.gyan.dev Copyright (c) 2000-2025 the FFmpeg developers
  built with gcc 14.2.0 (Rev1, Built by MSYS2 project)
  configuration: --enable-gpl --enable-version3 --enable-static --disable-w32threads --disable-autodetect --enable-fontconfig --enable-iconv --enable-gnutls --enable-libxml2 --enable-gmp --enable-bzlib --enable-lzma --enable-zlib --enable-libsrt --enable-libssh --enable-libzmq --enable-avisynth --enable-sdl2 --enable-libwebp --enable-libx264 --enable-libx265 --enable-libxvid --enable-libaom --enable-libopenjpeg --enable-libvpx --enable-mediafoundation --enable-libass --enable-libfreetype --enable-libfribidi --enable-libharfbuzz --enable-libvidstab --enable-libvmaf --enable-libzimg --enable-amf --enable-cuda-llvm --enable-cuvid --enable-dxva2 --enable-d3d11va --enable-d3d12va --enable-ffnvcodec --enable-libvpl --enable-nvdec --enable-nvenc --enable-vaapi --enable-libgme --enable-libopenmpt --enable-libopencore-amrwb --enable-libmp3lame --enable-libtheora --enable-libvo-amrwbenc --enable-libgsm --enable-libopencore-amrnb --enable-libopus --enable-libspeex --enable-libvorbis --enable-librubberband
  libavutil      59. 39.100 / 59. 39.100
  libavcodec     61. 19.101 / 61. 19.101
  libavformat    61.  7.100 / 61.  7.100
  libavdevice    61.  3.100 / 61.  3.100
  libavfilter    10.  4.100 / 10.  4.100
  libswscale      8.  3.100 /  8.  3.100
  libswresample   5.  3.100 /  5.  3.100
  libpostproc    58.  3.100 / 58.  3.100
[mpegts @ 000001f9e7cf0500] PES packet size mismatch
[mpegts @ 000001f9e7cf0500] Packet corrupt (stream = 1, dts = 1230838500).
Input #0, concat, from 'C:\Users\terre\Documents\Strivea\Recordings\YouTube\Mori Calliope Ch. hololive-EN\Temp\J5u2aGUrNq8\TempConcat\concat.txt':
  Duration: N/A, start: 0.000000, bitrate: 125 kb/s
  Stream #0:0: Audio: aac (LC) ([15][0][0][0] / 0x000F), 44100 Hz, stereo, fltp, 125 kb/s
  Stream #0:1: Video: h264 (Main) ([27][0][0][0] / 0x001B), yuv420p(tv, bt709, progressive), 1920x1080 [SAR 1:1 DAR 16:9], 60 fps, 60 tbr, 90k tbn
Stream mapping:
  Stream #0:1 -> #0:0 (h264 (native) -> h264 (libx264))
  Stream #0:0 -> #0:1 (aac (native) -> aac (native))
Press [q] to stop, [?] for help
[libx264 @ 000001f9e7ef8040] using SAR=1/1
[libx264 @ 000001f9e7ef8040] using cpu capabilities: MMX2 SSE2Fast SSSE3 SSE4.2 AVX FMA3 BMI2 AVX2 AVX512
[libx264 @ 000001f9e7ef8040] profile High, level 4.2, 4:2:0, 8-bit
[libx264 @ 000001f9e7ef8040] 264 - core 164 r3204 373697b - H.264/MPEG-4 AVC codec - Copyleft 2003-2025 - http://www.videolan.org/x264.html - options: cabac=1 ref=3 deblock=1:0:0 analyse=0x3:0x113 me=hex subme=7 psy=1 psy_rd=1.00:0.00 mixed_ref=1 me_range=16 chroma_me=1 trellis=1 8x8dct=1 cqm=0 deadzone=21,11 fast_pskip=1 chroma_qp_offset=-2 threads=24 lookahead_threads=4 sliced_threads=0 nr=0 decimate=1 interlaced=0 bluray_compat=0 constrained_intra=0 bframes=3 b_pyramid=2 b_adapt=1 b_bias=0 direct=1 weightb=1 open_gop=0 weightp=2 keyint=250 keyint_min=25 scenecut=40 intra_refresh=0 rc_lookahead=40 rc=crf mbtree=1 crf=23.0 qcomp=0.60 qpmin=0 qpmax=69 qpstep=4 ip_ratio=1.40 aq=1:1.00
Output #0, mp4, to 'C:\Users\terre\Documents\Strivea\Recordings\YouTube\Mori Calliope Ch. hololive-EN\Temp\J5u2aGUrNq8\TempConcat\output.mp4':
  Metadata:
    encoder         : Lavf61.7.100
  Stream #0:0: Video: h264 (avc1 / 0x31637661), yuv420p(tv, bt709, progressive), 1920x1080 [SAR 1:1 DAR 16:9], q=2-31, 60 fps, 15360 tbn
      Metadata:
        encoder         : Lavc61.19.101 libx264
      Side data:
        cpb: bitrate max/min/avg: 0/0/0 buffer size: 0 vbv_delay: N/A
  Stream #0:1: Audio: aac (LC) (mp4a / 0x6134706D), 44100 Hz, stereo, fltp, 128 kb/s
      Metadata:
        encoder         : Lavc61.19.101 aac
frame=   73 fps=0.0 q=31.0 size=     256KiB time=00:00:01.18 bitrate=1772.6kbits/s speed=2.27x    
frame=  179 fps=173 q=31.0 size=     512KiB time=00:00:02.95 bitrate=1421.9kbits/s speed=2.84x    
frame=  294 fps=189 q=31.0 size=    1280KiB time=00:00:04.86 bitrate=2154.7kbits/s speed=3.13x    
frame=  416 fps=202 q=31.0 size=    1536KiB time=00:00:06.90 bitrate=1823.7kbits/s speed=3.35x    
frame=  542 fps=210 q=31.0 size=    2048KiB time=00:00:09.00 bitrate=1864.2kbits/s speed=3.49x    
frame=  669 fps=216 q=31.0 size=    2560KiB time=00:00:11.13 bitrate=1883.7kbits/s speed=3.59x    
frame=  790 fps=218 q=31.0 size=    3072KiB time=00:00:13.13 bitrate=1916.2kbits/s speed=3.63x    
frame=  907 fps=220 q=31.0 size=    3328KiB time=00:00:15.08 bitrate=1807.5kbits/s speed=3.65x    
frame= 1025 fps=220 q=31.0 size=    4096KiB time=00:00:17.05 bitrate=1968.0kbits/s speed=3.65x    
[mpegts @ 000001f9e7cf0500] PES packet size mismatch
[mpegts @ 000001f9e7cf0500] Packet corrupt (stream = 1, dts = 1230838500).
[concat @ 000001f9e7ceef80] Packet corrupt (stream = 1, dts = 1707000).
[in#0/concat @ 000001f9e7cf2d80] corrupt input packet in stream 1
[h264 @ 000001f9e8989680] error while decoding MB 16 62, bytestream -5
[h264 @ 000001f9e8989680] concealing 753 DC, 753 AC, 753 MV errors in P frame
[mpegts @ 000001f9e897d700] PES packet size mismatch
[mpegts @ 000001f9e897d700] Packet corrupt (stream = 1, dts = 1233088500).
[vist#0:1/h264 @ 000001f9e7d65880] [dec:h264 @ 000001f9e8982380] corrupt decoded frame
frame= 1140 fps=220 q=31.0 size=    4352KiB time=00:00:18.96 bitrate=1879.7kbits/s speed=3.66x    
frame= 1264 fps=222 q=31.0 size=    4864KiB time=00:00:21.05 bitrate=1892.9kbits/s speed= 3.7x    
[mpegts @ 000001f9e897d700] PES packet size mismatch
[mpegts @ 000001f9e897d700] Packet corrupt (stream = 1, dts = 1233088500).
[concat @ 000001f9e7ceef80] Packet corrupt (stream = 1, dts = 2247907).
[in#0/concat @ 000001f9e7cf2d80] corrupt input packet in stream 1
[h264 @ 000001f9e8985bc0] error while decoding MB 20 66, bytestream -13
[h264 @ 000001f9e8985bc0] concealing 269 DC, 269 AC, 269 MV errors in P frame
frame= 1411 fps=227 q=31.0 size=    5376KiB time=00:00:23.50 bitrate=1874.1kbits/s speed=3.78x    
[vist#0:1/h264 @ 000001f9e7d65880] [dec:h264 @ 000001f9e8982380] corrupt decoded frame
[out#0/mp4 @ 000001f9e7cef400] video:5399KiB audio:396KiB subtitle:0KiB other streams:0KiB global headers:0KiB muxing overhead: 0.714452%
frame= 1500 fps=234 q=-1.0 Lsize=    5837KiB time=00:00:24.98 bitrate=1913.9kbits/s speed=3.89x    
[libx264 @ 000001f9e7ef8040] frame I:6     Avg QP:18.18  size:147458
[libx264 @ 000001f9e7ef8040] frame P:400   Avg QP:21.76  size:  8981
[libx264 @ 000001f9e7ef8040] frame B:1094  Avg QP:22.90  size:   961
[libx264 @ 000001f9e7ef8040] consecutive B-frames:  1.5%  2.8%  2.6% 93.1%
[libx264 @ 000001f9e7ef8040] mb I  I16..4: 10.6% 35.2% 54.2%
[libx264 @ 000001f9e7ef8040] mb P  I16..4:  0.3%  0.3%  0.4%  P16..4:  6.3%  2.3%  2.0%  0.0%  0.0%    skip:88.5%
[libx264 @ 000001f9e7ef8040] mb B  I16..4:  0.0%  0.0%  0.0%  B16..8:  4.2%  0.6%  0.2%  direct: 0.1%  skip:94.9%  L0:46.9% L1:45.8% BI: 7.3%
[libx264 @ 000001f9e7ef8040] 8x8 transform intra:33.1% inter:37.4%
[libx264 @ 000001f9e7ef8040] coded y,uvDC,uvAC intra: 52.8% 59.8% 41.0% inter: 1.3% 1.3% 0.2%
[libx264 @ 000001f9e7ef8040] i16 v,h,dc,p: 31% 53% 13%  2%
[libx264 @ 000001f9e7ef8040] i8 v,h,dc,ddl,ddr,vr,hd,vl,hu: 42% 16% 31%  2%  2%  2%  2%  2%  2%
[libx264 @ 000001f9e7ef8040] i4 v,h,dc,ddl,ddr,vr,hd,vl,hu: 31% 39%  8%  4%  4%  3%  3%  3%  4%
[libx264 @ 000001f9e7ef8040] i8c dc,h,v,p: 42% 36% 18%  4%
[libx264 @ 000001f9e7ef8040] Weighted P-Frames: Y:0.0% UV:0.0%
[libx264 @ 000001f9e7ef8040] ref P L0: 74.8%  9.5% 12.0%  3.8%
[libx264 @ 000001f9e7ef8040] ref B L0: 88.9%  9.6%  1.5%
[libx264 @ 000001f9e7ef8040] ref B L1: 95.9%  4.1%
[libx264 @ 000001f9e7ef8040] kb/s:1767.76
[aac @ 000001f9e89871c0] Qavg: 753.131

2025-06-29 23:05:39.658 +02:00 [INF] [CONCAT] Déplacement du fichier final vers : C:\Users\terre\Documents\Strivea\Recordings\YouTube\Mori Calliope Ch. hololive-EN\【THAT'S WILD_! 24 HOUR CHARITY STREAM】PART 3 #thatswild2025 #calliolive #kosekibijou.mp4
2025-06-29 23:05:39.659 +02:00 [INF] [CONCAT] Fichier final déplacé vers : C:\Users\terre\Documents\Strivea\Recordings\YouTube\Mori Calliope Ch. hololive-EN\【THAT'S WILD_! 24 HOUR CHARITY STREAM】PART 3 #thatswild2025 #calliolive #kosekibijou.mp4
2025-06-29 23:05:39.659 +02:00 [INF] [CONCAT] Concaténation et conversion terminées avec succès.
2025-06-29 23:05:39.662 +02:00 [INF] CanStopMonitoring est évalué. IsMonitoring: True
2025-06-29 23:05:39.663 +02:00 [INF] IsMonitoring a changé: False
2025-06-29 23:05:39.663 +02:00 [INF] CanStopMonitoring est évalué. IsMonitoring: False
2025-06-29 23:05:39.663 +02:00 [INF] CanStartMonitoring après changement: True
2025-06-29 23:05:39.663 +02:00 [INF] CanStopMonitoring est évalué. IsMonitoring: False
2025-06-29 23:05:39.663 +02:00 [INF] CanStopMonitoring après changement: False
2025-06-29 23:05:39.663 +02:00 [INF] [DEBUG] IsMonitoring forcé à False dans finally StopMonitoringAsync
2025-06-29 23:05:39.663 +02:00 [INF] CanStopMonitoring est évalué. IsMonitoring: False
2025-06-29 23:06:31.749 +02:00 [INF] Démarrage de l'application...
2025-06-29 23:06:31.780 +02:00 [INF] Initialisation de l'application...
2025-06-29 23:06:31.816 +02:00 [INF] Initialisation du framework terminée...
2025-06-29 23:06:31.816 +02:00 [INF] Application Avalonia construite
2025-06-29 23:06:31.817 +02:00 [INF] Configuration des services...
2025-06-29 23:06:31.824 +02:00 [INF] Construction du conteneur DI...
2025-06-29 23:06:32.116 +02:00 [INF] Démarrage de l'application...
2025-06-29 23:06:32.194 +02:00 [INF] Initialisation du framework terminée...
2025-06-29 23:06:32.490 +02:00 [INF] YouTubeStreamDetector initialisé
2025-06-29 23:06:32.493 +02:00 [INF] MainViewModel initialisé
2025-06-29 23:06:32.494 +02:00 [INF] CanStartMonitoring après changement: True
2025-06-29 23:06:32.495 +02:00 [INF] CanStopMonitoring est évalué. IsMonitoring: False
2025-06-29 23:06:32.495 +02:00 [INF] CanStopMonitoring après changement: False
2025-06-29 23:06:32.508 +02:00 [INF] CanStopMonitoring est évalué. IsMonitoring: False
2025-06-29 23:06:32.511 +02:00 [INF] Application démarrée avec succès
