2025-06-14 00:37:10.453 +02:00 [INF] Démarrage de l'application...
2025-06-14 00:37:10.515 +02:00 [INF] Initialisation de l'application...
2025-06-14 00:37:10.566 +02:00 [INF] Initialisation du framework terminée...
2025-06-14 00:37:10.566 +02:00 [INF] Application Avalonia construite
2025-06-14 00:37:10.569 +02:00 [INF] Configuration des services...
2025-06-14 00:37:10.579 +02:00 [INF] Construction du conteneur DI...
2025-06-14 00:37:11.111 +02:00 [INF] Démarrage de l'application...
2025-06-14 00:37:11.234 +02:00 [INF] Initialisation du framework terminée...
2025-06-14 00:37:11.751 +02:00 [INF] YouTubeStreamDetector initialisé
2025-06-14 00:37:11.755 +02:00 [INF] MainViewModel initialisé
2025-06-14 00:37:11.783 +02:00 [INF] CanStopMonitoring est évalué. IsMonitoring: False
2025-06-14 00:37:11.784 +02:00 [INF] Application démarrée avec succès
2025-06-14 00:37:51.223 +02:00 [INF] Début de la récupération des informations du stream YouTube pour : https://www.youtube.com/@holoen_gigimurin
2025-06-14 00:37:51.331 +02:00 [INF] Streamlink trouvé à : C:\Program Files\Streamlink\bin\streamlink.exe
2025-06-14 00:37:51.331 +02:00 [INF] Exécution de streamlink avec les arguments : -j https://www.youtube.com/@holoen_gigimurin best
2025-06-14 00:37:51.368 +02:00 [INF] Processus streamlink démarré
2025-06-14 00:37:55.317 +02:00 [INF] Processus streamlink terminé avec le code : 0
2025-06-14 00:37:55.317 +02:00 [INF] Sortie Streamlink (JSON) : {
  "type": "hls",
  "url": "https://manifest.googlevideo.com/api/manifest/hls_playlist/expire/1749875865/ei/OahMaPS5L_2dp-oPu9LeqAw/ip/88.160.164.12/id/LEcIXMTUf6k.1/itag/301/source/yt_live_broadcast/requiressl/yes/ratebypass/yes/live/1/sgoap/gir%3Dyes%3Bitag%3D140/sgovp/gir%3Dyes%3Bitag%3D299/rqh/1/hls_chunk_host/rr3---sn-25glenez.googlevideo.com/xpc/EgVo2aDSNQ%3D%3D/bui/AY1jyLPuhxOCVE0fwy4HP5ab3fBB6mTwzT6hO56ad0RsllHoafSazUC1YG05usNW9DfXZQy5B-tIzyt9/spc/l3OVKUo8I2ti7CN7_TdDBtewhF_AnXicTa5a43Ai_uIlyuAehPxQRy54KUpjwrU7p_Y/vprv/1/playlist_type/LIVE/initcwndbps/2585000/met/1749854266,/mh/Zm/mm/44/mn/sn-25glenez/ms/lva/mv/m/mvi/3/pl/12/rms/lva,lva/dover/11/pacing/0/keepalive/yes/fexp/51355912/mt/1749853953/sparams/expire,ei,ip,id,itag,source,requiressl,ratebypass,live,sgoap,sgovp,rqh,xpc,bui,spc,vprv,playlist_type/sig/AJfQdSswRgIhAOIQ6DNn59tlFH36yv-tl9xN4Nzg6tDyOEzjW7-LkxOSAiEAtSKyfI_3u41BGUWNX6L50ukQpDn9ma2RwGomm5eTOa0%3D/lsparams/hls_chunk_host,initcwndbps,met,mh,mm,mn,ms,mv,mvi,pl,rms/lsig/APaTxxMwRAIgIFEpDkG59MtZFu8ZGrrqXSECCkQ8_iMyGj8f3HFVnisCIFYBxdwtzJsu5qIvWzcqT33FqJvsh6Mcc8lkBZ88G4Nb/playlist/index.m3u8",
  "headers": {
    "User-Agent": "Mozilla/5.0 (Windows NT 10.0; Win64; x64) AppleWebKit/537.36 (KHTML, like Gecko) Chrome/134.0.0.0 Safari/537.36",
    "Accept-Encoding": "gzip, deflate, br, zstd",
    "Accept": "*/*",
    "Connection": "keep-alive"
  },
  "master": "https://manifest.googlevideo.com/api/manifest/hls_variant/expire/1749875865/ei/OahMaPS5L_2dp-oPu9LeqAw/ip/88.160.164.12/id/LEcIXMTUf6k.1/source/yt_live_broadcast/requiressl/yes/xpc/EgVo2aDSNQ%3D%3D/tx/51478321/txs/51478320%2C51478321%2C51478322/hfr/1/maudio/1/bui/AY1jyLPuhxOCVE0fwy4HP5ab3fBB6mTwzT6hO56ad0RsllHoafSazUC1YG05usNW9DfXZQy5B-tIzyt9/spc/l3OVKUo8I2ti7CN7_TdDBtewhF_AnXicTa5a43Ai_uIlyuAehPxQRy54KUpjwrU7p_Y/vprv/1/go/1/rqh/5/pacing/0/nvgoi/1/ncsapi/1/keepalive/yes/fexp/51355912/dover/11/itag/0/playlist_type/LIVE/sparams/expire%2Cei%2Cip%2Cid%2Csource%2Crequiressl%2Cxpc%2Ctx%2Ctxs%2Chfr%2Cmaudio%2Cbui%2Cspc%2Cvprv%2Cgo%2Crqh%2Citag%2Cplaylist_type/sig/AJfQdSswRQIgNAzqoW62mEKHTBX9FpTVoMI6qnGWVH8ABLW_X0i6NuICIQDDWlTF6oWFxG8jp3-Khxat-Qa2QNaMZcjAij34nGirJg%3D%3D/file/index.m3u8",
  "metadata": {
    "id": "LEcIXMTUf6k",
    "author": "Gigi Murin Ch. hololive-EN",
    "category": "Gaming",
    "title": "\u3010StarVaders\u3011decided to test my reading comprehension at 7AM"
  }
}

2025-06-14 00:44:41.427 +02:00 [INF] Démarrage de l'application...
2025-06-14 00:44:41.474 +02:00 [INF] Initialisation de l'application...
2025-06-14 00:44:41.527 +02:00 [INF] Initialisation du framework terminée...
2025-06-14 00:44:41.527 +02:00 [INF] Application Avalonia construite
2025-06-14 00:44:41.529 +02:00 [INF] Configuration des services...
2025-06-14 00:44:41.540 +02:00 [INF] Construction du conteneur DI...
2025-06-14 00:44:41.849 +02:00 [INF] Démarrage de l'application...
2025-06-14 00:44:41.952 +02:00 [INF] Initialisation du framework terminée...
2025-06-14 00:44:42.287 +02:00 [INF] YouTubeStreamDetector initialisé
2025-06-14 00:44:42.289 +02:00 [INF] MainViewModel initialisé
2025-06-14 00:44:42.313 +02:00 [INF] CanStopMonitoring est évalué. IsMonitoring: False
2025-06-14 00:44:42.314 +02:00 [INF] Application démarrée avec succès
2025-06-14 00:44:53.298 +02:00 [INF] Début de la récupération des informations du stream YouTube pour : https://www.youtube.com/@holoen_gigimurin
2025-06-14 00:44:53.382 +02:00 [INF] Streamlink trouvé à : C:\Program Files\Streamlink\bin\streamlink.exe
2025-06-14 00:44:53.382 +02:00 [INF] Exécution de streamlink avec les arguments : -j https://www.youtube.com/@holoen_gigimurin best
2025-06-14 00:44:53.395 +02:00 [INF] Processus streamlink démarré
2025-06-14 00:44:55.557 +02:00 [INF] Processus streamlink terminé avec le code : 0
2025-06-14 00:44:55.557 +02:00 [INF] Sortie Streamlink (JSON) : {
  "type": "hls",
  "url": "https://manifest.googlevideo.com/api/manifest/hls_playlist/expire/1749876286/ei/3qlMaLm2BLiGvdIPmeKgkAo/ip/88.160.164.12/id/LEcIXMTUf6k.1/itag/301/source/yt_live_broadcast/requiressl/yes/ratebypass/yes/live/1/sgoap/gir%3Dyes%3Bitag%3D140/sgovp/gir%3Dyes%3Bitag%3D299/rqh/1/hls_chunk_host/rr3---sn-25glenez.googlevideo.com/xpc/EgVo2aDSNQ%3D%3D/bui/AY1jyLNeIu1DZn4DZ1Gu5DejPUbX-8RmMb2mxla7tjhuvFfHFn9VR2v0y3vv_RzPVFmXpEI87fXFxNM7/spc/l3OVKTDGIx4mmmRwhgOVLnZt0lauDZbEua2j5ogOy4Pzj2jeXRH9NvDIoS67y8QsoTo/vprv/1/playlist_type/LIVE/initcwndbps/2552500/met/1749854686,/mh/Zm/mm/44/mn/sn-25glenez/ms/lva/mv/m/mvi/3/pl/12/rms/lva,lva/dover/11/pacing/0/keepalive/yes/fexp/51355912,51476174/mt/1749854193/sparams/expire,ei,ip,id,itag,source,requiressl,ratebypass,live,sgoap,sgovp,rqh,xpc,bui,spc,vprv,playlist_type/sig/AJfQdSswRgIhAPhIiIUHJ7zLWQ5XmKkmGI9keuhnZpujZftjDMp86A8FAiEAgIzT4TNGNEb2Rb8FZDEGcmCUaHJ3XtxUaVsntutOlSM%3D/lsparams/hls_chunk_host,initcwndbps,met,mh,mm,mn,ms,mv,mvi,pl,rms/lsig/APaTxxMwRgIhALWnLRIEyUIO8NFjSV5YR_pcmPLg69jezPzwMUDIl-IhAiEAtfKEOc-o19sISSgzL-O7E0ikxltZUNIA1iqAW7vrw_Q%3D/playlist/index.m3u8",
  "headers": {
    "User-Agent": "Mozilla/5.0 (Windows NT 10.0; Win64; x64) AppleWebKit/537.36 (KHTML, like Gecko) Chrome/134.0.0.0 Safari/537.36",
    "Accept-Encoding": "gzip, deflate, br, zstd",
    "Accept": "*/*",
    "Connection": "keep-alive"
  },
  "master": "https://manifest.googlevideo.com/api/manifest/hls_variant/expire/1749876286/ei/3qlMaLm2BLiGvdIPmeKgkAo/ip/88.160.164.12/id/LEcIXMTUf6k.1/source/yt_live_broadcast/requiressl/yes/xpc/EgVo2aDSNQ%3D%3D/hfr/1/maudio/1/bui/AY1jyLNeIu1DZn4DZ1Gu5DejPUbX-8RmMb2mxla7tjhuvFfHFn9VR2v0y3vv_RzPVFmXpEI87fXFxNM7/spc/l3OVKTDGIx4mmmRwhgOVLnZt0lauDZbEua2j5ogOy4Pzj2jeXRH9NvDIoS67y8QsoTo/vprv/1/go/1/rqh/5/pacing/0/nvgoi/1/ncsapi/1/keepalive/yes/fexp/51355912%2C51476174/dover/11/itag/0/playlist_type/LIVE/sparams/expire%2Cei%2Cip%2Cid%2Csource%2Crequiressl%2Cxpc%2Chfr%2Cmaudio%2Cbui%2Cspc%2Cvprv%2Cgo%2Crqh%2Citag%2Cplaylist_type/sig/AJfQdSswRQIhAIEjd2wS-hb1bM9r4ZWOl8pNTohxfqYXJGyWu2XzuvKoAiBiNiy0eQuswG3VlS8gtIeHqWBzIt606OFOWF8Jat63oA%3D%3D/file/index.m3u8",
  "metadata": {
    "id": "LEcIXMTUf6k",
    "author": "Gigi Murin Ch. hololive-EN",
    "category": "Gaming",
    "title": "\u3010StarVaders\u3011decided to test my reading comprehension at 7AM"
  }
}

2025-06-14 00:44:55.559 +02:00 [INF] Analyse de la réponse JSON de Streamlink...
2025-06-14 00:44:55.564 +02:00 [INF] Type de stream détecté : hls
2025-06-14 00:44:55.565 +02:00 [INF] URL du stream : https://manifest.googlevideo.com/api/manifest/hls_playlist/expire/1749876286/ei/3qlMaLm2BLiGvdIPmeKgkAo/ip/88.160.164.12/id/LEcIXMTUf6k.1/itag/301/source/yt_live_broadcast/requiressl/yes/ratebypass/yes/live/1/sgoap/gir%3Dyes%3Bitag%3D140/sgovp/gir%3Dyes%3Bitag%3D299/rqh/1/hls_chunk_host/rr3---sn-25glenez.googlevideo.com/xpc/EgVo2aDSNQ%3D%3D/bui/AY1jyLNeIu1DZn4DZ1Gu5DejPUbX-8RmMb2mxla7tjhuvFfHFn9VR2v0y3vv_RzPVFmXpEI87fXFxNM7/spc/l3OVKTDGIx4mmmRwhgOVLnZt0lauDZbEua2j5ogOy4Pzj2jeXRH9NvDIoS67y8QsoTo/vprv/1/playlist_type/LIVE/initcwndbps/2552500/met/1749854686,/mh/Zm/mm/44/mn/sn-25glenez/ms/lva/mv/m/mvi/3/pl/12/rms/lva,lva/dover/11/pacing/0/keepalive/yes/fexp/51355912,51476174/mt/1749854193/sparams/expire,ei,ip,id,itag,source,requiressl,ratebypass,live,sgoap,sgovp,rqh,xpc,bui,spc,vprv,playlist_type/sig/AJfQdSswRgIhAPhIiIUHJ7zLWQ5XmKkmGI9keuhnZpujZftjDMp86A8FAiEAgIzT4TNGNEb2Rb8FZDEGcmCUaHJ3XtxUaVsntutOlSM%3D/lsparams/hls_chunk_host,initcwndbps,met,mh,mm,mn,ms,mv,mvi,pl,rms/lsig/APaTxxMwRgIhALWnLRIEyUIO8NFjSV5YR_pcmPLg69jezPzwMUDIl-IhAiEAtfKEOc-o19sISSgzL-O7E0ikxltZUNIA1iqAW7vrw_Q%3D/playlist/index.m3u8
2025-06-14 00:44:55.565 +02:00 [INF] Stream non détecté comme étant en direct (paramètre live=1 absent)
2025-06-14 00:44:55.565 +02:00 [INF] Métadonnées trouvées dans la réponse
2025-06-14 00:44:55.566 +02:00 [INF] Titre du stream détecté : 【StarVaders】decided to test my reading comprehension at 7AM
2025-06-14 00:44:55.566 +02:00 [INF] Nom de la chaîne détecté : Gigi Murin Ch. hololive-EN
2025-06-14 00:44:55.566 +02:00 [INF] État final de la détection - IsLive: False, Title: 【StarVaders】decided to test my reading comprehension at 7AM, Channel: Gigi Murin Ch. hololive-EN
2025-06-14 00:46:13.874 +02:00 [INF] Démarrage de l'application...
2025-06-14 00:46:13.918 +02:00 [INF] Initialisation de l'application...
2025-06-14 00:46:13.966 +02:00 [INF] Initialisation du framework terminée...
2025-06-14 00:46:13.966 +02:00 [INF] Application Avalonia construite
2025-06-14 00:46:13.968 +02:00 [INF] Configuration des services...
2025-06-14 00:46:13.978 +02:00 [INF] Construction du conteneur DI...
2025-06-14 00:46:14.279 +02:00 [INF] Démarrage de l'application...
2025-06-14 00:46:14.402 +02:00 [INF] Initialisation du framework terminée...
2025-06-14 00:46:14.777 +02:00 [INF] YouTubeStreamDetector initialisé
2025-06-14 00:46:14.780 +02:00 [INF] MainViewModel initialisé
2025-06-14 00:46:14.809 +02:00 [INF] CanStopMonitoring est évalué. IsMonitoring: False
2025-06-14 00:46:14.810 +02:00 [INF] Application démarrée avec succès
2025-06-14 00:46:19.204 +02:00 [INF] Début de la récupération des informations du stream YouTube pour : https://www.youtube.com/@holoen_gigimurin
2025-06-14 00:46:19.288 +02:00 [INF] Streamlink trouvé à : C:\Program Files\Streamlink\bin\streamlink.exe
2025-06-14 00:46:19.288 +02:00 [INF] Exécution de streamlink avec les arguments : -j https://www.youtube.com/@holoen_gigimurin best
2025-06-14 00:46:19.302 +02:00 [INF] Processus streamlink démarré
2025-06-14 00:46:21.777 +02:00 [INF] Processus streamlink terminé avec le code : 0
2025-06-14 00:46:21.777 +02:00 [INF] Sortie Streamlink (JSON) : {
  "type": "hls",
  "url": "https://manifest.googlevideo.com/api/manifest/hls_playlist/expire/1749876372/ei/NKpMaOW8DfL6xN8P7dzekQ4/ip/88.160.164.12/id/LEcIXMTUf6k.1/itag/301/source/yt_live_broadcast/requiressl/yes/ratebypass/yes/live/1/sgoap/gir%3Dyes%3Bitag%3D140/sgovp/gir%3Dyes%3Bitag%3D299/rqh/1/hls_chunk_host/rr3---sn-25glenez.googlevideo.com/xpc/EgVo2aDSNQ%3D%3D/bui/AY1jyLOcyrWflNxWAsvmG41Uf4qONWnfQfAQtI4pDQGPZM70RY5Ia522GZM607kzQUZdIAjyWZObSNQB/spc/l3OVKbg8lccjY0IDwuJa_lPc5SmpdQImQJQVbMcVs9NCNRTfekMufclaqvOyAovolyM/vprv/1/playlist_type/LIVE/initcwndbps/2515000/met/1749854772,/mh/Zm/mm/44/mn/sn-25glenez/ms/lva/mv/m/mvi/3/pl/12/rms/lva,lva/dover/11/pacing/0/keepalive/yes/fexp/51355912,51466643/mt/1749854428/sparams/expire,ei,ip,id,itag,source,requiressl,ratebypass,live,sgoap,sgovp,rqh,xpc,bui,spc,vprv,playlist_type/sig/AJfQdSswRQIhAK-u6tBtGOhqPlJc07eQtRAIrL_Cism833xSMAZO4l7RAiBONVhmVaWspNTbvhXl4M8imDCHyOA0GljuBsIC_C2o-w%3D%3D/lsparams/hls_chunk_host,initcwndbps,met,mh,mm,mn,ms,mv,mvi,pl,rms/lsig/APaTxxMwRAIgHpA7AQU4iNjqpzIXF2pYVCDiD73PAczaVXe5ZNfathECIAGtfPQp1OX09IjaStdEbjuZGFCbR---q3PgDp72MLPn/playlist/index.m3u8",
  "headers": {
    "User-Agent": "Mozilla/5.0 (Windows NT 10.0; Win64; x64) AppleWebKit/537.36 (KHTML, like Gecko) Chrome/134.0.0.0 Safari/537.36",
    "Accept-Encoding": "gzip, deflate, br, zstd",
    "Accept": "*/*",
    "Connection": "keep-alive"
  },
  "master": "https://manifest.googlevideo.com/api/manifest/hls_variant/expire/1749876372/ei/NKpMaOW8DfL6xN8P7dzekQ4/ip/88.160.164.12/id/LEcIXMTUf6k.1/source/yt_live_broadcast/requiressl/yes/xpc/EgVo2aDSNQ%3D%3D/hfr/1/maudio/1/bui/AY1jyLOcyrWflNxWAsvmG41Uf4qONWnfQfAQtI4pDQGPZM70RY5Ia522GZM607kzQUZdIAjyWZObSNQB/spc/l3OVKbg8lccjY0IDwuJa_lPc5SmpdQImQJQVbMcVs9NCNRTfekMufclaqvOyAovolyM/vprv/1/go/1/rqh/5/pacing/0/nvgoi/1/ncsapi/1/keepalive/yes/fexp/51355912%2C51466643/dover/11/itag/0/playlist_type/LIVE/sparams/expire%2Cei%2Cip%2Cid%2Csource%2Crequiressl%2Cxpc%2Chfr%2Cmaudio%2Cbui%2Cspc%2Cvprv%2Cgo%2Crqh%2Citag%2Cplaylist_type/sig/AJfQdSswRAIgUnqr-4KCaSqvjl7zLzYVQPczgBg0pF_of0eiYRBFPPsCIFxCtldBGPGpKa5YOlQvEDMThOwfWINr8_RqpUG2l1H8/file/index.m3u8",
  "metadata": {
    "id": "LEcIXMTUf6k",
    "author": "Gigi Murin Ch. hololive-EN",
    "category": "Gaming",
    "title": "\u3010StarVaders\u3011decided to test my reading comprehension at 7AM"
  }
}

2025-06-14 00:46:21.781 +02:00 [INF] Analyse de la réponse JSON de Streamlink...
2025-06-14 00:46:21.785 +02:00 [INF] Type de stream détecté : hls
2025-06-14 00:46:21.785 +02:00 [INF] URL du stream : https://manifest.googlevideo.com/api/manifest/hls_playlist/expire/1749876372/ei/NKpMaOW8DfL6xN8P7dzekQ4/ip/88.160.164.12/id/LEcIXMTUf6k.1/itag/301/source/yt_live_broadcast/requiressl/yes/ratebypass/yes/live/1/sgoap/gir%3Dyes%3Bitag%3D140/sgovp/gir%3Dyes%3Bitag%3D299/rqh/1/hls_chunk_host/rr3---sn-25glenez.googlevideo.com/xpc/EgVo2aDSNQ%3D%3D/bui/AY1jyLOcyrWflNxWAsvmG41Uf4qONWnfQfAQtI4pDQGPZM70RY5Ia522GZM607kzQUZdIAjyWZObSNQB/spc/l3OVKbg8lccjY0IDwuJa_lPc5SmpdQImQJQVbMcVs9NCNRTfekMufclaqvOyAovolyM/vprv/1/playlist_type/LIVE/initcwndbps/2515000/met/1749854772,/mh/Zm/mm/44/mn/sn-25glenez/ms/lva/mv/m/mvi/3/pl/12/rms/lva,lva/dover/11/pacing/0/keepalive/yes/fexp/51355912,51466643/mt/1749854428/sparams/expire,ei,ip,id,itag,source,requiressl,ratebypass,live,sgoap,sgovp,rqh,xpc,bui,spc,vprv,playlist_type/sig/AJfQdSswRQIhAK-u6tBtGOhqPlJc07eQtRAIrL_Cism833xSMAZO4l7RAiBONVhmVaWspNTbvhXl4M8imDCHyOA0GljuBsIC_C2o-w%3D%3D/lsparams/hls_chunk_host,initcwndbps,met,mh,mm,mn,ms,mv,mvi,pl,rms/lsig/APaTxxMwRAIgHpA7AQU4iNjqpzIXF2pYVCDiD73PAczaVXe5ZNfathECIAGtfPQp1OX09IjaStdEbjuZGFCbR---q3PgDp72MLPn/playlist/index.m3u8
2025-06-14 00:46:21.785 +02:00 [INF] Stream détecté comme étant en direct (indicateurs de live trouvés)
2025-06-14 00:46:21.786 +02:00 [INF] Métadonnées trouvées dans la réponse
2025-06-14 00:46:21.787 +02:00 [INF] Titre du stream détecté : 【StarVaders】decided to test my reading comprehension at 7AM
2025-06-14 00:46:21.787 +02:00 [INF] Nom de la chaîne détecté : Gigi Murin Ch. hololive-EN
2025-06-14 00:46:21.787 +02:00 [INF] État final de la détection - IsLive: True, Title: 【StarVaders】decided to test my reading comprehension at 7AM, Channel: Gigi Murin Ch. hololive-EN
2025-06-14 00:46:21.788 +02:00 [INF] Récupération de l'URL du stream pour https://www.youtube.com/@holoen_gigimurin
2025-06-14 00:46:24.117 +02:00 [INF] Création du répertoire : C:\Users\terre\OneDrive\Documents\Strivea\Recordings\YouTube\Gigi Murin Ch. hololive-EN
2025-06-14 00:46:24.118 +02:00 [INF] Démarrage de l'enregistrement pour Gigi Murin Ch. hololive-EN sur YouTube
2025-06-14 00:46:24.118 +02:00 [INF] URL du stream : https://manifest.googlevideo.com/api/manifest/hls_playlist/expire/1749876374/ei/NqpMaLrVIu7Qp-oPm_7GgAE/ip/88.160.164.12/id/LEcIXMTUf6k.1/itag/301/source/yt_live_broadcast/requiressl/yes/ratebypass/yes/live/1/sgoap/gir%3Dyes%3Bitag%3D140/sgovp/gir%3Dyes%3Bitag%3D299/rqh/1/hls_chunk_host/rr3---sn-25glenez.googlevideo.com/xpc/EgVo2aDSNQ%3D%3D/bui/AY1jyLOttW3-5yCNXTCbvL0gRGjNoFrmjsk3tFTEF2ZKXcQj9zjTD1nlgWq-4Da4si_vmeYncEzmLfho/spc/l3OVKZNvI2cM68pY_dCUJL0OCdbyYN-eXM63CQnba7RXOUnaG_9vpO5OXtPSJRgebec/vprv/1/playlist_type/LIVE/initcwndbps/2598750/met/1749854775,/mh/Zm/mm/44/mn/sn-25glenez/ms/lva/mv/m/mvi/3/pl/12/rms/lva,lva/dover/11/pacing/0/keepalive/yes/fexp/51355912/mt/1749854428/sparams/expire,ei,ip,id,itag,source,requiressl,ratebypass,live,sgoap,sgovp,rqh,xpc,bui,spc,vprv,playlist_type/sig/AJfQdSswRQIhALMqO58bDcOytSua9JT0sJedGC-HI73BM9WlmfYA7HvrAiBdL0BZaFz139TRYj7nhGPFQyEImow0iHoBYoSbvO_3qg%3D%3D/lsparams/hls_chunk_host,initcwndbps,met,mh,mm,mn,ms,mv,mvi,pl,rms/lsig/APaTxxMwRgIhAKw8C7zl2NpODv3SlKRhiIo19rZMBddEqZTSbt8kdWaaAiEA-dE2LY55Jy68Uw0pBxcPmMPTwAPcfx4qA73zcnZteXg%3D/playlist/index.m3u8
2025-06-14 00:46:24.118 +02:00 [INF] Chemin de sortie : C:\Users\terre\OneDrive\Documents\Strivea\Recordings\YouTube\Gigi Murin Ch. hololive-EN\20250614_004624_StarVadersdecided to test my reading comprehension at 7AM.ts
2025-06-14 00:46:24.212 +02:00 [INF] Enregistrement démarré pour Gigi Murin Ch. hololive-EN sur YouTube
2025-06-14 00:46:24.212 +02:00 [INF] IsMonitoring a changé: True
2025-06-14 00:46:24.213 +02:00 [INF] CanStopMonitoring est évalué. IsMonitoring: True
2025-06-14 00:46:24.213 +02:00 [INF] CanStartMonitoring après changement: False
2025-06-14 00:46:24.213 +02:00 [INF] CanStopMonitoring est évalué. IsMonitoring: True
2025-06-14 00:46:24.213 +02:00 [INF] CanStopMonitoring après changement: True
2025-06-14 00:47:31.860 +02:00 [INF] CanStopMonitoring est évalué. IsMonitoring: True
2025-06-14 00:47:31.863 +02:00 [INF] Arrêt de l'enregistrement pour Gigi Murin Ch. hololive-EN sur YouTube
2025-06-14 00:47:31.873 +02:00 [ERR] Erreur lors de l'enregistrement des statistiques
System.IO.DirectoryNotFoundException: Could not find a part of the path 'C:\Users\terre\OneDrive\Documents\Strivea\Logs\recording_stats.log'.
   at Microsoft.Win32.SafeHandles.SafeFileHandle.CreateFile(String fullPath, FileMode mode, FileAccess access, FileShare share, FileOptions options)
   at Microsoft.Win32.SafeHandles.SafeFileHandle.Open(String fullPath, FileMode mode, FileAccess access, FileShare share, FileOptions options, Int64 preallocationSize, Nullable`1 unixCreateMode)
   at System.IO.File.OpenHandle(String path, FileMode mode, FileAccess access, FileShare share, FileOptions options, Int64 preallocationSize)
   at System.IO.File.WriteToFile(String path, FileMode mode, String contents, Encoding encoding)
   at Strivea.Services.RecordingStatsLogger.Log(DateTime startTime, Int64 bytesRecorded) in C:\Users\terre\OneDrive\Documents\Projet-JEUX\Strivea\Strivea\Services\RecordingStatsLogger.cs:line 90
2025-06-14 00:47:31.884 +02:00 [INF] Enregistrement terminé pour Gigi Murin Ch. hololive-EN sur YouTube
2025-06-14 00:47:31.884 +02:00 [INF] Durée : 00:01:07
2025-06-14 00:47:31.885 +02:00 [INF] Taille du fichier : 41 MB
2025-06-14 00:47:31.887 +02:00 [INF] Début de la conversion pour Gigi Murin Ch. hololive-EN sur YouTube
2025-06-14 00:47:32.950 +02:00 [INF] CanStopMonitoring est évalué. IsMonitoring: True
2025-06-14 00:47:33.131 +02:00 [INF] Conversion réussie pour Gigi Murin Ch. hololive-EN sur YouTube
2025-06-14 00:47:33.131 +02:00 [INF] Fichier converti : C:\Users\terre\OneDrive\Documents\Strivea\Recordings\YouTube\Gigi Murin Ch. hololive-EN\20250614_004624_StarVadersdecided to test my reading comprehension at 7AM.mp4
2025-06-14 00:47:35.101 +02:00 [INF] Fichier original supprimé : C:\Users\terre\OneDrive\Documents\Strivea\Recordings\YouTube\Gigi Murin Ch. hololive-EN\20250614_004624_StarVadersdecided to test my reading comprehension at 7AM.ts
2025-06-14 00:47:35.101 +02:00 [INF] IsMonitoring a changé: False
2025-06-14 00:47:35.101 +02:00 [INF] CanStopMonitoring est évalué. IsMonitoring: False
2025-06-14 00:47:35.101 +02:00 [INF] CanStartMonitoring après changement: True
2025-06-14 00:47:35.101 +02:00 [INF] CanStopMonitoring est évalué. IsMonitoring: False
2025-06-14 00:47:35.101 +02:00 [INF] CanStopMonitoring après changement: False
2025-06-14 00:47:35.101 +02:00 [INF] CanStopMonitoring est évalué. IsMonitoring: False
2025-06-14 00:51:38.184 +02:00 [INF] Démarrage de l'application...
2025-06-14 00:51:38.233 +02:00 [INF] Initialisation de l'application...
2025-06-14 00:51:38.282 +02:00 [INF] Initialisation du framework terminée...
2025-06-14 00:51:38.282 +02:00 [INF] Application Avalonia construite
2025-06-14 00:51:38.284 +02:00 [INF] Configuration des services...
2025-06-14 00:51:38.296 +02:00 [INF] Construction du conteneur DI...
2025-06-14 00:51:38.634 +02:00 [INF] Démarrage de l'application...
2025-06-14 00:51:38.743 +02:00 [INF] Initialisation du framework terminée...
2025-06-14 00:51:39.085 +02:00 [INF] YouTubeStreamDetector initialisé
2025-06-14 00:51:39.087 +02:00 [INF] MainViewModel initialisé
2025-06-14 00:51:39.109 +02:00 [INF] CanStopMonitoring est évalué. IsMonitoring: False
2025-06-14 00:51:39.110 +02:00 [INF] Application démarrée avec succès
2025-06-14 00:51:43.968 +02:00 [INF] Début de la récupération des informations du stream YouTube pour : https://www.youtube.com/@holoen_gigimurin
2025-06-14 00:51:44.050 +02:00 [INF] Streamlink trouvé à : C:\Program Files\Streamlink\bin\streamlink.exe
2025-06-14 00:51:44.050 +02:00 [INF] Exécution de streamlink avec les arguments : -j https://www.youtube.com/@holoen_gigimurin best
2025-06-14 00:51:44.064 +02:00 [INF] Processus streamlink démarré
2025-06-14 00:51:46.315 +02:00 [INF] Processus streamlink terminé avec le code : 0
2025-06-14 00:51:46.315 +02:00 [INF] Sortie Streamlink (JSON) : {
  "type": "hls",
  "url": "https://manifest.googlevideo.com/api/manifest/hls_playlist/expire/1749876696/ei/eKtMaK7oLpnRp-oPuaCoqQw/ip/88.160.164.12/id/LEcIXMTUf6k.1/itag/301/source/yt_live_broadcast/requiressl/yes/ratebypass/yes/live/1/sgoap/gir%3Dyes%3Bitag%3D140/sgovp/gir%3Dyes%3Bitag%3D299/rqh/1/hls_chunk_host/rr3---sn-25glenez.googlevideo.com/xpc/EgVo2aDSNQ%3D%3D/bui/AY1jyLNuAkfwnzsT_tLqeksLXZ7TZG-xFVARp7_vadVvP_asBtTZ6_OKMcj1vP2hCzcsGHedjZXi_ulG/spc/l3OVKYzewAZIH_E8dB1N_Ipbo_8BEUgW0mSPvOo5AtS02W4ZtCcDwKTn-dKYE5fn3lI/vprv/1/playlist_type/LIVE/initcwndbps/2496250/met/1749855097,/mh/Zm/mm/44/mn/sn-25glenez/ms/lva/mv/m/mvi/3/pl/12/rms/lva,lva/dover/11/pacing/0/keepalive/yes/fexp/51355912/mt/1749854668/sparams/expire,ei,ip,id,itag,source,requiressl,ratebypass,live,sgoap,sgovp,rqh,xpc,bui,spc,vprv,playlist_type/sig/AJfQdSswRQIhAPklENll7JmlHo1mxq80TSuwopYpP5_sKX3hl_ROwYlCAiAyVKiAcGezp-sAS8ei9DEnmrRgxOS8xymxQARUQdzm4w%3D%3D/lsparams/hls_chunk_host,initcwndbps,met,mh,mm,mn,ms,mv,mvi,pl,rms/lsig/APaTxxMwRAIgOo1LzpceC7BrKvruKumlbMECMVLzahfm2sqaRkaOU90CID7P2zVNGaQ5Auryim38eBY4XeANgXxeRhf64ycH0FDi/playlist/index.m3u8",
  "headers": {
    "User-Agent": "Mozilla/5.0 (Windows NT 10.0; Win64; x64) AppleWebKit/537.36 (KHTML, like Gecko) Chrome/134.0.0.0 Safari/537.36",
    "Accept-Encoding": "gzip, deflate, br, zstd",
    "Accept": "*/*",
    "Connection": "keep-alive"
  },
  "master": "https://manifest.googlevideo.com/api/manifest/hls_variant/expire/1749876696/ei/eKtMaK7oLpnRp-oPuaCoqQw/ip/88.160.164.12/id/LEcIXMTUf6k.1/source/yt_live_broadcast/requiressl/yes/xpc/EgVo2aDSNQ%3D%3D/tx/51477231/txs/51477230%2C51477231%2C51477232/hfr/1/maudio/1/bui/AY1jyLNuAkfwnzsT_tLqeksLXZ7TZG-xFVARp7_vadVvP_asBtTZ6_OKMcj1vP2hCzcsGHedjZXi_ulG/spc/l3OVKYzewAZIH_E8dB1N_Ipbo_8BEUgW0mSPvOo5AtS02W4ZtCcDwKTn-dKYE5fn3lI/vprv/1/go/1/rqh/5/pacing/0/nvgoi/1/ncsapi/1/keepalive/yes/fexp/51355912/dover/11/itag/0/playlist_type/LIVE/sparams/expire%2Cei%2Cip%2Cid%2Csource%2Crequiressl%2Cxpc%2Ctx%2Ctxs%2Chfr%2Cmaudio%2Cbui%2Cspc%2Cvprv%2Cgo%2Crqh%2Citag%2Cplaylist_type/sig/AJfQdSswRgIhALmE9D1rlfTwgvlLgo6szVUF7pBnAPYqj84AdWkywWSRAiEA9dpjm6APcTp_NrB58k2BFh19CNHyfnbX1KV_pazCegg%3D/file/index.m3u8",
  "metadata": {
    "id": "LEcIXMTUf6k",
    "author": "Gigi Murin Ch. hololive-EN",
    "category": "Gaming",
    "title": "\u3010StarVaders\u3011decided to test my reading comprehension at 7AM"
  }
}

2025-06-14 00:51:46.317 +02:00 [INF] Analyse de la réponse JSON de Streamlink...
2025-06-14 00:51:46.321 +02:00 [INF] Type de stream détecté : hls
2025-06-14 00:51:46.321 +02:00 [INF] URL du stream : https://manifest.googlevideo.com/api/manifest/hls_playlist/expire/1749876696/ei/eKtMaK7oLpnRp-oPuaCoqQw/ip/88.160.164.12/id/LEcIXMTUf6k.1/itag/301/source/yt_live_broadcast/requiressl/yes/ratebypass/yes/live/1/sgoap/gir%3Dyes%3Bitag%3D140/sgovp/gir%3Dyes%3Bitag%3D299/rqh/1/hls_chunk_host/rr3---sn-25glenez.googlevideo.com/xpc/EgVo2aDSNQ%3D%3D/bui/AY1jyLNuAkfwnzsT_tLqeksLXZ7TZG-xFVARp7_vadVvP_asBtTZ6_OKMcj1vP2hCzcsGHedjZXi_ulG/spc/l3OVKYzewAZIH_E8dB1N_Ipbo_8BEUgW0mSPvOo5AtS02W4ZtCcDwKTn-dKYE5fn3lI/vprv/1/playlist_type/LIVE/initcwndbps/2496250/met/1749855097,/mh/Zm/mm/44/mn/sn-25glenez/ms/lva/mv/m/mvi/3/pl/12/rms/lva,lva/dover/11/pacing/0/keepalive/yes/fexp/51355912/mt/1749854668/sparams/expire,ei,ip,id,itag,source,requiressl,ratebypass,live,sgoap,sgovp,rqh,xpc,bui,spc,vprv,playlist_type/sig/AJfQdSswRQIhAPklENll7JmlHo1mxq80TSuwopYpP5_sKX3hl_ROwYlCAiAyVKiAcGezp-sAS8ei9DEnmrRgxOS8xymxQARUQdzm4w%3D%3D/lsparams/hls_chunk_host,initcwndbps,met,mh,mm,mn,ms,mv,mvi,pl,rms/lsig/APaTxxMwRAIgOo1LzpceC7BrKvruKumlbMECMVLzahfm2sqaRkaOU90CID7P2zVNGaQ5Auryim38eBY4XeANgXxeRhf64ycH0FDi/playlist/index.m3u8
2025-06-14 00:51:46.321 +02:00 [INF] Stream détecté comme étant en direct (indicateurs de live trouvés)
2025-06-14 00:51:46.321 +02:00 [INF] Métadonnées trouvées dans la réponse
2025-06-14 00:51:46.322 +02:00 [INF] Titre du stream détecté : 【StarVaders】decided to test my reading comprehension at 7AM
2025-06-14 00:51:46.322 +02:00 [INF] Nom de la chaîne détecté : Gigi Murin Ch. hololive-EN
2025-06-14 00:51:46.322 +02:00 [INF] État final de la détection - IsLive: True, Title: 【StarVaders】decided to test my reading comprehension at 7AM, Channel: Gigi Murin Ch. hololive-EN
2025-06-14 00:51:46.324 +02:00 [INF] Récupération de l'URL du stream pour https://www.youtube.com/@holoen_gigimurin
2025-06-14 00:51:48.865 +02:00 [INF] Création du répertoire : C:\Users\terre\OneDrive\Documents\Strivea\Recordings\YouTube\Gigi Murin Ch. hololive-EN
2025-06-14 00:51:48.865 +02:00 [INF] Démarrage de l'enregistrement pour Gigi Murin Ch. hololive-EN sur YouTube
2025-06-14 00:51:48.865 +02:00 [INF] URL du stream : https://manifest.googlevideo.com/api/manifest/hls_playlist/expire/1749876699/ei/e6tMaI_wCLnfp-oPgIyZuQw/ip/88.160.164.12/id/LEcIXMTUf6k.1/itag/301/source/yt_live_broadcast/requiressl/yes/ratebypass/yes/live/1/sgoap/gir%3Dyes%3Bitag%3D140/sgovp/gir%3Dyes%3Bitag%3D299/rqh/1/hls_chunk_host/rr3---sn-25glenez.googlevideo.com/xpc/EgVo2aDSNQ%3D%3D/bui/AY1jyLOfAM07trjbeGneRqTvkupZh2XFXiRmmzhvXIqf9xOTgVteJ0jXsVNFV-oQc-WWbZjROpOEzzAB/spc/l3OVKQPYqq9DietrDhjd366ytPiFbMd3ap_-OoIynYC0LXLufZXx9D8LiJZxKy4_xeA/vprv/1/playlist_type/LIVE/initcwndbps/2477500/met/1749855099,/mh/Zm/mm/44/mn/sn-25glenez/ms/lva/mv/m/mvi/3/pl/12/rms/lva,lva/dover/11/pacing/0/keepalive/yes/fexp/51355912/mt/1749854668/sparams/expire,ei,ip,id,itag,source,requiressl,ratebypass,live,sgoap,sgovp,rqh,xpc,bui,spc,vprv,playlist_type/sig/AJfQdSswRgIhAN9upHhsr8UFfajklJNNnXY7XgKYDGDyiikbHcI17QWzAiEA6vj1WvE9BIqh0CSp0Rn6941Bi5rq3I38r7kMK0SYfFI%3D/lsparams/hls_chunk_host,initcwndbps,met,mh,mm,mn,ms,mv,mvi,pl,rms/lsig/APaTxxMwRAIgJ-v5a7bxCWPZ8bDie9Z7vFCFVUbd5jxIV77BZEWxTp8CIEREghwKrRHn0YLXhp9qrYydDbtDm3QTaLmOZOjV_clC/playlist/index.m3u8
2025-06-14 00:51:48.865 +02:00 [INF] Chemin de sortie : C:\Users\terre\OneDrive\Documents\Strivea\Recordings\YouTube\Gigi Murin Ch. hololive-EN\StarVadersdecided to test my reading comprehension at 7AM.ts
2025-06-14 00:51:48.961 +02:00 [INF] Enregistrement démarré pour Gigi Murin Ch. hololive-EN sur YouTube
2025-06-14 00:51:48.961 +02:00 [INF] IsMonitoring a changé: True
2025-06-14 00:51:48.962 +02:00 [INF] CanStopMonitoring est évalué. IsMonitoring: True
2025-06-14 00:51:48.962 +02:00 [INF] CanStartMonitoring après changement: False
2025-06-14 00:51:48.962 +02:00 [INF] CanStopMonitoring est évalué. IsMonitoring: True
2025-06-14 00:51:48.962 +02:00 [INF] CanStopMonitoring après changement: True
2025-06-14 00:52:17.398 +02:00 [INF] CanStopMonitoring est évalué. IsMonitoring: True
2025-06-14 00:52:17.400 +02:00 [INF] Arrêt de l'enregistrement pour Gigi Murin Ch. hololive-EN sur YouTube
2025-06-14 00:52:17.406 +02:00 [ERR] Erreur lors de l'enregistrement des statistiques
System.IO.DirectoryNotFoundException: Could not find a part of the path 'C:\Users\terre\OneDrive\Documents\Strivea\Logs\recording_stats.log'.
   at Microsoft.Win32.SafeHandles.SafeFileHandle.CreateFile(String fullPath, FileMode mode, FileAccess access, FileShare share, FileOptions options)
   at Microsoft.Win32.SafeHandles.SafeFileHandle.Open(String fullPath, FileMode mode, FileAccess access, FileShare share, FileOptions options, Int64 preallocationSize, Nullable`1 unixCreateMode)
   at System.IO.File.OpenHandle(String path, FileMode mode, FileAccess access, FileShare share, FileOptions options, Int64 preallocationSize)
   at System.IO.File.WriteToFile(String path, FileMode mode, String contents, Encoding encoding)
   at Strivea.Services.RecordingStatsLogger.Log(DateTime startTime, Int64 bytesRecorded) in C:\Users\terre\OneDrive\Documents\Projet-JEUX\Strivea\Strivea\Services\RecordingStatsLogger.cs:line 90
2025-06-14 00:52:17.412 +02:00 [INF] Enregistrement terminé pour Gigi Murin Ch. hololive-EN sur YouTube
2025-06-14 00:52:17.412 +02:00 [INF] Durée : 00:00:28
2025-06-14 00:52:17.413 +02:00 [INF] Taille du fichier : 23 MB
2025-06-14 00:52:17.414 +02:00 [INF] Début de la conversion pour Gigi Murin Ch. hololive-EN sur YouTube
2025-06-14 00:52:17.692 +02:00 [INF] CanStopMonitoring est évalué. IsMonitoring: True
2025-06-14 00:52:17.820 +02:00 [INF] Conversion réussie pour Gigi Murin Ch. hololive-EN sur YouTube
2025-06-14 00:52:17.820 +02:00 [INF] Fichier converti : C:\Users\terre\OneDrive\Documents\Strivea\Recordings\YouTube\Gigi Murin Ch. hololive-EN\StarVadersdecided to test my reading comprehension at 7AM.mp4
2025-06-14 00:52:17.823 +02:00 [INF] Fichier original supprimé : C:\Users\terre\OneDrive\Documents\Strivea\Recordings\YouTube\Gigi Murin Ch. hololive-EN\StarVadersdecided to test my reading comprehension at 7AM.ts
2025-06-14 00:52:17.823 +02:00 [INF] IsMonitoring a changé: False
2025-06-14 00:52:17.823 +02:00 [INF] CanStopMonitoring est évalué. IsMonitoring: False
2025-06-14 00:52:17.823 +02:00 [INF] CanStartMonitoring après changement: True
2025-06-14 00:52:17.823 +02:00 [INF] CanStopMonitoring est évalué. IsMonitoring: False
2025-06-14 00:52:17.823 +02:00 [INF] CanStopMonitoring après changement: False
2025-06-14 00:52:17.823 +02:00 [INF] CanStopMonitoring est évalué. IsMonitoring: False
2025-06-14 00:53:07.651 +02:00 [INF] Début de la récupération des informations du stream YouTube pour : https://www.twitch.tv/otplol_
2025-06-14 00:53:07.734 +02:00 [INF] Streamlink trouvé à : C:\Program Files\Streamlink\bin\streamlink.exe
2025-06-14 00:53:07.734 +02:00 [INF] Exécution de streamlink avec les arguments : -j https://www.twitch.tv/otplol_ best
2025-06-14 00:53:07.747 +02:00 [INF] Processus streamlink démarré
2025-06-14 00:53:10.213 +02:00 [INF] Processus streamlink terminé avec le code : 0
2025-06-14 00:53:10.214 +02:00 [INF] Sortie Streamlink (JSON) : {
  "type": "hls",
  "url": "https://eun13.playlist.ttvnw.net/v1/playlist/CswERN7hOF3zD16gn69ydlzfGDtAKc-N-V2Y5PwIv-hwhgEXPWdsqnc8GXC11YGv3zWuq7CVc82MwVXp7gE3fR5TKO4wdtTiXTAZSWbExqLpbtcG2C4NTGPm6kUrceze487Rgi_KlePyrOJ79bRgW_mHbCInNUqWZb2-S9vOjgujquh6V6NXuUeyvgJ62lBsSVhQlv1jtaXtrUFvF497mUYAo7NUkcLONihgnnaSngoT8Vu05HY17GZeYBEq2PM4kX4c1il0MD2I2_r8k220RaTZ-K2LuhSvJrueu0DKQewcr_fEcXUsjvrEtnJtcpoUPVPh15Br_ZFn7o_cg6VmOueUjNscB8TrmpsifiPvqqbJ21TWpY6WyJsU3_POJ5UVnYPRo6-IcZ-MRfcc61Ez9PSYdSV5Ipo7Mq09do1ZViAwtIjtMzjbRmRao19gAxMSEUN33YO8L7xpCAq31wKg7ap46w76VLynAWKGYnWRlZAVQXjxgCWIM8plC_BEMc6BmtpqX9pe-N_6akjXSAz7U8IrUfmpNfP64EUxI6LtqOimbbZxYey8Am1jG6haMlTjNDYDcHd5Ix2B6NATIAnRYIwh7HI6m60oHo1JRMPQlWEaJT7VLnzQ_0ATN2LRIn2eVERI2pGd93dS9Tytr1x_hdTupeyyXxycVI463Iautu2fvAloiXvSeb4lMttMVONtf4EkbJvxf1VZMVyxs6_SfWqShKSSw2SlANVpHdKCeEF6VAWtnuBtI1utDeIfCAMW0LeDQllj4Ss1qC27lFYVGgyQUAsb-0TGN83RGpMgASoJZXUtd2VzdC0yMMIM.m3u8",
  "headers": {
    "User-Agent": "Mozilla/5.0 (Windows NT 10.0; Win64; x64; rv:136.0) Gecko/20100101 Firefox/136.0",
    "Accept-Encoding": "gzip, deflate, br, zstd",
    "Accept": "*/*",
    "Connection": "keep-alive",
    "referer": "https://player.twitch.tv",
    "origin": "https://player.twitch.tv",
    "Cookie": "AWSALBTG=yY2wipPNP/p3GdN1eWugjnJ6DbiP7DJF+O3wpXRrOJTOEUZFqDQA5RvJqeG6Z5bY1hBkLY0g8w3+oHA1mEVOkO9leuhj87V9BVymQ7ScRE5Va+GgHVOKm7bnttLO+vUrtqjsmVDXu7fYvlHdRtzEKz0Bjj21D7xVyYRt9QnbL0vh; AWSALBTGCORS=yY2wipPNP/p3GdN1eWugjnJ6DbiP7DJF+O3wpXRrOJTOEUZFqDQA5RvJqeG6Z5bY1hBkLY0g8w3+oHA1mEVOkO9leuhj87V9BVymQ7ScRE5Va+GgHVOKm7bnttLO+vUrtqjsmVDXu7fYvlHdRtzEKz0Bjj21D7xVyYRt9QnbL0vh; AWSALB=/vvimqMJS0ke/LkoyAbMWXd25sxmcBuV6KjeWpOSB/y3l8O3CJSrauLxVx4+xurvEgaif0HcNdsPpnQbxWnXNz6wkuA6T3IDCMmB8/KXt73y/O4q4bv6dzkDnwSy; AWSALBCORS=/vvimqMJS0ke/LkoyAbMWXd25sxmcBuV6KjeWpOSB/y3l8O3CJSrauLxVx4+xurvEgaif0HcNdsPpnQbxWnXNz6wkuA6T3IDCMmB8/KXt73y/O4q4bv6dzkDnwSy"
  },
  "master": "https://usher.ttvnw.net/api/channel/hls/otplol_.m3u8?player=twitchweb&p=634229&type=any&allow_source=true&allow_audio_only=true&allow_spectre=false&sig=31e5c30a1831cdc179b4aca72a272a48bb9529be&token=%7B%22adblock%22%3Afalse%2C%22authorization%22%3A%7B%22forbidden%22%3Afalse%2C%22reason%22%3A%22%22%7D%2C%22blackout_enabled%22%3Afalse%2C%22channel%22%3A%22otplol_%22%2C%22channel_id%22%3A622498423%2C%22chansub%22%3A%7B%22restricted_bitrates%22%3A%5B%5D%2C%22view_until%22%3A1924905600%7D%2C%22ci_gb%22%3Afalse%2C%22geoblock_reason%22%3A%22%22%2C%22device_id%22%3Anull%2C%22expires%22%3A1749856380%2C%22extended_history_allowed%22%3Afalse%2C%22game%22%3A%22%22%2C%22hide_ads%22%3Afalse%2C%22https_required%22%3Atrue%2C%22mature%22%3Afalse%2C%22partner%22%3Afalse%2C%22platform%22%3A%22web%22%2C%22player_type%22%3A%22embed%22%2C%22private%22%3A%7B%22allowed_to_view%22%3Atrue%7D%2C%22privileged%22%3Afalse%2C%22role%22%3A%22%22%2C%22server_ads%22%3Atrue%2C%22show_ads%22%3Atrue%2C%22subscriber%22%3Afalse%2C%22turbo%22%3Afalse%2C%22user_id%22%3Anull%2C%22user_ip%22%3A%2288.160.164.12%22%2C%22version%22%3A3%2C%22maximum_resolution%22%3A%22FULL_HD%22%2C%22maximum_video_bitrate_kbps%22%3A12500%2C%22maximum_resolution_reasons%22%3A%7B%22QUAD_HD%22%3A%5B%22AUTHZ_NOT_LOGGED_IN%22%5D%2C%22ULTRA_HD%22%3A%5B%22AUTHZ_NOT_LOGGED_IN%22%5D%7D%2C%22maximum_video_bitrate_kbps_reasons%22%3A%5B%22AUTHZ_DISALLOWED_BITRATE%22%5D%7D&fast_bread=True",
  "metadata": {
    "id": "321658014457",
    "author": "otplol_",
    "category": "League of Legends",
    "title": "EMEA SPRING SPLIT 2025 - KCB vs Z10 - 1/8\u00c8 DE FINALE - BO5"
  }
}

2025-06-14 00:53:10.219 +02:00 [INF] Analyse de la réponse JSON de Streamlink...
2025-06-14 00:53:10.219 +02:00 [INF] Type de stream détecté : hls
2025-06-14 00:53:10.219 +02:00 [INF] URL du stream : https://eun13.playlist.ttvnw.net/v1/playlist/CswERN7hOF3zD16gn69ydlzfGDtAKc-N-V2Y5PwIv-hwhgEXPWdsqnc8GXC11YGv3zWuq7CVc82MwVXp7gE3fR5TKO4wdtTiXTAZSWbExqLpbtcG2C4NTGPm6kUrceze487Rgi_KlePyrOJ79bRgW_mHbCInNUqWZb2-S9vOjgujquh6V6NXuUeyvgJ62lBsSVhQlv1jtaXtrUFvF497mUYAo7NUkcLONihgnnaSngoT8Vu05HY17GZeYBEq2PM4kX4c1il0MD2I2_r8k220RaTZ-K2LuhSvJrueu0DKQewcr_fEcXUsjvrEtnJtcpoUPVPh15Br_ZFn7o_cg6VmOueUjNscB8TrmpsifiPvqqbJ21TWpY6WyJsU3_POJ5UVnYPRo6-IcZ-MRfcc61Ez9PSYdSV5Ipo7Mq09do1ZViAwtIjtMzjbRmRao19gAxMSEUN33YO8L7xpCAq31wKg7ap46w76VLynAWKGYnWRlZAVQXjxgCWIM8plC_BEMc6BmtpqX9pe-N_6akjXSAz7U8IrUfmpNfP64EUxI6LtqOimbbZxYey8Am1jG6haMlTjNDYDcHd5Ix2B6NATIAnRYIwh7HI6m60oHo1JRMPQlWEaJT7VLnzQ_0ATN2LRIn2eVERI2pGd93dS9Tytr1x_hdTupeyyXxycVI463Iautu2fvAloiXvSeb4lMttMVONtf4EkbJvxf1VZMVyxs6_SfWqShKSSw2SlANVpHdKCeEF6VAWtnuBtI1utDeIfCAMW0LeDQllj4Ss1qC27lFYVGgyQUAsb-0TGN83RGpMgASoJZXUtd2VzdC0yMMIM.m3u8
2025-06-14 00:53:10.221 +02:00 [INF] Stream non détecté comme étant en direct (aucun indicateur de live trouvé)
2025-06-14 00:53:10.221 +02:00 [INF] Métadonnées trouvées dans la réponse
2025-06-14 00:53:10.221 +02:00 [INF] Titre du stream détecté : EMEA SPRING SPLIT 2025 - KCB vs Z10 - 1/8È DE FINALE - BO5
2025-06-14 00:53:10.221 +02:00 [INF] Nom de la chaîne détecté : otplol_
2025-06-14 00:53:10.221 +02:00 [INF] État final de la détection - IsLive: False, Title: EMEA SPRING SPLIT 2025 - KCB vs Z10 - 1/8È DE FINALE - BO5, Channel: otplol_
2025-06-14 00:54:20.572 +02:00 [INF] Démarrage de l'application...
2025-06-14 00:54:20.621 +02:00 [INF] Initialisation de l'application...
2025-06-14 00:54:20.669 +02:00 [INF] Initialisation du framework terminée...
2025-06-14 00:54:20.669 +02:00 [INF] Application Avalonia construite
2025-06-14 00:54:20.671 +02:00 [INF] Configuration des services...
2025-06-14 00:54:20.681 +02:00 [INF] Construction du conteneur DI...
2025-06-14 00:54:20.971 +02:00 [INF] Démarrage de l'application...
2025-06-14 00:54:21.069 +02:00 [INF] Initialisation du framework terminée...
2025-06-14 00:54:21.384 +02:00 [INF] YouTubeStreamDetector initialisé
2025-06-14 00:54:21.386 +02:00 [INF] MainViewModel initialisé
2025-06-14 00:54:21.407 +02:00 [INF] CanStopMonitoring est évalué. IsMonitoring: False
2025-06-14 00:54:21.408 +02:00 [INF] Application démarrée avec succès
2025-06-14 00:54:23.461 +02:00 [INF] Début de la récupération des informations du stream YouTube pour : https://www.twitch.tv/otplol_
2025-06-14 00:54:23.545 +02:00 [INF] Streamlink trouvé à : C:\Program Files\Streamlink\bin\streamlink.exe
2025-06-14 00:54:23.545 +02:00 [INF] Exécution de streamlink avec les arguments : -j https://www.twitch.tv/otplol_ best
2025-06-14 00:54:23.558 +02:00 [INF] Processus streamlink démarré
2025-06-14 00:54:26.018 +02:00 [INF] Processus streamlink terminé avec le code : 0
2025-06-14 00:54:26.018 +02:00 [INF] Sortie Streamlink (JSON) : {
  "type": "hls",
  "url": "https://eun11.playlist.ttvnw.net/v1/playlist/CssE1BQWlMdNxZHV6bmvHhD1dx8rQds7VnNy-9_zry-Ur6vKJIBHQ_Hj-5Jdq_zsB4DkRePItB0tMj-3BvSAbQ76YOOEOONA_ycgW6nCG0ije-uXN7Gz9g5167rb0IiG--naz_Gii1wjxrWuEH0MqtlPa2f39UdaIDedsxmzkP5G906GyNQObXde7LeBM-IzJ92PLrR41zj79vRl_0zxGjZWPfBc34cB-QCcgD4Ox71eXcemdUIN7am-FsHmXnNXM51IYoV8vJQClSXRkaD-Lxj0cYsVF2M2kGt7yy5lny2Uq-0TzM-1Q4P1UPk7SMoQDaXLzVrr868nomrnOh45XzUYHhg-hro_yP7Il32qeJxgGQZXSYXj6YJcMXGyBTk9q_RzjisvPfdVJmFQ0-a2_4T0aFanq3NTUNk0JXB82M53NLMiNF-CXecud1ID3F7MsCRnWcq1-QRSiIfbFapCQ_TqKsNtsyS3heqpDfv4eAD58QJ52y2Iykpwmf8rWPJ_8zwoFvx8IPwsuNkodHfJfSqOJt5ROPzGj2Je-X7Z053kJ0TJQEopb-TuA5jBHScUoO-2KrsT71TQzXIrJE0gWDS11XDVCFB1bBHTuc0pzc-2Bo7U92CZ3iYRPBkWoUZ7ZCHsNpWO7ndaGsPibTT-UtdtqPeeOtQsQ2BDLK1Ztx9OOA9USQ0bctDIV5dx9sz7DBtr24aPpk30dmqdrm7KOCR_o4eJNhUmTrabS05B7kEoJeFNNwCjcJokHKZ094pNtyqWQ3SdTlcXq9Mpe3UaDLt2VVBKDFvviZ0nwCABKglldS13ZXN0LTIwwgw.m3u8",
  "headers": {
    "User-Agent": "Mozilla/5.0 (Windows NT 10.0; Win64; x64; rv:136.0) Gecko/20100101 Firefox/136.0",
    "Accept-Encoding": "gzip, deflate, br, zstd",
    "Accept": "*/*",
    "Connection": "keep-alive",
    "referer": "https://player.twitch.tv",
    "origin": "https://player.twitch.tv",
    "Cookie": "AWSALBTG=g0RsaqWbMdMDnGxKEJHauPO5TZkPd5tDJHzXwK8WOQXvzjkgL0RswDmH8awLN2MFuH0cdRrf2oyXT2GER/U84pPC1p3Ranbi2K7mfF2VZVR3RakbC5A3ihROvlhrKDwzQ/rmcuJOFS/O20xJ2AT1JWk/xzPMAkcNwrta70yQvQdN; AWSALBTGCORS=g0RsaqWbMdMDnGxKEJHauPO5TZkPd5tDJHzXwK8WOQXvzjkgL0RswDmH8awLN2MFuH0cdRrf2oyXT2GER/U84pPC1p3Ranbi2K7mfF2VZVR3RakbC5A3ihROvlhrKDwzQ/rmcuJOFS/O20xJ2AT1JWk/xzPMAkcNwrta70yQvQdN; AWSALB=R2CPqQZIXZYjidciu9FhQ1IUeoo4/VmUudTginAYburUFY44IVoAGy3MPD8DLA8rxvLGiKY5rlDEh1Oc+2gIKAi9VoW/D4+vvGjfJNSb46tnPa+fKKWSlR0L1SeL; AWSALBCORS=R2CPqQZIXZYjidciu9FhQ1IUeoo4/VmUudTginAYburUFY44IVoAGy3MPD8DLA8rxvLGiKY5rlDEh1Oc+2gIKAi9VoW/D4+vvGjfJNSb46tnPa+fKKWSlR0L1SeL"
  },
  "master": "https://usher.ttvnw.net/api/channel/hls/otplol_.m3u8?player=twitchweb&p=607464&type=any&allow_source=true&allow_audio_only=true&allow_spectre=false&sig=7c7b4e3580f166818fabde3a563c39385188f3c9&token=%7B%22adblock%22%3Afalse%2C%22authorization%22%3A%7B%22forbidden%22%3Afalse%2C%22reason%22%3A%22%22%7D%2C%22blackout_enabled%22%3Afalse%2C%22channel%22%3A%22otplol_%22%2C%22channel_id%22%3A622498423%2C%22chansub%22%3A%7B%22restricted_bitrates%22%3A%5B%5D%2C%22view_until%22%3A1924905600%7D%2C%22ci_gb%22%3Afalse%2C%22geoblock_reason%22%3A%22%22%2C%22device_id%22%3Anull%2C%22expires%22%3A1749856455%2C%22extended_history_allowed%22%3Afalse%2C%22game%22%3A%22%22%2C%22hide_ads%22%3Afalse%2C%22https_required%22%3Atrue%2C%22mature%22%3Afalse%2C%22partner%22%3Afalse%2C%22platform%22%3A%22web%22%2C%22player_type%22%3A%22embed%22%2C%22private%22%3A%7B%22allowed_to_view%22%3Atrue%7D%2C%22privileged%22%3Afalse%2C%22role%22%3A%22%22%2C%22server_ads%22%3Atrue%2C%22show_ads%22%3Atrue%2C%22subscriber%22%3Afalse%2C%22turbo%22%3Afalse%2C%22user_id%22%3Anull%2C%22user_ip%22%3A%2288.160.164.12%22%2C%22version%22%3A3%2C%22maximum_resolution%22%3A%22FULL_HD%22%2C%22maximum_video_bitrate_kbps%22%3A12500%2C%22maximum_resolution_reasons%22%3A%7B%22QUAD_HD%22%3A%5B%22AUTHZ_NOT_LOGGED_IN%22%5D%2C%22ULTRA_HD%22%3A%5B%22AUTHZ_NOT_LOGGED_IN%22%5D%7D%2C%22maximum_video_bitrate_kbps_reasons%22%3A%5B%22AUTHZ_DISALLOWED_BITRATE%22%5D%7D&fast_bread=True",
  "metadata": {
    "id": "321658014457",
    "author": "otplol_",
    "category": "League of Legends",
    "title": "EMEA SPRING SPLIT 2025 - KCB vs Z10 - 1/8\u00c8 DE FINALE - BO5"
  }
}

2025-06-14 00:54:26.024 +02:00 [INF] Analyse de la réponse JSON de Streamlink...
2025-06-14 00:54:26.028 +02:00 [INF] Type de stream détecté : hls
2025-06-14 00:54:26.028 +02:00 [INF] URL du stream : https://eun11.playlist.ttvnw.net/v1/playlist/CssE1BQWlMdNxZHV6bmvHhD1dx8rQds7VnNy-9_zry-Ur6vKJIBHQ_Hj-5Jdq_zsB4DkRePItB0tMj-3BvSAbQ76YOOEOONA_ycgW6nCG0ije-uXN7Gz9g5167rb0IiG--naz_Gii1wjxrWuEH0MqtlPa2f39UdaIDedsxmzkP5G906GyNQObXde7LeBM-IzJ92PLrR41zj79vRl_0zxGjZWPfBc34cB-QCcgD4Ox71eXcemdUIN7am-FsHmXnNXM51IYoV8vJQClSXRkaD-Lxj0cYsVF2M2kGt7yy5lny2Uq-0TzM-1Q4P1UPk7SMoQDaXLzVrr868nomrnOh45XzUYHhg-hro_yP7Il32qeJxgGQZXSYXj6YJcMXGyBTk9q_RzjisvPfdVJmFQ0-a2_4T0aFanq3NTUNk0JXB82M53NLMiNF-CXecud1ID3F7MsCRnWcq1-QRSiIfbFapCQ_TqKsNtsyS3heqpDfv4eAD58QJ52y2Iykpwmf8rWPJ_8zwoFvx8IPwsuNkodHfJfSqOJt5ROPzGj2Je-X7Z053kJ0TJQEopb-TuA5jBHScUoO-2KrsT71TQzXIrJE0gWDS11XDVCFB1bBHTuc0pzc-2Bo7U92CZ3iYRPBkWoUZ7ZCHsNpWO7ndaGsPibTT-UtdtqPeeOtQsQ2BDLK1Ztx9OOA9USQ0bctDIV5dx9sz7DBtr24aPpk30dmqdrm7KOCR_o4eJNhUmTrabS05B7kEoJeFNNwCjcJokHKZ094pNtyqWQ3SdTlcXq9Mpe3UaDLt2VVBKDFvviZ0nwCABKglldS13ZXN0LTIwwgw.m3u8
2025-06-14 00:54:26.028 +02:00 [INF] Stream non détecté comme étant en direct (aucun indicateur de live trouvé)
2025-06-14 00:54:26.028 +02:00 [INF] Métadonnées trouvées dans la réponse
2025-06-14 00:54:26.029 +02:00 [INF] Titre du stream détecté : EMEA SPRING SPLIT 2025 - KCB vs Z10 - 1/8È DE FINALE - BO5
2025-06-14 00:54:26.029 +02:00 [INF] Nom de la chaîne détecté : otplol_
2025-06-14 00:54:26.029 +02:00 [INF] État final de la détection - IsLive: False, Title: EMEA SPRING SPLIT 2025 - KCB vs Z10 - 1/8È DE FINALE - BO5, Channel: otplol_
2025-06-14 00:56:55.103 +02:00 [INF] Démarrage de l'application...
2025-06-14 00:56:55.155 +02:00 [INF] Initialisation de l'application...
2025-06-14 00:56:55.209 +02:00 [INF] Initialisation du framework terminée...
2025-06-14 00:56:55.209 +02:00 [INF] Application Avalonia construite
2025-06-14 00:56:55.211 +02:00 [INF] Configuration des services...
2025-06-14 00:56:55.222 +02:00 [INF] Construction du conteneur DI...
2025-06-14 00:56:55.548 +02:00 [INF] Démarrage de l'application...
2025-06-14 00:56:55.657 +02:00 [INF] Initialisation du framework terminée...
2025-06-14 00:56:55.993 +02:00 [INF] YouTubeStreamDetector initialisé
2025-06-14 00:56:55.995 +02:00 [INF] MainViewModel initialisé
2025-06-14 00:56:56.017 +02:00 [INF] CanStopMonitoring est évalué. IsMonitoring: False
2025-06-14 00:56:56.018 +02:00 [INF] Application démarrée avec succès
2025-06-14 00:57:07.230 +02:00 [INF] Début de la récupération des informations du stream YouTube pour : https://www.twitch.tv/otplol_
2025-06-14 00:57:07.323 +02:00 [INF] Streamlink trouvé à : C:\Program Files\Streamlink\bin\streamlink.exe
2025-06-14 00:57:07.324 +02:00 [INF] Exécution de streamlink avec les arguments : -j https://www.twitch.tv/otplol_ best
2025-06-14 00:57:07.346 +02:00 [INF] Processus streamlink démarré
2025-06-14 00:57:09.642 +02:00 [INF] Processus streamlink terminé avec le code : 0
2025-06-14 00:57:09.642 +02:00 [INF] Sortie Streamlink (JSON) : {
  "type": "hls",
  "url": "https://euc11.playlist.ttvnw.net/v1/playlist/CqAEmA3zvnIGwNFSZdNUMHuuX7p-gzfDfnsVRHDgQS4qvd8JeUUxd8eGa4DVUeze6LJB_qwZe-vG1wYu7pRf4AwZkLyobHKTZ4AyM3lyRoDvsqjHPHI8lJBboNSGyJDKfVvI9lpit05DzPKvqfWnHBT0TYE5FAg9Ie6x0DCjhloc0yaga-hT4mIIrITg6nsDHYeWixUolwhleH67nMHPqzgHFb-SPcDt9155v5PN5kPaDyhG-FvgQGxGxeRHE8l-hzDPIYSvmIukqTU8W1MVxOB8KF5dbcpp2Xxq6K90GD-DENkrJNWuMA2hkkoGaqX9cm8aycFP6wvIoQ0nj0ePdqKZnfPr2W2uUZfSbgmmuBsjEIoODTN5YaMnVrIypDcKBZYkFmqWRAtTBikWSxTaVX21LRMaPAq-yt9QKPf_3C82pTPuviElfyaNVOHoVXZwG1wah5krDddtp0HJgdg6ww9l3KkPimlhsQpq6fY4t0z73CRZDnvf2U0FsOisV_bBsFDwUmnEbLi0kFlQCiJ_sFFL4XOpFPL3r3h7CCcoj7KmZVOjtBq8qDhLVQFvYaNws0Q-am6hOyjrYKv--7O4qPYzlwJAZamgaYYd4OHBSyZkHUTWk2bP6K705b4Hmzq0xueDgQeKtgtOxOFkI3UWQ_Rh6TXfbKrjvzEzyWsO54Dkaqs8iId3_-6936A4yoJDsZsZ3Xti9iYUbc8-xqB4h_txaRoMhcCqI-z0FBCliMJ5IAEqCWV1LXdlc3QtMjDCDA.m3u8",
  "headers": {
    "User-Agent": "Mozilla/5.0 (Windows NT 10.0; Win64; x64; rv:136.0) Gecko/20100101 Firefox/136.0",
    "Accept-Encoding": "gzip, deflate, br, zstd",
    "Accept": "*/*",
    "Connection": "keep-alive",
    "referer": "https://player.twitch.tv",
    "origin": "https://player.twitch.tv",
    "Cookie": "AWSALBTG=rKHBntFg5OfblRKUtkoweYA9CpRgGp+9QzJN72eKMc0hlo6xwpqE+wmW9NJ2aEjEDxYtW7xhEOA10OtVxqQLJLcKnFjTVRll5lmIdGC6k4BU74tYohS8nHuwqHXrsVDcqBlNK1+whA8meAB7MlQAxk0bBe6p2vQSxjWUCgIdzdYS; AWSALBTGCORS=rKHBntFg5OfblRKUtkoweYA9CpRgGp+9QzJN72eKMc0hlo6xwpqE+wmW9NJ2aEjEDxYtW7xhEOA10OtVxqQLJLcKnFjTVRll5lmIdGC6k4BU74tYohS8nHuwqHXrsVDcqBlNK1+whA8meAB7MlQAxk0bBe6p2vQSxjWUCgIdzdYS; AWSALB=pD/QozL1qyp+2Yd5X4m2QRMkAdgvS1++48DA+Ys65iZvLCocZ0spaiDI7UZVk1tACCz+fIyM1sJIzgvelxwI21zp+p8NTMZRYZYsykC1P3LaPLofEMbzM2lez+lW; AWSALBCORS=pD/QozL1qyp+2Yd5X4m2QRMkAdgvS1++48DA+Ys65iZvLCocZ0spaiDI7UZVk1tACCz+fIyM1sJIzgvelxwI21zp+p8NTMZRYZYsykC1P3LaPLofEMbzM2lez+lW"
  },
  "master": "https://usher.ttvnw.net/api/channel/hls/otplol_.m3u8?player=twitchweb&p=255698&type=any&allow_source=true&allow_audio_only=true&allow_spectre=false&sig=426b578c51396fc49550fdc14b68a9ae2bd3a062&token=%7B%22adblock%22%3Afalse%2C%22authorization%22%3A%7B%22forbidden%22%3Afalse%2C%22reason%22%3A%22%22%7D%2C%22blackout_enabled%22%3Afalse%2C%22channel%22%3A%22otplol_%22%2C%22channel_id%22%3A622498423%2C%22chansub%22%3A%7B%22restricted_bitrates%22%3A%5B%5D%2C%22view_until%22%3A1924905600%7D%2C%22ci_gb%22%3Afalse%2C%22geoblock_reason%22%3A%22%22%2C%22device_id%22%3Anull%2C%22expires%22%3A1749856619%2C%22extended_history_allowed%22%3Afalse%2C%22game%22%3A%22%22%2C%22hide_ads%22%3Afalse%2C%22https_required%22%3Atrue%2C%22mature%22%3Afalse%2C%22partner%22%3Afalse%2C%22platform%22%3A%22web%22%2C%22player_type%22%3A%22embed%22%2C%22private%22%3A%7B%22allowed_to_view%22%3Atrue%7D%2C%22privileged%22%3Afalse%2C%22role%22%3A%22%22%2C%22server_ads%22%3Atrue%2C%22show_ads%22%3Atrue%2C%22subscriber%22%3Afalse%2C%22turbo%22%3Afalse%2C%22user_id%22%3Anull%2C%22user_ip%22%3A%2288.160.164.12%22%2C%22version%22%3A3%2C%22maximum_resolution%22%3A%22FULL_HD%22%2C%22maximum_video_bitrate_kbps%22%3A12500%2C%22maximum_resolution_reasons%22%3A%7B%22QUAD_HD%22%3A%5B%22AUTHZ_NOT_LOGGED_IN%22%5D%2C%22ULTRA_HD%22%3A%5B%22AUTHZ_NOT_LOGGED_IN%22%5D%7D%2C%22maximum_video_bitrate_kbps_reasons%22%3A%5B%22AUTHZ_DISALLOWED_BITRATE%22%5D%7D&fast_bread=True",
  "metadata": {
    "id": "321658014457",
    "author": "otplol_",
    "category": "League of Legends",
    "title": "EMEA SPRING SPLIT 2025 - KCB vs Z10 - 1/8\u00c8 DE FINALE - BO5"
  }
}

2025-06-14 00:57:09.644 +02:00 [INF] Analyse de la réponse JSON de Streamlink...
2025-06-14 00:57:09.648 +02:00 [INF] Type de stream détecté : hls
2025-06-14 00:57:09.649 +02:00 [INF] URL du stream : https://euc11.playlist.ttvnw.net/v1/playlist/CqAEmA3zvnIGwNFSZdNUMHuuX7p-gzfDfnsVRHDgQS4qvd8JeUUxd8eGa4DVUeze6LJB_qwZe-vG1wYu7pRf4AwZkLyobHKTZ4AyM3lyRoDvsqjHPHI8lJBboNSGyJDKfVvI9lpit05DzPKvqfWnHBT0TYE5FAg9Ie6x0DCjhloc0yaga-hT4mIIrITg6nsDHYeWixUolwhleH67nMHPqzgHFb-SPcDt9155v5PN5kPaDyhG-FvgQGxGxeRHE8l-hzDPIYSvmIukqTU8W1MVxOB8KF5dbcpp2Xxq6K90GD-DENkrJNWuMA2hkkoGaqX9cm8aycFP6wvIoQ0nj0ePdqKZnfPr2W2uUZfSbgmmuBsjEIoODTN5YaMnVrIypDcKBZYkFmqWRAtTBikWSxTaVX21LRMaPAq-yt9QKPf_3C82pTPuviElfyaNVOHoVXZwG1wah5krDddtp0HJgdg6ww9l3KkPimlhsQpq6fY4t0z73CRZDnvf2U0FsOisV_bBsFDwUmnEbLi0kFlQCiJ_sFFL4XOpFPL3r3h7CCcoj7KmZVOjtBq8qDhLVQFvYaNws0Q-am6hOyjrYKv--7O4qPYzlwJAZamgaYYd4OHBSyZkHUTWk2bP6K705b4Hmzq0xueDgQeKtgtOxOFkI3UWQ_Rh6TXfbKrjvzEzyWsO54Dkaqs8iId3_-6936A4yoJDsZsZ3Xti9iYUbc8-xqB4h_txaRoMhcCqI-z0FBCliMJ5IAEqCWV1LXdlc3QtMjDCDA.m3u8
2025-06-14 00:57:09.649 +02:00 [INF] Stream non détecté comme étant en direct (aucun indicateur de live trouvé)
2025-06-14 00:57:09.649 +02:00 [INF] Métadonnées trouvées dans la réponse
2025-06-14 00:57:09.650 +02:00 [INF] Titre du stream détecté : EMEA SPRING SPLIT 2025 - KCB vs Z10 - 1/8È DE FINALE - BO5
2025-06-14 00:57:09.650 +02:00 [INF] Nom de la chaîne détecté : otplol_
2025-06-14 00:57:09.650 +02:00 [INF] État final de la détection - IsLive: False, Title: EMEA SPRING SPLIT 2025 - KCB vs Z10 - 1/8È DE FINALE - BO5, Channel: otplol_
2025-06-14 00:58:21.871 +02:00 [INF] Démarrage de l'application...
2025-06-14 00:58:21.915 +02:00 [INF] Initialisation de l'application...
2025-06-14 00:58:21.966 +02:00 [INF] Initialisation du framework terminée...
2025-06-14 00:58:21.966 +02:00 [INF] Application Avalonia construite
2025-06-14 00:58:21.968 +02:00 [INF] Configuration des services...
2025-06-14 00:58:21.979 +02:00 [INF] Construction du conteneur DI...
2025-06-14 00:58:22.260 +02:00 [INF] Démarrage de l'application...
2025-06-14 00:58:22.370 +02:00 [INF] Initialisation du framework terminée...
2025-06-14 00:58:22.696 +02:00 [INF] YouTubeStreamDetector initialisé
2025-06-14 00:58:22.699 +02:00 [INF] MainViewModel initialisé
2025-06-14 00:58:22.721 +02:00 [INF] CanStopMonitoring est évalué. IsMonitoring: False
2025-06-14 00:58:22.722 +02:00 [INF] Application démarrée avec succès
2025-06-14 00:58:31.494 +02:00 [INF] Début de la récupération des informations du stream YouTube pour : https://www.twitch.tv/otplol_
2025-06-14 00:58:31.581 +02:00 [INF] Streamlink trouvé à : C:\Program Files\Streamlink\bin\streamlink.exe
2025-06-14 00:58:31.582 +02:00 [INF] Exécution de streamlink avec les arguments : -j https://www.twitch.tv/otplol_ best
2025-06-14 00:58:31.594 +02:00 [INF] Processus streamlink démarré
2025-06-14 00:58:33.850 +02:00 [INF] Processus streamlink terminé avec le code : 0
2025-06-14 00:58:33.850 +02:00 [INF] Sortie Streamlink (JSON) : {
  "type": "hls",
  "url": "https://euc11.playlist.ttvnw.net/v1/playlist/CsMETmGBwDyVDW77IVVLXYoWQnA8SqOxuqDJQN5SVH6S7-YTEPodyzkwZwnTCwCkH6xy9ZG01rVHU5GOFeo0zueXRGYD5BD6GAGVZo2CsagtzpIlHELBnKk1XS26K7xcJkjQrw2Eiwq9Www-IQ4BLyKxgnjaqboCCUciNVS_uNdtjijOaBkXyzq2ECvbMgzi4ZdX2UWAnXyrhyO9Zo-ITBNPJ0NTksEAnVrgrnigSTN3Ky91NQi3f0bGqWfSlZZOklpSR4K04vubIHDi4qjVn8XGCx6n73EhYwxrBKMjZYEPN_eDxhL47pMeLVdFJIJrQ3HjgMj2hHeJX8oOmlGWmVy9sdc7W1pTO4aJy7sLMZXIcdlLsFQSc-9Kj9NabIoZJoPUavYGSrEL6Ppqe1y2QQkTvkEizM_17w1av3n9rs0fG8TTLcJqR0oz9ZSqh66p6ZHkg1shcs60nJnWc21VA1VfwGtb_qx73fG8Ptwg3ea5TP3w48BZMUsUeFVSrAosfAjPC_LidJrB6pPuxEhfTscoO1J9Rx5V4ZgYz9o0Q8S8v62jICzdXf_jk_cC1jg8yrguzh6Ul14tyCUXDXl0N0b2D5Jzn2f-NCz0PxwzzH_AVS-tcDWTtUPDKmt0AjQbyxZGn52eHUlO-jk7_n5KmgWUymbXerLZH10rfKXMhRDX1H0YwKBnT0aCBo3Kpb7Seh0xs4106JrjQcCAh4HAqPb7Hw7mt3j0NvAGGjIrEHf9voPyWVCpNcw_bm_pW9VOy_P84oKsGgwZtXJiaSpE4EirRgwgASoJZXUtd2VzdC0yMMIM.m3u8",
  "headers": {
    "User-Agent": "Mozilla/5.0 (Windows NT 10.0; Win64; x64; rv:136.0) Gecko/20100101 Firefox/136.0",
    "Accept-Encoding": "gzip, deflate, br, zstd",
    "Accept": "*/*",
    "Connection": "keep-alive",
    "referer": "https://player.twitch.tv",
    "origin": "https://player.twitch.tv",
    "Cookie": "AWSALBTG=svedmiQNZVBDopivuA9rgYAnrNh1A5dzx/Ee3H5ITHnyXor/T1rwlX1JBJsHYIiBG04vmcMLtNM4MdgASMEWmJYYQnIx2G+u497YL3jOvSA95tLDoSj2ydwIuIKRsWTo39zSqk7y+TjC1Xr29GbFPRb6CcDslWz4eFrSBrlL4oiC; AWSALBTGCORS=svedmiQNZVBDopivuA9rgYAnrNh1A5dzx/Ee3H5ITHnyXor/T1rwlX1JBJsHYIiBG04vmcMLtNM4MdgASMEWmJYYQnIx2G+u497YL3jOvSA95tLDoSj2ydwIuIKRsWTo39zSqk7y+TjC1Xr29GbFPRb6CcDslWz4eFrSBrlL4oiC; AWSALB=PucQvvGnlbSJpHwQKryaEx0872gdpE6FUOqKI/UomEe3GHRamSj+BYJ5GZ60NE5PXCiDQwUB9bFAtHMxWpsARwyC9XrkGCBrVu4oVv/NVyNHqjFK/HbCVX37V1Or; AWSALBCORS=PucQvvGnlbSJpHwQKryaEx0872gdpE6FUOqKI/UomEe3GHRamSj+BYJ5GZ60NE5PXCiDQwUB9bFAtHMxWpsARwyC9XrkGCBrVu4oVv/NVyNHqjFK/HbCVX37V1Or"
  },
  "master": "https://usher.ttvnw.net/api/channel/hls/otplol_.m3u8?player=twitchweb&p=440238&type=any&allow_source=true&allow_audio_only=true&allow_spectre=false&sig=528ea4e4f56dbd81a52ad4607e20c5c4dcf64e86&token=%7B%22adblock%22%3Afalse%2C%22authorization%22%3A%7B%22forbidden%22%3Afalse%2C%22reason%22%3A%22%22%7D%2C%22blackout_enabled%22%3Afalse%2C%22channel%22%3A%22otplol_%22%2C%22channel_id%22%3A622498423%2C%22chansub%22%3A%7B%22restricted_bitrates%22%3A%5B%5D%2C%22view_until%22%3A1924905600%7D%2C%22ci_gb%22%3Afalse%2C%22geoblock_reason%22%3A%22%22%2C%22device_id%22%3Anull%2C%22expires%22%3A1749856703%2C%22extended_history_allowed%22%3Afalse%2C%22game%22%3A%22%22%2C%22hide_ads%22%3Afalse%2C%22https_required%22%3Atrue%2C%22mature%22%3Afalse%2C%22partner%22%3Afalse%2C%22platform%22%3A%22web%22%2C%22player_type%22%3A%22embed%22%2C%22private%22%3A%7B%22allowed_to_view%22%3Atrue%7D%2C%22privileged%22%3Afalse%2C%22role%22%3A%22%22%2C%22server_ads%22%3Atrue%2C%22show_ads%22%3Atrue%2C%22subscriber%22%3Afalse%2C%22turbo%22%3Afalse%2C%22user_id%22%3Anull%2C%22user_ip%22%3A%2288.160.164.12%22%2C%22version%22%3A3%2C%22maximum_resolution%22%3A%22FULL_HD%22%2C%22maximum_video_bitrate_kbps%22%3A12500%2C%22maximum_resolution_reasons%22%3A%7B%22QUAD_HD%22%3A%5B%22AUTHZ_NOT_LOGGED_IN%22%5D%2C%22ULTRA_HD%22%3A%5B%22AUTHZ_NOT_LOGGED_IN%22%5D%7D%2C%22maximum_video_bitrate_kbps_reasons%22%3A%5B%22AUTHZ_DISALLOWED_BITRATE%22%5D%7D&fast_bread=True",
  "metadata": {
    "id": "321658014457",
    "author": "otplol_",
    "category": "League of Legends",
    "title": "EMEA SPRING SPLIT 2025 - KCB vs Z10 - 1/8\u00c8 DE FINALE - BO5"
  }
}

2025-06-14 00:58:33.855 +02:00 [INF] Analyse de la réponse JSON de Streamlink...
2025-06-14 00:58:33.859 +02:00 [INF] Type de stream détecté : hls
2025-06-14 00:58:33.859 +02:00 [INF] URL du stream : https://euc11.playlist.ttvnw.net/v1/playlist/CsMETmGBwDyVDW77IVVLXYoWQnA8SqOxuqDJQN5SVH6S7-YTEPodyzkwZwnTCwCkH6xy9ZG01rVHU5GOFeo0zueXRGYD5BD6GAGVZo2CsagtzpIlHELBnKk1XS26K7xcJkjQrw2Eiwq9Www-IQ4BLyKxgnjaqboCCUciNVS_uNdtjijOaBkXyzq2ECvbMgzi4ZdX2UWAnXyrhyO9Zo-ITBNPJ0NTksEAnVrgrnigSTN3Ky91NQi3f0bGqWfSlZZOklpSR4K04vubIHDi4qjVn8XGCx6n73EhYwxrBKMjZYEPN_eDxhL47pMeLVdFJIJrQ3HjgMj2hHeJX8oOmlGWmVy9sdc7W1pTO4aJy7sLMZXIcdlLsFQSc-9Kj9NabIoZJoPUavYGSrEL6Ppqe1y2QQkTvkEizM_17w1av3n9rs0fG8TTLcJqR0oz9ZSqh66p6ZHkg1shcs60nJnWc21VA1VfwGtb_qx73fG8Ptwg3ea5TP3w48BZMUsUeFVSrAosfAjPC_LidJrB6pPuxEhfTscoO1J9Rx5V4ZgYz9o0Q8S8v62jICzdXf_jk_cC1jg8yrguzh6Ul14tyCUXDXl0N0b2D5Jzn2f-NCz0PxwzzH_AVS-tcDWTtUPDKmt0AjQbyxZGn52eHUlO-jk7_n5KmgWUymbXerLZH10rfKXMhRDX1H0YwKBnT0aCBo3Kpb7Seh0xs4106JrjQcCAh4HAqPb7Hw7mt3j0NvAGGjIrEHf9voPyWVCpNcw_bm_pW9VOy_P84oKsGgwZtXJiaSpE4EirRgwgASoJZXUtd2VzdC0yMMIM.m3u8
2025-06-14 00:58:33.860 +02:00 [INF] Stream non détecté comme étant en direct (aucun indicateur de live trouvé)
2025-06-14 00:58:33.861 +02:00 [INF] Métadonnées trouvées dans la réponse
2025-06-14 00:58:33.862 +02:00 [INF] Titre du stream détecté : EMEA SPRING SPLIT 2025 - KCB vs Z10 - 1/8È DE FINALE - BO5
2025-06-14 00:58:33.862 +02:00 [INF] Nom de la chaîne détecté : otplol_
2025-06-14 00:58:33.862 +02:00 [INF] État final de la détection - IsLive: False, Title: EMEA SPRING SPLIT 2025 - KCB vs Z10 - 1/8È DE FINALE - BO5, Channel: otplol_
2025-06-14 01:00:06.986 +02:00 [INF] Démarrage de l'application...
2025-06-14 01:00:07.045 +02:00 [INF] Initialisation de l'application...
2025-06-14 01:00:07.110 +02:00 [INF] Initialisation du framework terminée...
2025-06-14 01:00:07.110 +02:00 [INF] Application Avalonia construite
2025-06-14 01:00:07.113 +02:00 [INF] Configuration des services...
2025-06-14 01:00:07.125 +02:00 [INF] Construction du conteneur DI...
2025-06-14 01:00:07.558 +02:00 [INF] Démarrage de l'application...
2025-06-14 01:00:07.676 +02:00 [INF] Initialisation du framework terminée...
2025-06-14 01:00:08.038 +02:00 [INF] YouTubeStreamDetector initialisé
2025-06-14 01:00:08.041 +02:00 [INF] MainViewModel initialisé
2025-06-14 01:00:08.065 +02:00 [INF] CanStopMonitoring est évalué. IsMonitoring: False
2025-06-14 01:00:08.066 +02:00 [INF] Application démarrée avec succès
2025-06-14 01:00:12.085 +02:00 [INF] Début de la récupération des informations du stream YouTube pour : https://www.twitch.tv/otplol_
2025-06-14 01:00:12.173 +02:00 [INF] Streamlink trouvé à : C:\Program Files\Streamlink\bin\streamlink.exe
2025-06-14 01:00:12.173 +02:00 [INF] Exécution de streamlink avec les arguments : -j https://www.twitch.tv/otplol_ best
2025-06-14 01:00:12.187 +02:00 [INF] Processus streamlink démarré
2025-06-14 01:00:14.542 +02:00 [INF] Processus streamlink terminé avec le code : 0
2025-06-14 01:00:14.542 +02:00 [INF] Sortie Streamlink (JSON) : {
  "type": "hls",
  "url": "https://euw31.playlist.ttvnw.net/v1/playlist/CqoEc7c2nChz1z9zQR9aKyzhvyu0-c5873l53g43y2_HGp83zs8kgk3-vkkpr1w1SDAphiH4i-gaM0XyMZKi-QA3Aju_Q0DJZRxvKwD8TK2g_UzgJqg_lu-CgxPPKrcWLnRN9Un_3-8jSUh7YgcwoO110YS6q32uu33uXtIG5v2RE4cNuQEooyEjB4KUoYP55w8-yp2L_N0_WTkMR3L05Bapo5Afnh-8GdmjTvWKoMXsr-WkEUjrkqSrluc_S2OqlBx08tTyzkno2YSxi-2Sm-DFcnDUloKW8B6Z6sE3Q8u7QQ4RgHr-4K0BMzUWAMt2Smh_eQKfk2kafjDcPC_ON0XQCq6lBBewFCH1cz-Q9iM4tHK2BgHpgdzGWGT_8DC0xSGFlliDG4Z4GDFWFzCp0mFBCngByZal1WbKFAnBufcugilbIjvBueWz0yFbHgfkxAdYaVUd618BChWSmIRNSfJplE6gbLAgSjuZiAsEDxfnxRxqh-Iuji7BGVFLNtptvzdb8R0jGGIOAsOZXIn-R11wnCy9eAhTHuEWzfAhDm_hGZFmKOWyNIPHAJw7XdLPRhdxzL30fWXJ5FOP2lzApC5hBQseyH_HbeklZchY7s8R8jwLAoSPm9kqoWuwMwQkLyhuJilgz52XfVZ6t33kYjgpNWUk1faiR-AejUGdNWuKn3MY5a1ISoIxg2Sbc1gqlj0G_vBtOgHmgRmFh0FO6lrpCOKRAJvlmQlxiMMaDEAYXCct8DNUTVLWPSABKglldS13ZXN0LTIwwgw.m3u8",
  "headers": {
    "User-Agent": "Mozilla/5.0 (Windows NT 10.0; Win64; x64; rv:136.0) Gecko/20100101 Firefox/136.0",
    "Accept-Encoding": "gzip, deflate, br, zstd",
    "Accept": "*/*",
    "Connection": "keep-alive",
    "referer": "https://player.twitch.tv",
    "origin": "https://player.twitch.tv",
    "Cookie": "AWSALBTG=O9Q1eARHl4DVtPmTdMV1Z12K90LefT3KioYCmO04OcPb036nyh0odQr43mFY/ADnllZyABGIkb6al8UenmK33Nkck9NZzctFJ+ySsLAB/6tKrqgm37gJOMUIqqLNXMx9LFDqYRr4sgaVcJE2BzIO1hn6kPoiURVaXhBwsPPWMZ6S; AWSALBTGCORS=O9Q1eARHl4DVtPmTdMV1Z12K90LefT3KioYCmO04OcPb036nyh0odQr43mFY/ADnllZyABGIkb6al8UenmK33Nkck9NZzctFJ+ySsLAB/6tKrqgm37gJOMUIqqLNXMx9LFDqYRr4sgaVcJE2BzIO1hn6kPoiURVaXhBwsPPWMZ6S; AWSALB=DsRvfUrZv6k89ILFC2+fOTSNRVG5NWziYOLK7q9gte5SR8tObh5qZCIVjA39I1bRXhCsu/JBZVFJL0rIl96GhOUPc5Zk1RUTLGPhqB+/rM/DE1Hgw6rBdzyAbVxz; AWSALBCORS=DsRvfUrZv6k89ILFC2+fOTSNRVG5NWziYOLK7q9gte5SR8tObh5qZCIVjA39I1bRXhCsu/JBZVFJL0rIl96GhOUPc5Zk1RUTLGPhqB+/rM/DE1Hgw6rBdzyAbVxz"
  },
  "master": "https://usher.ttvnw.net/api/channel/hls/otplol_.m3u8?player=twitchweb&p=773685&type=any&allow_source=true&allow_audio_only=true&allow_spectre=false&sig=d94283a09dbd50e069cfec29c3b8308b4e58eea6&token=%7B%22adblock%22%3Afalse%2C%22authorization%22%3A%7B%22forbidden%22%3Afalse%2C%22reason%22%3A%22%22%7D%2C%22blackout_enabled%22%3Afalse%2C%22channel%22%3A%22otplol_%22%2C%22channel_id%22%3A622498423%2C%22chansub%22%3A%7B%22restricted_bitrates%22%3A%5B%5D%2C%22view_until%22%3A1924905600%7D%2C%22ci_gb%22%3Afalse%2C%22geoblock_reason%22%3A%22%22%2C%22device_id%22%3Anull%2C%22expires%22%3A1749856804%2C%22extended_history_allowed%22%3Afalse%2C%22game%22%3A%22%22%2C%22hide_ads%22%3Afalse%2C%22https_required%22%3Atrue%2C%22mature%22%3Afalse%2C%22partner%22%3Afalse%2C%22platform%22%3A%22web%22%2C%22player_type%22%3A%22embed%22%2C%22private%22%3A%7B%22allowed_to_view%22%3Atrue%7D%2C%22privileged%22%3Afalse%2C%22role%22%3A%22%22%2C%22server_ads%22%3Atrue%2C%22show_ads%22%3Atrue%2C%22subscriber%22%3Afalse%2C%22turbo%22%3Afalse%2C%22user_id%22%3Anull%2C%22user_ip%22%3A%2288.160.164.12%22%2C%22version%22%3A3%2C%22maximum_resolution%22%3A%22FULL_HD%22%2C%22maximum_video_bitrate_kbps%22%3A12500%2C%22maximum_resolution_reasons%22%3A%7B%22QUAD_HD%22%3A%5B%22AUTHZ_NOT_LOGGED_IN%22%5D%2C%22ULTRA_HD%22%3A%5B%22AUTHZ_NOT_LOGGED_IN%22%5D%7D%2C%22maximum_video_bitrate_kbps_reasons%22%3A%5B%22AUTHZ_DISALLOWED_BITRATE%22%5D%7D&fast_bread=True",
  "metadata": {
    "id": "321658014457",
    "author": "otplol_",
    "category": "League of Legends",
    "title": "EMEA SPRING SPLIT 2025 - KCB vs Z10 - 1/8\u00c8 DE FINALE - BO5"
  }
}

2025-06-14 01:00:14.544 +02:00 [INF] Analyse de la réponse JSON de Streamlink...
2025-06-14 01:00:14.548 +02:00 [INF] Type de stream détecté : hls
2025-06-14 01:00:14.549 +02:00 [INF] URL du stream : https://euw31.playlist.ttvnw.net/v1/playlist/CqoEc7c2nChz1z9zQR9aKyzhvyu0-c5873l53g43y2_HGp83zs8kgk3-vkkpr1w1SDAphiH4i-gaM0XyMZKi-QA3Aju_Q0DJZRxvKwD8TK2g_UzgJqg_lu-CgxPPKrcWLnRN9Un_3-8jSUh7YgcwoO110YS6q32uu33uXtIG5v2RE4cNuQEooyEjB4KUoYP55w8-yp2L_N0_WTkMR3L05Bapo5Afnh-8GdmjTvWKoMXsr-WkEUjrkqSrluc_S2OqlBx08tTyzkno2YSxi-2Sm-DFcnDUloKW8B6Z6sE3Q8u7QQ4RgHr-4K0BMzUWAMt2Smh_eQKfk2kafjDcPC_ON0XQCq6lBBewFCH1cz-Q9iM4tHK2BgHpgdzGWGT_8DC0xSGFlliDG4Z4GDFWFzCp0mFBCngByZal1WbKFAnBufcugilbIjvBueWz0yFbHgfkxAdYaVUd618BChWSmIRNSfJplE6gbLAgSjuZiAsEDxfnxRxqh-Iuji7BGVFLNtptvzdb8R0jGGIOAsOZXIn-R11wnCy9eAhTHuEWzfAhDm_hGZFmKOWyNIPHAJw7XdLPRhdxzL30fWXJ5FOP2lzApC5hBQseyH_HbeklZchY7s8R8jwLAoSPm9kqoWuwMwQkLyhuJilgz52XfVZ6t33kYjgpNWUk1faiR-AejUGdNWuKn3MY5a1ISoIxg2Sbc1gqlj0G_vBtOgHmgRmFh0FO6lrpCOKRAJvlmQlxiMMaDEAYXCct8DNUTVLWPSABKglldS13ZXN0LTIwwgw.m3u8
2025-06-14 01:00:14.549 +02:00 [INF] Stream non détecté comme étant en direct (aucun indicateur de live trouvé)
2025-06-14 01:00:14.549 +02:00 [INF] Métadonnées trouvées dans la réponse
2025-06-14 01:00:14.550 +02:00 [INF] Titre du stream détecté : EMEA SPRING SPLIT 2025 - KCB vs Z10 - 1/8È DE FINALE - BO5
2025-06-14 01:00:14.550 +02:00 [INF] Nom de la chaîne détecté : otplol_
2025-06-14 01:00:14.550 +02:00 [INF] État final de la détection - IsLive: False, Title: EMEA SPRING SPLIT 2025 - KCB vs Z10 - 1/8È DE FINALE - BO5, Channel: otplol_
2025-06-14 01:01:36.330 +02:00 [INF] Démarrage de l'application...
2025-06-14 01:01:36.386 +02:00 [INF] Initialisation de l'application...
2025-06-14 01:01:36.447 +02:00 [INF] Initialisation du framework terminée...
2025-06-14 01:01:36.447 +02:00 [INF] Application Avalonia construite
2025-06-14 01:01:36.450 +02:00 [INF] Configuration des services...
2025-06-14 01:01:36.462 +02:00 [INF] Construction du conteneur DI...
2025-06-14 01:01:36.800 +02:00 [INF] Démarrage de l'application...
2025-06-14 01:01:36.918 +02:00 [INF] Initialisation du framework terminée...
2025-06-14 01:01:37.337 +02:00 [INF] YouTubeStreamDetector initialisé
2025-06-14 01:01:37.340 +02:00 [INF] MainViewModel initialisé
2025-06-14 01:01:37.383 +02:00 [INF] CanStopMonitoring est évalué. IsMonitoring: False
2025-06-14 01:01:37.384 +02:00 [INF] Application démarrée avec succès
2025-06-14 01:01:45.040 +02:00 [INF] Début de la récupération des informations du stream YouTube pour : https://www.twitch.tv/otplol_
2025-06-14 01:01:45.125 +02:00 [INF] Streamlink trouvé à : C:\Program Files\Streamlink\bin\streamlink.exe
2025-06-14 01:01:45.126 +02:00 [INF] Exécution de streamlink avec les arguments : -j https://www.twitch.tv/otplol_ best
2025-06-14 01:01:45.140 +02:00 [INF] Processus streamlink démarré
2025-06-14 01:01:47.638 +02:00 [INF] Processus streamlink terminé avec le code : 0
2025-06-14 01:01:47.638 +02:00 [INF] Sortie Streamlink (JSON) : {
  "type": "hls",
  "url": "https://euw12.playlist.ttvnw.net/v1/playlist/CrQEgNfjN40ZwjeQnDUSqY6ky8-Xu8ebQOKlJW1qnHHSzGX4hUhjcNLzdOnODFdaxFk8_kFAs4jW994YrSevhpV623PpI9lVvyo-7bSbb4GI7cO5w4_KaZs3rtT-a-b9MPHItHnPMoi13DniwcucGbLVdE_T4K9ADHxgfJ4UNC6ApSYk05biu4JSELWxryrxrf4G16kSVDvyOyeX03rDVLwP8qlEsd0dWpCOhwAvBdcFZFLkrVFdis7xGi2RJss5MCa8nU5rrUJ6gQbQ1PNmAVyhGscPVCawXLI-RplpzYkG-f0t2qqCCYdoakXjPYVbfv9wQjynFnkwn5ZdfVxqMTBYWvh0T_PtywNgtMN15w0VH4ev1wxEwnnGkuPH7Ll8lHIEteeYYHrVhhmetmPS1JItCfMt6gKNv_ci8fNvqH12-So1PZ9irLMFOam8rznnJhvOQ5frHZKJcFlalZDFwvgAndOj-McKZ9qs3faPEJleP8-blx3-kxpB1WmVHBrs6sM8XKwuOoAi0fnYpQ4uGvGM0_OqQy7bBNpWZ9P8UW90lpSljOEa9DtOpAZB5DGSqQpXnVZgLsmMIHOVh0Obx7wFUpUGx1XN__LKsZeJetU4shVpmQYHhpHlXyxQY99BB86DnrT5QNCeZXyHHgFYtJawL0vEz0VS6VArkmbYG_VrDvNk0B_waoTDZRG8CqtAPFzY4kjqJPksJ90nANmtjc4L98tK2uPC8b1pFt_E7XjZQrnpMsuzGgyWhhMcS5aFZok3VNIgASoJZXUtd2VzdC0yMMIM.m3u8",
  "headers": {
    "User-Agent": "Mozilla/5.0 (Windows NT 10.0; Win64; x64; rv:136.0) Gecko/20100101 Firefox/136.0",
    "Accept-Encoding": "gzip, deflate, br, zstd",
    "Accept": "*/*",
    "Connection": "keep-alive",
    "referer": "https://player.twitch.tv",
    "origin": "https://player.twitch.tv",
    "Cookie": "AWSALBTG=j8IpNqwK+1RVOkS/6FlT/LpBJ21kmg6Tc+05Qf5Fpf/YZqyBTpcTB4PUBprGjvRhcNLjinVkDu9JA1mP173cDqn7znn9FboGdVAf8nzjd/wH7ALV0cW6hmpE/oH7MAHsrXD928xARcDdVsx9+010mzTnfICkOpQImEWvxMoPfNfP; AWSALBTGCORS=j8IpNqwK+1RVOkS/6FlT/LpBJ21kmg6Tc+05Qf5Fpf/YZqyBTpcTB4PUBprGjvRhcNLjinVkDu9JA1mP173cDqn7znn9FboGdVAf8nzjd/wH7ALV0cW6hmpE/oH7MAHsrXD928xARcDdVsx9+010mzTnfICkOpQImEWvxMoPfNfP; AWSALB=rhmZv6yqwdT+RwQ5J2L6YVGWW4pzDi7rRmHKjXi2TM8CeNHKmc4tDbK4hl2L807VBNML6QE4jxxhUUBdvLswj+3k3/W41t+YK/OVWmFDD26ZTLCrOmtQQ/cujtIx; AWSALBCORS=rhmZv6yqwdT+RwQ5J2L6YVGWW4pzDi7rRmHKjXi2TM8CeNHKmc4tDbK4hl2L807VBNML6QE4jxxhUUBdvLswj+3k3/W41t+YK/OVWmFDD26ZTLCrOmtQQ/cujtIx"
  },
  "master": "https://usher.ttvnw.net/api/channel/hls/otplol_.m3u8?player=twitchweb&p=171172&type=any&allow_source=true&allow_audio_only=true&allow_spectre=false&sig=04449dfdd3cd8807f3ce0c27445481bde9f2f4f0&token=%7B%22adblock%22%3Afalse%2C%22authorization%22%3A%7B%22forbidden%22%3Afalse%2C%22reason%22%3A%22%22%7D%2C%22blackout_enabled%22%3Afalse%2C%22channel%22%3A%22otplol_%22%2C%22channel_id%22%3A622498423%2C%22chansub%22%3A%7B%22restricted_bitrates%22%3A%5B%5D%2C%22view_until%22%3A1924905600%7D%2C%22ci_gb%22%3Afalse%2C%22geoblock_reason%22%3A%22%22%2C%22device_id%22%3Anull%2C%22expires%22%3A1749856897%2C%22extended_history_allowed%22%3Afalse%2C%22game%22%3A%22%22%2C%22hide_ads%22%3Afalse%2C%22https_required%22%3Atrue%2C%22mature%22%3Afalse%2C%22partner%22%3Afalse%2C%22platform%22%3A%22web%22%2C%22player_type%22%3A%22embed%22%2C%22private%22%3A%7B%22allowed_to_view%22%3Atrue%7D%2C%22privileged%22%3Afalse%2C%22role%22%3A%22%22%2C%22server_ads%22%3Atrue%2C%22show_ads%22%3Atrue%2C%22subscriber%22%3Afalse%2C%22turbo%22%3Afalse%2C%22user_id%22%3Anull%2C%22user_ip%22%3A%2288.160.164.12%22%2C%22version%22%3A3%2C%22maximum_resolution%22%3A%22FULL_HD%22%2C%22maximum_video_bitrate_kbps%22%3A12500%2C%22maximum_resolution_reasons%22%3A%7B%22QUAD_HD%22%3A%5B%22AUTHZ_NOT_LOGGED_IN%22%5D%2C%22ULTRA_HD%22%3A%5B%22AUTHZ_NOT_LOGGED_IN%22%5D%7D%2C%22maximum_video_bitrate_kbps_reasons%22%3A%5B%22AUTHZ_DISALLOWED_BITRATE%22%5D%7D&fast_bread=True",
  "metadata": {
    "id": "321658014457",
    "author": "otplol_",
    "category": "League of Legends",
    "title": "EMEA SPRING SPLIT 2025 - KCB vs Z10 - 1/8\u00c8 DE FINALE - BO5"
  }
}

2025-06-14 01:01:47.641 +02:00 [INF] Analyse de la réponse JSON de Streamlink...
2025-06-14 01:01:47.645 +02:00 [INF] Type de stream détecté : hls
2025-06-14 01:01:47.646 +02:00 [INF] URL du stream : https://euw12.playlist.ttvnw.net/v1/playlist/CrQEgNfjN40ZwjeQnDUSqY6ky8-Xu8ebQOKlJW1qnHHSzGX4hUhjcNLzdOnODFdaxFk8_kFAs4jW994YrSevhpV623PpI9lVvyo-7bSbb4GI7cO5w4_KaZs3rtT-a-b9MPHItHnPMoi13DniwcucGbLVdE_T4K9ADHxgfJ4UNC6ApSYk05biu4JSELWxryrxrf4G16kSVDvyOyeX03rDVLwP8qlEsd0dWpCOhwAvBdcFZFLkrVFdis7xGi2RJss5MCa8nU5rrUJ6gQbQ1PNmAVyhGscPVCawXLI-RplpzYkG-f0t2qqCCYdoakXjPYVbfv9wQjynFnkwn5ZdfVxqMTBYWvh0T_PtywNgtMN15w0VH4ev1wxEwnnGkuPH7Ll8lHIEteeYYHrVhhmetmPS1JItCfMt6gKNv_ci8fNvqH12-So1PZ9irLMFOam8rznnJhvOQ5frHZKJcFlalZDFwvgAndOj-McKZ9qs3faPEJleP8-blx3-kxpB1WmVHBrs6sM8XKwuOoAi0fnYpQ4uGvGM0_OqQy7bBNpWZ9P8UW90lpSljOEa9DtOpAZB5DGSqQpXnVZgLsmMIHOVh0Obx7wFUpUGx1XN__LKsZeJetU4shVpmQYHhpHlXyxQY99BB86DnrT5QNCeZXyHHgFYtJawL0vEz0VS6VArkmbYG_VrDvNk0B_waoTDZRG8CqtAPFzY4kjqJPksJ90nANmtjc4L98tK2uPC8b1pFt_E7XjZQrnpMsuzGgyWhhMcS5aFZok3VNIgASoJZXUtd2VzdC0yMMIM.m3u8
2025-06-14 01:01:47.646 +02:00 [INF] Stream non détecté comme étant en direct (aucun indicateur de live trouvé)
2025-06-14 01:01:47.646 +02:00 [INF] Métadonnées trouvées dans la réponse
2025-06-14 01:01:47.647 +02:00 [INF] Titre du stream détecté : EMEA SPRING SPLIT 2025 - KCB vs Z10 - 1/8È DE FINALE - BO5
2025-06-14 01:01:47.647 +02:00 [INF] Nom de la chaîne détecté : otplol_
2025-06-14 01:01:47.647 +02:00 [INF] État final de la détection - IsLive: False, Title: EMEA SPRING SPLIT 2025 - KCB vs Z10 - 1/8È DE FINALE - BO5, Channel: otplol_
2025-06-14 01:03:32.225 +02:00 [INF] Démarrage de l'application...
2025-06-14 01:03:32.277 +02:00 [INF] Initialisation de l'application...
2025-06-14 01:03:32.327 +02:00 [INF] Initialisation du framework terminée...
2025-06-14 01:03:32.327 +02:00 [INF] Application Avalonia construite
2025-06-14 01:03:32.329 +02:00 [INF] Configuration des services...
2025-06-14 01:03:32.339 +02:00 [INF] Construction du conteneur DI...
2025-06-14 01:03:32.642 +02:00 [INF] Démarrage de l'application...
2025-06-14 01:03:32.743 +02:00 [INF] Initialisation du framework terminée...
2025-06-14 01:03:33.065 +02:00 [INF] YouTubeStreamDetector initialisé
2025-06-14 01:03:33.067 +02:00 [INF] MainViewModel initialisé
2025-06-14 01:03:33.089 +02:00 [INF] CanStopMonitoring est évalué. IsMonitoring: False
2025-06-14 01:03:33.090 +02:00 [INF] Application démarrée avec succès
2025-06-14 01:03:39.905 +02:00 [INF] Début de la récupération des informations du stream YouTube pour : https://www.twitch.tv/otplol_
2025-06-14 01:03:39.989 +02:00 [INF] Streamlink trouvé à : C:\Program Files\Streamlink\bin\streamlink.exe
2025-06-14 01:03:39.989 +02:00 [INF] Exécution de streamlink avec les arguments : -j https://www.twitch.tv/otplol_ best
2025-06-14 01:03:40.002 +02:00 [INF] Processus streamlink démarré
2025-06-14 01:03:42.488 +02:00 [INF] Processus streamlink terminé avec le code : 0
2025-06-14 01:03:42.488 +02:00 [INF] Sortie Streamlink (JSON) : {
  "type": "hls",
  "url": "https://eun12.playlist.ttvnw.net/v1/playlist/CqwEtAHofJagVIWUvDRtPekyCNn7GP86_NcwpDA2_eojFoRLwN6Qmv5YzGeWpyyB7-MKqu1yz8NL5i_OhyobJVHokPmwoRiHWKWhbICsf5Sm0AGGkIFeLcbTsaetnY7P5gpfBVmb9zib8JEo3JLZeDAjz-Fd7O52ig4r-8zF6ucqlcTzFn9lxnZBNgwzLvBPJDKTfIos6mjHyhNBdOqHQdhVcGToUXfxtOANSgFWdsOSwRfzB2MISA4KE02_Y_q1bbn0vHJ5cBZuCpSwFVcy_DdGKku8Xs03m7OaUpx5TqaB7Fs8pAl0INsn7O2uaZ2zywkkcly9TFZoZxNVG2iYTuVeipYcpnQflINBLzVNiXiwp6h5giSxUE7LxQOJI7AJPq-h1TQQml6VGlqIWTR9FKtg9Y7kKX5_IEqAcAqnOMiQmXiHWZdjg3Epze-AlnuOhK4-XS0ImdXIk7BZTPU4s6lbyV24yWy4HLqvjnzwdGwdE8d6vKGEjUd25mcPN5KB5yEITrZz8xB9HEHeXQXO5tIBfUNJW7oqt1Uk_jzWGRwRJ9kYhUcBPPEJmkZGzHsB1WbaYMCSaSkrS_YmGLpwmn7qNpm5XHQP557pOgchwHtkeXAHEvZTVurvxZ-ysznmVJzOvoT7uwVVigi840qO3I7PgOUW8AgGcs2CP5MCAdQwbxfUxgt85ivskvLz9Y13AbiNpFq94BxPpxmGfwXo7W2XLX7iScoLNvvkeFRjMRoMYlIwK854hwDBOvoIIAEqCWV1LXdlc3QtMjDCDA.m3u8",
  "headers": {
    "User-Agent": "Mozilla/5.0 (Windows NT 10.0; Win64; x64; rv:136.0) Gecko/20100101 Firefox/136.0",
    "Accept-Encoding": "gzip, deflate, br, zstd",
    "Accept": "*/*",
    "Connection": "keep-alive",
    "referer": "https://player.twitch.tv",
    "origin": "https://player.twitch.tv",
    "Cookie": "AWSALBTG=YZzhu6m+BfbWNnRBYCH8zzXY7BsHSoBti+IO4UkW1cpeAJCFokBW9m/rKTf3yt8Cbr5orDimuSi5T2Nao6wQZPriZE5Wn+2yAL3ihqZdIIRibDbEy0lDXemWkbXQOLb8f5vrpRHjJQ8rXaNCvOdtNJJKT0Tpls1/hGLMMjtbOUOA; AWSALBTGCORS=YZzhu6m+BfbWNnRBYCH8zzXY7BsHSoBti+IO4UkW1cpeAJCFokBW9m/rKTf3yt8Cbr5orDimuSi5T2Nao6wQZPriZE5Wn+2yAL3ihqZdIIRibDbEy0lDXemWkbXQOLb8f5vrpRHjJQ8rXaNCvOdtNJJKT0Tpls1/hGLMMjtbOUOA; AWSALB=isD5zsjPMIUdYss6ZUtgp8+BoVXUvIeoY2LskRl3OyWFGe0zdV9BIxD68Ft/THfdhFFycAdCzwVy+KWXEr6TR2fdxr55OeLodOtMVxT/eBaLZBdDC7q9nLAdGu/C; AWSALBCORS=isD5zsjPMIUdYss6ZUtgp8+BoVXUvIeoY2LskRl3OyWFGe0zdV9BIxD68Ft/THfdhFFycAdCzwVy+KWXEr6TR2fdxr55OeLodOtMVxT/eBaLZBdDC7q9nLAdGu/C"
  },
  "master": "https://usher.ttvnw.net/api/channel/hls/otplol_.m3u8?player=twitchweb&p=125837&type=any&allow_source=true&allow_audio_only=true&allow_spectre=false&sig=34e7cf0bf09d089e2047c289ca81d02900b0c2ef&token=%7B%22adblock%22%3Afalse%2C%22authorization%22%3A%7B%22forbidden%22%3Afalse%2C%22reason%22%3A%22%22%7D%2C%22blackout_enabled%22%3Afalse%2C%22channel%22%3A%22otplol_%22%2C%22channel_id%22%3A622498423%2C%22chansub%22%3A%7B%22restricted_bitrates%22%3A%5B%5D%2C%22view_until%22%3A1924905600%7D%2C%22ci_gb%22%3Afalse%2C%22geoblock_reason%22%3A%22%22%2C%22device_id%22%3Anull%2C%22expires%22%3A1749857012%2C%22extended_history_allowed%22%3Afalse%2C%22game%22%3A%22%22%2C%22hide_ads%22%3Afalse%2C%22https_required%22%3Atrue%2C%22mature%22%3Afalse%2C%22partner%22%3Afalse%2C%22platform%22%3A%22web%22%2C%22player_type%22%3A%22embed%22%2C%22private%22%3A%7B%22allowed_to_view%22%3Atrue%7D%2C%22privileged%22%3Afalse%2C%22role%22%3A%22%22%2C%22server_ads%22%3Atrue%2C%22show_ads%22%3Atrue%2C%22subscriber%22%3Afalse%2C%22turbo%22%3Afalse%2C%22user_id%22%3Anull%2C%22user_ip%22%3A%2288.160.164.12%22%2C%22version%22%3A3%2C%22maximum_resolution%22%3A%22FULL_HD%22%2C%22maximum_video_bitrate_kbps%22%3A12500%2C%22maximum_resolution_reasons%22%3A%7B%22QUAD_HD%22%3A%5B%22AUTHZ_NOT_LOGGED_IN%22%5D%2C%22ULTRA_HD%22%3A%5B%22AUTHZ_NOT_LOGGED_IN%22%5D%7D%2C%22maximum_video_bitrate_kbps_reasons%22%3A%5B%22AUTHZ_DISALLOWED_BITRATE%22%5D%7D&fast_bread=True",
  "metadata": {
    "id": "321658014457",
    "author": "otplol_",
    "category": "League of Legends",
    "title": "EMEA SPRING SPLIT 2025 - KCB vs Z10 - 1/8\u00c8 DE FINALE - BO5"
  }
}

2025-06-14 01:03:42.491 +02:00 [INF] Analyse de la réponse JSON de Streamlink...
2025-06-14 01:03:42.495 +02:00 [INF] Type de stream détecté : hls
2025-06-14 01:03:42.495 +02:00 [INF] URL du stream : https://eun12.playlist.ttvnw.net/v1/playlist/CqwEtAHofJagVIWUvDRtPekyCNn7GP86_NcwpDA2_eojFoRLwN6Qmv5YzGeWpyyB7-MKqu1yz8NL5i_OhyobJVHokPmwoRiHWKWhbICsf5Sm0AGGkIFeLcbTsaetnY7P5gpfBVmb9zib8JEo3JLZeDAjz-Fd7O52ig4r-8zF6ucqlcTzFn9lxnZBNgwzLvBPJDKTfIos6mjHyhNBdOqHQdhVcGToUXfxtOANSgFWdsOSwRfzB2MISA4KE02_Y_q1bbn0vHJ5cBZuCpSwFVcy_DdGKku8Xs03m7OaUpx5TqaB7Fs8pAl0INsn7O2uaZ2zywkkcly9TFZoZxNVG2iYTuVeipYcpnQflINBLzVNiXiwp6h5giSxUE7LxQOJI7AJPq-h1TQQml6VGlqIWTR9FKtg9Y7kKX5_IEqAcAqnOMiQmXiHWZdjg3Epze-AlnuOhK4-XS0ImdXIk7BZTPU4s6lbyV24yWy4HLqvjnzwdGwdE8d6vKGEjUd25mcPN5KB5yEITrZz8xB9HEHeXQXO5tIBfUNJW7oqt1Uk_jzWGRwRJ9kYhUcBPPEJmkZGzHsB1WbaYMCSaSkrS_YmGLpwmn7qNpm5XHQP557pOgchwHtkeXAHEvZTVurvxZ-ysznmVJzOvoT7uwVVigi840qO3I7PgOUW8AgGcs2CP5MCAdQwbxfUxgt85ivskvLz9Y13AbiNpFq94BxPpxmGfwXo7W2XLX7iScoLNvvkeFRjMRoMYlIwK854hwDBOvoIIAEqCWV1LXdlc3QtMjDCDA.m3u8
2025-06-14 01:03:42.495 +02:00 [INF] Stream non détecté comme étant en direct (aucun indicateur de live trouvé)
2025-06-14 01:03:42.495 +02:00 [INF] Métadonnées trouvées dans la réponse
2025-06-14 01:03:42.496 +02:00 [INF] Titre du stream détecté : EMEA SPRING SPLIT 2025 - KCB vs Z10 - 1/8È DE FINALE - BO5
2025-06-14 01:03:42.496 +02:00 [INF] Nom de la chaîne détecté : otplol_
2025-06-14 01:03:42.496 +02:00 [INF] État final de la détection - IsLive: False, Title: EMEA SPRING SPLIT 2025 - KCB vs Z10 - 1/8È DE FINALE - BO5, Channel: otplol_
2025-06-14 01:03:58.457 +02:00 [INF] Démarrage de l'application...
2025-06-14 01:03:58.506 +02:00 [INF] Initialisation de l'application...
2025-06-14 01:03:58.556 +02:00 [INF] Initialisation du framework terminée...
2025-06-14 01:03:58.556 +02:00 [INF] Application Avalonia construite
2025-06-14 01:03:58.558 +02:00 [INF] Configuration des services...
2025-06-14 01:03:58.571 +02:00 [INF] Construction du conteneur DI...
2025-06-14 01:03:58.867 +02:00 [INF] Démarrage de l'application...
2025-06-14 01:03:58.975 +02:00 [INF] Initialisation du framework terminée...
2025-06-14 01:03:59.358 +02:00 [INF] YouTubeStreamDetector initialisé
2025-06-14 01:03:59.360 +02:00 [INF] MainViewModel initialisé
2025-06-14 01:03:59.386 +02:00 [INF] CanStopMonitoring est évalué. IsMonitoring: False
2025-06-14 01:03:59.387 +02:00 [INF] Application démarrée avec succès
2025-06-14 01:04:06.807 +02:00 [INF] Début de la récupération des informations du stream YouTube pour : https://www.twitch.tv/kamet0
2025-06-14 01:04:06.894 +02:00 [INF] Streamlink trouvé à : C:\Program Files\Streamlink\bin\streamlink.exe
2025-06-14 01:04:06.894 +02:00 [INF] Exécution de streamlink avec les arguments : -j https://www.twitch.tv/kamet0 best
2025-06-14 01:04:06.909 +02:00 [INF] Processus streamlink démarré
2025-06-14 01:04:09.597 +02:00 [INF] Processus streamlink terminé avec le code : 0
2025-06-14 01:04:09.597 +02:00 [INF] Sortie Streamlink (JSON) : {
  "type": "hls",
  "url": "https://eun11.playlist.ttvnw.net/v1/playlist/Cr0EWTZ1h4QBQ4oYGNK6Y1td9m3X0ZrKDJlQc1ul143643h1_6q0YOWKQVo6EiTqAXUCudsatwSuc6cYe23mbXuBgh-IPmFiz7rpQl8-DX29v2Dl5OVcE8LNldUVq1ozAyPCazK7FVz_a-oleJ6921v2C2-TkB5ow3K1WptLy8XltZi9SrtYtDXNySSV1w5RW6fLcPLuX7XT6MAqlmRFL8P8Qn6lw0dUpXUU7r1oedJ-RECGIjjraOJ56hT0dnMby7W3F0Mn89_q0-WYs0OE7kaN2FioKyDLrU4FrbLHC13mE79TG3Rfha6v8uIe1K5FBIBTL1SAv0yPYUSzYcrAg5IYeW55O3sG91zOUU-DhDHVGk312HaQBDKiR32qFiM9JtQFf5ue4LNpf8PjdHJctqaF6toaDNQeP72nLzpHCehhbOmcsso117y2b6RH9V3Jcc8DiRwhWKS36UOarVZvwnxZOPgOLo3a99kYM50_mARNLNUDsLi6Oj0UGY-41ukcP7sRfNwVtkUUCSYQ5Uc5UMPQSRLdIfW8-VZEH5uRhw71yw9yltflygzt6udbIooxQD-yeyk9Clcmx6mejh5VOOzkCoI2JHbRoc6w5hjO_yq4-J61hKVdS_72tl0SMbVA1NKkQmhmWc_mRYIs3tJxLS2LWLvL1QM55fLMZ8aAgvm7bAIuuRUP2AjEZmS5424u-fyWO7nBhMAU7tC3or44pSwevlVASX8PyTZWAOVSVfQpphrDWsFkPbjDokeWmRRFGgxcsXgLeKl8B5lyLv0gASoJZXUtd2VzdC0yMMIM.m3u8",
  "headers": {
    "User-Agent": "Mozilla/5.0 (Windows NT 10.0; Win64; x64; rv:136.0) Gecko/20100101 Firefox/136.0",
    "Accept-Encoding": "gzip, deflate, br, zstd",
    "Accept": "*/*",
    "Connection": "keep-alive",
    "referer": "https://player.twitch.tv",
    "origin": "https://player.twitch.tv",
    "Cookie": "AWSALBTG=2nDoRMl4qoGAXAKBUs4X7JBms5NVV3Taskd29huGc2nYeEm2fNTBd/53peEABIZqEqHCzMA/vurozUQ40RVor3UbP1wUWUHu93tK7nbRWvQiXYCYjehlH7X725tCgHkB/+7S13nDcb08cqAaaLTVNMhtXvNObASzMGAq6TCi5hUl; AWSALBTGCORS=2nDoRMl4qoGAXAKBUs4X7JBms5NVV3Taskd29huGc2nYeEm2fNTBd/53peEABIZqEqHCzMA/vurozUQ40RVor3UbP1wUWUHu93tK7nbRWvQiXYCYjehlH7X725tCgHkB/+7S13nDcb08cqAaaLTVNMhtXvNObASzMGAq6TCi5hUl; AWSALB=oYe1aE0fjXdHnWhZl9Qc+u5ce2khuHFMCmr+NpHP8wZmFVfHtaI0uHVfTgQJ69gxPsyn3uiLb2Xinh/ZaM7vYC4Ql1dxxUlw9kZZurbfdbSIMtKJ3cdql/annk/9; AWSALBCORS=oYe1aE0fjXdHnWhZl9Qc+u5ce2khuHFMCmr+NpHP8wZmFVfHtaI0uHVfTgQJ69gxPsyn3uiLb2Xinh/ZaM7vYC4Ql1dxxUlw9kZZurbfdbSIMtKJ3cdql/annk/9"
  },
  "master": "https://usher.ttvnw.net/api/channel/hls/kamet0.m3u8?player=twitchweb&p=855167&type=any&allow_source=true&allow_audio_only=true&allow_spectre=false&sig=b32f87bcf0cdf4bf11beb54bf7cda7f5af85e361&token=%7B%22adblock%22%3Afalse%2C%22authorization%22%3A%7B%22forbidden%22%3Afalse%2C%22reason%22%3A%22%22%7D%2C%22blackout_enabled%22%3Afalse%2C%22channel%22%3A%22kamet0%22%2C%22channel_id%22%3A27115917%2C%22chansub%22%3A%7B%22restricted_bitrates%22%3A%5B%5D%2C%22view_until%22%3A1924905600%7D%2C%22ci_gb%22%3Afalse%2C%22geoblock_reason%22%3A%22%22%2C%22device_id%22%3Anull%2C%22expires%22%3A1749857039%2C%22extended_history_allowed%22%3Afalse%2C%22game%22%3A%22%22%2C%22hide_ads%22%3Afalse%2C%22https_required%22%3Atrue%2C%22mature%22%3Afalse%2C%22partner%22%3Afalse%2C%22platform%22%3A%22web%22%2C%22player_type%22%3A%22embed%22%2C%22private%22%3A%7B%22allowed_to_view%22%3Atrue%7D%2C%22privileged%22%3Afalse%2C%22role%22%3A%22%22%2C%22server_ads%22%3Atrue%2C%22show_ads%22%3Atrue%2C%22subscriber%22%3Afalse%2C%22turbo%22%3Afalse%2C%22user_id%22%3Anull%2C%22user_ip%22%3A%2288.160.164.12%22%2C%22version%22%3A3%2C%22maximum_resolution%22%3A%22FULL_HD%22%2C%22maximum_video_bitrate_kbps%22%3A12500%2C%22maximum_resolution_reasons%22%3A%7B%22QUAD_HD%22%3A%5B%22AUTHZ_NOT_LOGGED_IN%22%5D%2C%22ULTRA_HD%22%3A%5B%22AUTHZ_NOT_LOGGED_IN%22%5D%7D%2C%22maximum_video_bitrate_kbps_reasons%22%3A%5B%22AUTHZ_DISALLOWED_BITRATE%22%5D%7D&fast_bread=True",
  "metadata": {
    "id": "326274444285",
    "author": "Kamet0",
    "category": "Just Chatting",
    "title": "KAMEL REACTS | \u00c0 L'\u00c9PREUVE DU DIABLE [S2-EP11] - ON TERMINE CETTE EMISSION COR\u00c9ENNE L\u00c9GENDAIRE !\ud83d\udcf9 (!prime) (!match)"
  }
}

2025-06-14 01:04:09.598 +02:00 [INF] Analyse de la réponse JSON de Streamlink...
2025-06-14 01:04:09.602 +02:00 [INF] Type de stream détecté : hls
2025-06-14 01:04:09.603 +02:00 [INF] URL du stream : https://eun11.playlist.ttvnw.net/v1/playlist/Cr0EWTZ1h4QBQ4oYGNK6Y1td9m3X0ZrKDJlQc1ul143643h1_6q0YOWKQVo6EiTqAXUCudsatwSuc6cYe23mbXuBgh-IPmFiz7rpQl8-DX29v2Dl5OVcE8LNldUVq1ozAyPCazK7FVz_a-oleJ6921v2C2-TkB5ow3K1WptLy8XltZi9SrtYtDXNySSV1w5RW6fLcPLuX7XT6MAqlmRFL8P8Qn6lw0dUpXUU7r1oedJ-RECGIjjraOJ56hT0dnMby7W3F0Mn89_q0-WYs0OE7kaN2FioKyDLrU4FrbLHC13mE79TG3Rfha6v8uIe1K5FBIBTL1SAv0yPYUSzYcrAg5IYeW55O3sG91zOUU-DhDHVGk312HaQBDKiR32qFiM9JtQFf5ue4LNpf8PjdHJctqaF6toaDNQeP72nLzpHCehhbOmcsso117y2b6RH9V3Jcc8DiRwhWKS36UOarVZvwnxZOPgOLo3a99kYM50_mARNLNUDsLi6Oj0UGY-41ukcP7sRfNwVtkUUCSYQ5Uc5UMPQSRLdIfW8-VZEH5uRhw71yw9yltflygzt6udbIooxQD-yeyk9Clcmx6mejh5VOOzkCoI2JHbRoc6w5hjO_yq4-J61hKVdS_72tl0SMbVA1NKkQmhmWc_mRYIs3tJxLS2LWLvL1QM55fLMZ8aAgvm7bAIuuRUP2AjEZmS5424u-fyWO7nBhMAU7tC3or44pSwevlVASX8PyTZWAOVSVfQpphrDWsFkPbjDokeWmRRFGgxcsXgLeKl8B5lyLv0gASoJZXUtd2VzdC0yMMIM.m3u8
2025-06-14 01:04:09.603 +02:00 [INF] Stream non détecté comme étant en direct (aucun indicateur de live trouvé)
2025-06-14 01:04:09.603 +02:00 [INF] Métadonnées trouvées dans la réponse
2025-06-14 01:04:09.604 +02:00 [INF] Titre du stream détecté : KAMEL REACTS | À L'ÉPREUVE DU DIABLE [S2-EP11] - ON TERMINE CETTE EMISSION CORÉENNE LÉGENDAIRE !📹 (!prime) (!match)
2025-06-14 01:04:09.604 +02:00 [INF] Nom de la chaîne détecté : Kamet0
2025-06-14 01:04:09.604 +02:00 [INF] État final de la détection - IsLive: False, Title: KAMEL REACTS | À L'ÉPREUVE DU DIABLE [S2-EP11] - ON TERMINE CETTE EMISSION CORÉENNE LÉGENDAIRE !📹 (!prime) (!match), Channel: Kamet0
2025-06-14 01:05:53.895 +02:00 [INF] Démarrage de l'application...
2025-06-14 01:05:53.949 +02:00 [INF] Initialisation de l'application...
2025-06-14 01:05:54.002 +02:00 [INF] Initialisation du framework terminée...
2025-06-14 01:05:54.002 +02:00 [INF] Application Avalonia construite
2025-06-14 01:05:54.005 +02:00 [INF] Configuration des services...
2025-06-14 01:05:54.017 +02:00 [INF] Construction du conteneur DI...
2025-06-14 01:05:54.355 +02:00 [INF] Démarrage de l'application...
2025-06-14 01:05:54.470 +02:00 [INF] Initialisation du framework terminée...
2025-06-14 01:05:54.821 +02:00 [INF] YouTubeStreamDetector initialisé
2025-06-14 01:05:54.824 +02:00 [INF] MainViewModel initialisé
2025-06-14 01:05:54.849 +02:00 [INF] CanStopMonitoring est évalué. IsMonitoring: False
2025-06-14 01:05:54.850 +02:00 [INF] Application démarrée avec succès
2025-06-14 01:06:02.818 +02:00 [INF] Début de la récupération des informations du stream YouTube pour : https://www.twitch.tv/otplol_
2025-06-14 01:06:02.909 +02:00 [INF] Streamlink trouvé à : C:\Program Files\Streamlink\bin\streamlink.exe
2025-06-14 01:06:02.909 +02:00 [INF] Exécution de streamlink avec les arguments : -j https://www.twitch.tv/otplol_ best
2025-06-14 01:06:02.925 +02:00 [INF] Processus streamlink démarré
2025-06-14 01:06:05.640 +02:00 [INF] Processus streamlink terminé avec le code : 0
2025-06-14 01:06:05.640 +02:00 [INF] Sortie Streamlink (JSON) : {
  "type": "hls",
  "url": "https://eun13.playlist.ttvnw.net/v1/playlist/CrwEBo7BlaFqrK7l_79RuN8AIoaaeVSpBqdXAbVgDclUjiGLyncUQlg5J6J3A7lkac8uo8_lubluu7YLWaN2nmN4j6mTMpZRrmrmzcOsR6uPcXfdP-NfCxeTGFwUlD7op4cjTHblgqWIBboB19QhPIdNEEXiax1pD4kFCkOsFfkRI3WykR2wba76ciWJe-PXjygm3Tyz_wZTvDntUkFTYDKXE3H74-aUj8LiOkKuASsDWMMvIaxykTGFiINXrETrmlaDVQHv_LGHwVwkJl4kSAEAX_f-dzNlg-3XbW_qX33oiYm_zCjlu9zXHdCalR4O-7E69jLTndFRLIqdrefin-Rsm2MuDd6MmGbzZGabgbZ78gVITOdBGkbukJP9pKyfaD6mMSfuLoMBNL2eiOQC9NFJ7UMP5QuGiHgZe9tdWA0EM-dlkjVeWZlelKUKVlV1e4h5B7uNt9F9a6btt_EOw78y_4RAre0QMJB1ghG15obEZTeszudOYdM1Zp1gn2WfdNBxofBNw3EKI450tviBfNYY9c2BpG0t9tc2o6opVHPBb_vyFCcnXdjzhcr3Kr8I29Oqf8S0l9Fq4Uvpt2xm-TqS9QiLe9nq59wtwa8_2dohXfk5WhrgZIkUq3MsT_jKySUIcWx_OE89nHSBrpyjpn9lWW9YrJXTOXdxoJVZJ3kBLMckiiZZkWbToc1lfJ2k43Vqhrv65gwqPdjPGTyOTra-er8iAhLgpexrTOMBMsrW80pDOIN3FVZrq9NC3FAaDHevUB0RuJn5So_KlyABKglldS13ZXN0LTIwwgw.m3u8",
  "headers": {
    "User-Agent": "Mozilla/5.0 (Windows NT 10.0; Win64; x64; rv:136.0) Gecko/20100101 Firefox/136.0",
    "Accept-Encoding": "gzip, deflate, br, zstd",
    "Accept": "*/*",
    "Connection": "keep-alive",
    "referer": "https://player.twitch.tv",
    "origin": "https://player.twitch.tv",
    "Cookie": "AWSALBTG=ddsoqCOfClM+bkA69Mbdetx5XH3fvW11yMiYtf8iEXUhDwUkVw0HrrWEh6liMAJhXgyvwcuuPDBT1i/Bwn/E97+ayjdvE2/qhK4I04yNSRfmxqsWZ2IGDxo7RH4K0trZ2Qwcpq+tVI49T7FkLGdGQ+RNq5wzSJWnexQT8L7iRsZR; AWSALBTGCORS=ddsoqCOfClM+bkA69Mbdetx5XH3fvW11yMiYtf8iEXUhDwUkVw0HrrWEh6liMAJhXgyvwcuuPDBT1i/Bwn/E97+ayjdvE2/qhK4I04yNSRfmxqsWZ2IGDxo7RH4K0trZ2Qwcpq+tVI49T7FkLGdGQ+RNq5wzSJWnexQT8L7iRsZR; AWSALB=7DqZOmbOcR5bmeuQngW2OlPmeRIfCgSvVViVIgf8xvV0Xm3fNrDJNUmVpelUmQdMn6I3k+0+Zss3+At2EeQZFqUhwg5H354vGXt/BOKXKBuBykFE/gPaWzmp1hf1; AWSALBCORS=7DqZOmbOcR5bmeuQngW2OlPmeRIfCgSvVViVIgf8xvV0Xm3fNrDJNUmVpelUmQdMn6I3k+0+Zss3+At2EeQZFqUhwg5H354vGXt/BOKXKBuBykFE/gPaWzmp1hf1"
  },
  "master": "https://usher.ttvnw.net/api/channel/hls/otplol_.m3u8?player=twitchweb&p=134131&type=any&allow_source=true&allow_audio_only=true&allow_spectre=false&sig=941827abe111f72322a1ddfd728651a4b3dc006a&token=%7B%22adblock%22%3Afalse%2C%22authorization%22%3A%7B%22forbidden%22%3Afalse%2C%22reason%22%3A%22%22%7D%2C%22blackout_enabled%22%3Afalse%2C%22channel%22%3A%22otplol_%22%2C%22channel_id%22%3A622498423%2C%22chansub%22%3A%7B%22restricted_bitrates%22%3A%5B%5D%2C%22view_until%22%3A1924905600%7D%2C%22ci_gb%22%3Afalse%2C%22geoblock_reason%22%3A%22%22%2C%22device_id%22%3Anull%2C%22expires%22%3A1749857155%2C%22extended_history_allowed%22%3Afalse%2C%22game%22%3A%22%22%2C%22hide_ads%22%3Afalse%2C%22https_required%22%3Atrue%2C%22mature%22%3Afalse%2C%22partner%22%3Afalse%2C%22platform%22%3A%22web%22%2C%22player_type%22%3A%22embed%22%2C%22private%22%3A%7B%22allowed_to_view%22%3Atrue%7D%2C%22privileged%22%3Afalse%2C%22role%22%3A%22%22%2C%22server_ads%22%3Atrue%2C%22show_ads%22%3Atrue%2C%22subscriber%22%3Afalse%2C%22turbo%22%3Afalse%2C%22user_id%22%3Anull%2C%22user_ip%22%3A%2288.160.164.12%22%2C%22version%22%3A3%2C%22maximum_resolution%22%3A%22FULL_HD%22%2C%22maximum_video_bitrate_kbps%22%3A12500%2C%22maximum_resolution_reasons%22%3A%7B%22QUAD_HD%22%3A%5B%22AUTHZ_NOT_LOGGED_IN%22%5D%2C%22ULTRA_HD%22%3A%5B%22AUTHZ_NOT_LOGGED_IN%22%5D%7D%2C%22maximum_video_bitrate_kbps_reasons%22%3A%5B%22AUTHZ_DISALLOWED_BITRATE%22%5D%7D&fast_bread=True",
  "metadata": {
    "id": "321658014457",
    "author": "otplol_",
    "category": "League of Legends",
    "title": "EMEA SPRING SPLIT 2025 - KCB vs Z10 - 1/8\u00c8 DE FINALE - BO5"
  }
}

2025-06-14 01:06:05.645 +02:00 [INF] Analyse de la réponse JSON de Streamlink...
2025-06-14 01:06:05.649 +02:00 [INF] Type de stream détecté : hls
2025-06-14 01:06:05.650 +02:00 [INF] URL du stream : https://eun13.playlist.ttvnw.net/v1/playlist/CrwEBo7BlaFqrK7l_79RuN8AIoaaeVSpBqdXAbVgDclUjiGLyncUQlg5J6J3A7lkac8uo8_lubluu7YLWaN2nmN4j6mTMpZRrmrmzcOsR6uPcXfdP-NfCxeTGFwUlD7op4cjTHblgqWIBboB19QhPIdNEEXiax1pD4kFCkOsFfkRI3WykR2wba76ciWJe-PXjygm3Tyz_wZTvDntUkFTYDKXE3H74-aUj8LiOkKuASsDWMMvIaxykTGFiINXrETrmlaDVQHv_LGHwVwkJl4kSAEAX_f-dzNlg-3XbW_qX33oiYm_zCjlu9zXHdCalR4O-7E69jLTndFRLIqdrefin-Rsm2MuDd6MmGbzZGabgbZ78gVITOdBGkbukJP9pKyfaD6mMSfuLoMBNL2eiOQC9NFJ7UMP5QuGiHgZe9tdWA0EM-dlkjVeWZlelKUKVlV1e4h5B7uNt9F9a6btt_EOw78y_4RAre0QMJB1ghG15obEZTeszudOYdM1Zp1gn2WfdNBxofBNw3EKI450tviBfNYY9c2BpG0t9tc2o6opVHPBb_vyFCcnXdjzhcr3Kr8I29Oqf8S0l9Fq4Uvpt2xm-TqS9QiLe9nq59wtwa8_2dohXfk5WhrgZIkUq3MsT_jKySUIcWx_OE89nHSBrpyjpn9lWW9YrJXTOXdxoJVZJ3kBLMckiiZZkWbToc1lfJ2k43Vqhrv65gwqPdjPGTyOTra-er8iAhLgpexrTOMBMsrW80pDOIN3FVZrq9NC3FAaDHevUB0RuJn5So_KlyABKglldS13ZXN0LTIwwgw.m3u8
2025-06-14 01:06:05.650 +02:00 [INF] Stream non détecté comme étant en direct (aucun indicateur de live trouvé)
2025-06-14 01:06:05.650 +02:00 [INF] Métadonnées trouvées dans la réponse
2025-06-14 01:06:05.651 +02:00 [INF] Titre du stream détecté : EMEA SPRING SPLIT 2025 - KCB vs Z10 - 1/8È DE FINALE - BO5
2025-06-14 01:06:05.651 +02:00 [INF] Nom de la chaîne détecté : otplol_
2025-06-14 01:06:05.651 +02:00 [INF] État final de la détection - IsLive: False, Title: EMEA SPRING SPLIT 2025 - KCB vs Z10 - 1/8È DE FINALE - BO5, Channel: otplol_
2025-06-14 01:08:59.757 +02:00 [INF] Démarrage de l'application...
2025-06-14 01:08:59.803 +02:00 [INF] Initialisation de l'application...
2025-06-14 01:08:59.854 +02:00 [INF] Initialisation du framework terminée...
2025-06-14 01:08:59.855 +02:00 [INF] Application Avalonia construite
2025-06-14 01:08:59.857 +02:00 [INF] Configuration des services...
2025-06-14 01:08:59.867 +02:00 [INF] Construction du conteneur DI...
2025-06-14 01:09:00.173 +02:00 [INF] Démarrage de l'application...
2025-06-14 01:09:00.292 +02:00 [INF] Initialisation du framework terminée...
2025-06-14 01:09:00.626 +02:00 [INF] YouTubeStreamDetector initialisé
2025-06-14 01:09:00.628 +02:00 [INF] MainViewModel initialisé
2025-06-14 01:09:00.651 +02:00 [INF] CanStopMonitoring est évalué. IsMonitoring: False
2025-06-14 01:09:00.652 +02:00 [INF] Application démarrée avec succès
2025-06-14 01:09:05.942 +02:00 [INF] Début de la récupération des informations du stream YouTube pour : https://www.twitch.tv/otplol_
2025-06-14 01:09:06.039 +02:00 [INF] Streamlink trouvé à : C:\Program Files\Streamlink\bin\streamlink.exe
2025-06-14 01:09:06.039 +02:00 [INF] Exécution de streamlink avec les arguments : -j https://www.twitch.tv/otplol_ best
2025-06-14 01:09:06.054 +02:00 [INF] Processus streamlink démarré
2025-06-14 01:09:08.407 +02:00 [INF] Processus streamlink terminé avec le code : 0
2025-06-14 01:09:08.407 +02:00 [INF] Sortie Streamlink (JSON) : {
  "type": "hls",
  "url": "https://euc12.playlist.ttvnw.net/v1/playlist/CswEr0sNMqsTQzeGO9-_d8T_1UXIuVFN_iYRTbuFaro6w9w6dYPl7En8SdvKpApXqLjmIRbjhjdX68uCDLyN8Cgka2cGJwF5_1ttPje5d1EpjXlQcsa56jgi7P1IyKBulpe1JwzLTfKT5b4ntwsq3iywJ0fc2YW0KeGGUa_bVZjbraJkuDpLffrvuP4D86W703Krf8x5JYIpcRHKE-urecbHxB3wIQa-xF2MuOCLAjTuHTAL5zIvOS2xDbmDgnZQvN8QsIWw2gMzW1bECvhSr4v6oocqkYW2iKirmWICGxL2Y0gVkOWfZUjfezYd4IHhhuIZhYDdLVlkCJq2k4JHDAcM-QOY3Usdpp6gSlDu-PLijPKBgO4kspWl9FHGw_wOPh4CEUI9rTV_0jWSAZYIBY5NLT5PmS74LFEmfb6soBdmkKTifHi135z0lDGbZ3J7m_q8DZMbPvBc6_Eieg4N5zmMyvdsnMIIf4A0Aq8rk2N1Fg5rt54fmp084qUTpdqSazFJUM51aqXK_PWfhV20fCwnNkNzNzKCSsH9-bT5xzAHTOz96nktH6NqueXulHJZET0Xkujt6c-DVihfrYz3NZCoNAYgMhqdcyiF4bWVgNeqn5FiGBeQWCnc0pF6Qbx8T2PWOOcXZQNGzJ6AMD-ieFFXUPT962FXbYoefmWCjVU7mYc2lUwIdf82qJ_uKoUWMHOmUQs3wNhqb97Pv6hgcvCeYQ-VNv6q2RGqvRoOHhrA9lt5q_Y2oAgEFcvZ_fTOX6Sy7H1C65XREqPPWHnQGgwjgqD8VvSIIYTGCxkgASoJZXUtd2VzdC0yMMIM.m3u8",
  "headers": {
    "User-Agent": "Mozilla/5.0 (Windows NT 10.0; Win64; x64; rv:136.0) Gecko/20100101 Firefox/136.0",
    "Accept-Encoding": "gzip, deflate, br, zstd",
    "Accept": "*/*",
    "Connection": "keep-alive",
    "referer": "https://player.twitch.tv",
    "origin": "https://player.twitch.tv",
    "Cookie": "AWSALBTG=vHjvyVK+l6NEi6w8E4Vg8WjTn/wNBlbft4yvsWhBVtZTYN01ikbI1rpgU8/czhadD+41iYTWDLRpgte+50pKEO3uvyM3vBAbQUhQ7n3hNvyEjcl1C1wy1pQaftQYrKUj46PJ+wET6xWHwL2p+8+BqE2oJx+0jxQJ69K4xy8kmZrY; AWSALBTGCORS=vHjvyVK+l6NEi6w8E4Vg8WjTn/wNBlbft4yvsWhBVtZTYN01ikbI1rpgU8/czhadD+41iYTWDLRpgte+50pKEO3uvyM3vBAbQUhQ7n3hNvyEjcl1C1wy1pQaftQYrKUj46PJ+wET6xWHwL2p+8+BqE2oJx+0jxQJ69K4xy8kmZrY; AWSALB=2ISMBkQ0t3g4jEO34oMYZnAqsDaMYzfSZqW6Q6z1iyYC1fKuyj48YNHmNN1TkKbUGtoGQN/zHNxnKnK2UzDq5+MmFMfEapN9rj+3NRewRY07qPIcWMkVxH4QycM6; AWSALBCORS=2ISMBkQ0t3g4jEO34oMYZnAqsDaMYzfSZqW6Q6z1iyYC1fKuyj48YNHmNN1TkKbUGtoGQN/zHNxnKnK2UzDq5+MmFMfEapN9rj+3NRewRY07qPIcWMkVxH4QycM6"
  },
  "master": "https://usher.ttvnw.net/api/channel/hls/otplol_.m3u8?player=twitchweb&p=765961&type=any&allow_source=true&allow_audio_only=true&allow_spectre=false&sig=b7b9f5e657c377d9cc49ea00feadf9f3490a3ee8&token=%7B%22adblock%22%3Afalse%2C%22authorization%22%3A%7B%22forbidden%22%3Afalse%2C%22reason%22%3A%22%22%7D%2C%22blackout_enabled%22%3Afalse%2C%22channel%22%3A%22otplol_%22%2C%22channel_id%22%3A622498423%2C%22chansub%22%3A%7B%22restricted_bitrates%22%3A%5B%5D%2C%22view_until%22%3A1924905600%7D%2C%22ci_gb%22%3Afalse%2C%22geoblock_reason%22%3A%22%22%2C%22device_id%22%3Anull%2C%22expires%22%3A1749857338%2C%22extended_history_allowed%22%3Afalse%2C%22game%22%3A%22%22%2C%22hide_ads%22%3Afalse%2C%22https_required%22%3Atrue%2C%22mature%22%3Afalse%2C%22partner%22%3Afalse%2C%22platform%22%3A%22web%22%2C%22player_type%22%3A%22embed%22%2C%22private%22%3A%7B%22allowed_to_view%22%3Atrue%7D%2C%22privileged%22%3Afalse%2C%22role%22%3A%22%22%2C%22server_ads%22%3Atrue%2C%22show_ads%22%3Atrue%2C%22subscriber%22%3Afalse%2C%22turbo%22%3Afalse%2C%22user_id%22%3Anull%2C%22user_ip%22%3A%2288.160.164.12%22%2C%22version%22%3A3%2C%22maximum_resolution%22%3A%22FULL_HD%22%2C%22maximum_video_bitrate_kbps%22%3A12500%2C%22maximum_resolution_reasons%22%3A%7B%22QUAD_HD%22%3A%5B%22AUTHZ_NOT_LOGGED_IN%22%5D%2C%22ULTRA_HD%22%3A%5B%22AUTHZ_NOT_LOGGED_IN%22%5D%7D%2C%22maximum_video_bitrate_kbps_reasons%22%3A%5B%22AUTHZ_DISALLOWED_BITRATE%22%5D%7D&fast_bread=True",
  "metadata": {
    "id": "321658014457",
    "author": "otplol_",
    "category": "League of Legends",
    "title": "EMEA SPRING SPLIT 2025 - KCB vs Z10 - 1/8\u00c8 DE FINALE - BO5"
  }
}

2025-06-14 01:09:08.412 +02:00 [INF] Analyse de la réponse JSON de Streamlink...
2025-06-14 01:09:08.416 +02:00 [INF] Type de stream détecté : hls
2025-06-14 01:09:08.416 +02:00 [INF] URL du stream : https://euc12.playlist.ttvnw.net/v1/playlist/CswEr0sNMqsTQzeGO9-_d8T_1UXIuVFN_iYRTbuFaro6w9w6dYPl7En8SdvKpApXqLjmIRbjhjdX68uCDLyN8Cgka2cGJwF5_1ttPje5d1EpjXlQcsa56jgi7P1IyKBulpe1JwzLTfKT5b4ntwsq3iywJ0fc2YW0KeGGUa_bVZjbraJkuDpLffrvuP4D86W703Krf8x5JYIpcRHKE-urecbHxB3wIQa-xF2MuOCLAjTuHTAL5zIvOS2xDbmDgnZQvN8QsIWw2gMzW1bECvhSr4v6oocqkYW2iKirmWICGxL2Y0gVkOWfZUjfezYd4IHhhuIZhYDdLVlkCJq2k4JHDAcM-QOY3Usdpp6gSlDu-PLijPKBgO4kspWl9FHGw_wOPh4CEUI9rTV_0jWSAZYIBY5NLT5PmS74LFEmfb6soBdmkKTifHi135z0lDGbZ3J7m_q8DZMbPvBc6_Eieg4N5zmMyvdsnMIIf4A0Aq8rk2N1Fg5rt54fmp084qUTpdqSazFJUM51aqXK_PWfhV20fCwnNkNzNzKCSsH9-bT5xzAHTOz96nktH6NqueXulHJZET0Xkujt6c-DVihfrYz3NZCoNAYgMhqdcyiF4bWVgNeqn5FiGBeQWCnc0pF6Qbx8T2PWOOcXZQNGzJ6AMD-ieFFXUPT962FXbYoefmWCjVU7mYc2lUwIdf82qJ_uKoUWMHOmUQs3wNhqb97Pv6hgcvCeYQ-VNv6q2RGqvRoOHhrA9lt5q_Y2oAgEFcvZ_fTOX6Sy7H1C65XREqPPWHnQGgwjgqD8VvSIIYTGCxkgASoJZXUtd2VzdC0yMMIM.m3u8
2025-06-14 01:09:08.416 +02:00 [INF] Stream non détecté comme étant en direct (aucun indicateur de live trouvé)
2025-06-14 01:09:08.417 +02:00 [INF] Métadonnées trouvées dans la réponse
2025-06-14 01:09:08.417 +02:00 [INF] Titre du stream détecté : EMEA SPRING SPLIT 2025 - KCB vs Z10 - 1/8È DE FINALE - BO5
2025-06-14 01:09:08.418 +02:00 [INF] Nom de la chaîne détecté : otplol_
2025-06-14 01:09:08.418 +02:00 [INF] État final de la détection - IsLive: False, Title: EMEA SPRING SPLIT 2025 - KCB vs Z10 - 1/8È DE FINALE - BO5, Channel: otplol_
2025-06-14 01:09:21.682 +02:00 [INF] Démarrage de l'application...
2025-06-14 01:09:21.728 +02:00 [INF] Initialisation de l'application...
2025-06-14 01:09:21.779 +02:00 [INF] Initialisation du framework terminée...
2025-06-14 01:09:21.780 +02:00 [INF] Application Avalonia construite
2025-06-14 01:09:21.781 +02:00 [INF] Configuration des services...
2025-06-14 01:09:21.792 +02:00 [INF] Construction du conteneur DI...
2025-06-14 01:09:22.073 +02:00 [INF] Démarrage de l'application...
2025-06-14 01:09:22.180 +02:00 [INF] Initialisation du framework terminée...
2025-06-14 01:09:22.515 +02:00 [INF] YouTubeStreamDetector initialisé
2025-06-14 01:09:22.518 +02:00 [INF] MainViewModel initialisé
2025-06-14 01:09:22.541 +02:00 [INF] CanStopMonitoring est évalué. IsMonitoring: False
2025-06-14 01:09:22.541 +02:00 [INF] Application démarrée avec succès
2025-06-14 01:09:25.220 +02:00 [INF] Début de la récupération des informations du stream YouTube pour : https://www.youtube.com/@holoen_gigimurin
2025-06-14 01:09:25.306 +02:00 [INF] Streamlink trouvé à : C:\Program Files\Streamlink\bin\streamlink.exe
2025-06-14 01:09:25.306 +02:00 [INF] Exécution de streamlink avec les arguments : -j https://www.youtube.com/@holoen_gigimurin best
2025-06-14 01:09:25.319 +02:00 [INF] Processus streamlink démarré
2025-06-14 01:09:27.432 +02:00 [INF] Processus streamlink terminé avec le code : 0
2025-06-14 01:09:27.432 +02:00 [INF] Sortie Streamlink (JSON) : {
  "type": "hls",
  "url": "https://manifest.googlevideo.com/api/manifest/hls_playlist/expire/1749877758/ei/nq9MaOmPAs3Jp-oPifSXqAw/ip/88.160.164.12/id/LEcIXMTUf6k.1/itag/301/source/yt_live_broadcast/requiressl/yes/ratebypass/yes/live/1/sgoap/gir%3Dyes%3Bitag%3D140/sgovp/gir%3Dyes%3Bitag%3D299/rqh/1/hls_chunk_host/rr3---sn-25ge7nsd.googlevideo.com/xpc/EgVo2aDSNQ%3D%3D/bui/AY1jyLNby60S5RTzyViaMJRtZQ1P0OalBE2VsMU15JbtobHxK6bKueOjBxG1s1p7PzmPLxktX7tkmebr/spc/l3OVKdABKfzP6xFOXyaDOLs7CKDrEG7JAwePVR7c7yv8ewY8wBa7TQ32jraL_jttVw8/vprv/1/playlist_type/LIVE/initcwndbps/2538750/met/1749856158,/mh/Zm/mm/44/mn/sn-25ge7nsd/ms/lva/mv/m/mvi/3/pl/12/rms/lva,lva/dover/11/pacing/0/keepalive/yes/fexp/51355912/mt/1749855629/sparams/expire,ei,ip,id,itag,source,requiressl,ratebypass,live,sgoap,sgovp,rqh,xpc,bui,spc,vprv,playlist_type/sig/AJfQdSswRQIhAIYQmJ-U7ZBVbGwI0dJsEKnxHa6MafIn3Qwqepe65w2GAiBovBqiNXx949pkOM4Dx_CMCazMwfOsrn8VNCnokXHJoQ%3D%3D/lsparams/hls_chunk_host,initcwndbps,met,mh,mm,mn,ms,mv,mvi,pl,rms/lsig/APaTxxMwRQIgdnBK6Xv6jjyDU7lr8XSxAi8AIk4y-XzMjT15LasLQmECIQCi1Zb5h-F38Gil8EleJo3dwkIBt6x0YJ5sCssU_imzFw%3D%3D/playlist/index.m3u8",
  "headers": {
    "User-Agent": "Mozilla/5.0 (Windows NT 10.0; Win64; x64) AppleWebKit/537.36 (KHTML, like Gecko) Chrome/134.0.0.0 Safari/537.36",
    "Accept-Encoding": "gzip, deflate, br, zstd",
    "Accept": "*/*",
    "Connection": "keep-alive"
  },
  "master": "https://manifest.googlevideo.com/api/manifest/hls_variant/expire/1749877758/ei/nq9MaOmPAs3Jp-oPifSXqAw/ip/88.160.164.12/id/LEcIXMTUf6k.1/source/yt_live_broadcast/requiressl/yes/xpc/EgVo2aDSNQ%3D%3D/hfr/1/maudio/1/bui/AY1jyLNby60S5RTzyViaMJRtZQ1P0OalBE2VsMU15JbtobHxK6bKueOjBxG1s1p7PzmPLxktX7tkmebr/spc/l3OVKdABKfzP6xFOXyaDOLs7CKDrEG7JAwePVR7c7yv8ewY8wBa7TQ32jraL_jttVw8/vprv/1/go/1/rqh/5/pacing/0/nvgoi/1/ncsapi/1/keepalive/yes/fexp/51355912/dover/11/itag/0/playlist_type/LIVE/sparams/expire%2Cei%2Cip%2Cid%2Csource%2Crequiressl%2Cxpc%2Chfr%2Cmaudio%2Cbui%2Cspc%2Cvprv%2Cgo%2Crqh%2Citag%2Cplaylist_type/sig/AJfQdSswRQIgYfuhv9ZrHzn0Py_B2Nenj3FDQpApEp3TAvExmUCO6wQCIQDsCIwXEjaHpHrdvodgG-8vMXZlyw7aDudtNX_z-fUJ0A%3D%3D/file/index.m3u8",
  "metadata": {
    "id": "LEcIXMTUf6k",
    "author": "Gigi Murin Ch. hololive-EN",
    "category": "Gaming",
    "title": "\u3010StarVaders\u3011decided to test my reading comprehension at 7AM"
  }
}

2025-06-14 01:09:27.434 +02:00 [INF] Analyse de la réponse JSON de Streamlink...
2025-06-14 01:09:27.438 +02:00 [INF] Type de stream détecté : hls
2025-06-14 01:09:27.438 +02:00 [INF] URL du stream : https://manifest.googlevideo.com/api/manifest/hls_playlist/expire/1749877758/ei/nq9MaOmPAs3Jp-oPifSXqAw/ip/88.160.164.12/id/LEcIXMTUf6k.1/itag/301/source/yt_live_broadcast/requiressl/yes/ratebypass/yes/live/1/sgoap/gir%3Dyes%3Bitag%3D140/sgovp/gir%3Dyes%3Bitag%3D299/rqh/1/hls_chunk_host/rr3---sn-25ge7nsd.googlevideo.com/xpc/EgVo2aDSNQ%3D%3D/bui/AY1jyLNby60S5RTzyViaMJRtZQ1P0OalBE2VsMU15JbtobHxK6bKueOjBxG1s1p7PzmPLxktX7tkmebr/spc/l3OVKdABKfzP6xFOXyaDOLs7CKDrEG7JAwePVR7c7yv8ewY8wBa7TQ32jraL_jttVw8/vprv/1/playlist_type/LIVE/initcwndbps/2538750/met/1749856158,/mh/Zm/mm/44/mn/sn-25ge7nsd/ms/lva/mv/m/mvi/3/pl/12/rms/lva,lva/dover/11/pacing/0/keepalive/yes/fexp/51355912/mt/1749855629/sparams/expire,ei,ip,id,itag,source,requiressl,ratebypass,live,sgoap,sgovp,rqh,xpc,bui,spc,vprv,playlist_type/sig/AJfQdSswRQIhAIYQmJ-U7ZBVbGwI0dJsEKnxHa6MafIn3Qwqepe65w2GAiBovBqiNXx949pkOM4Dx_CMCazMwfOsrn8VNCnokXHJoQ%3D%3D/lsparams/hls_chunk_host,initcwndbps,met,mh,mm,mn,ms,mv,mvi,pl,rms/lsig/APaTxxMwRQIgdnBK6Xv6jjyDU7lr8XSxAi8AIk4y-XzMjT15LasLQmECIQCi1Zb5h-F38Gil8EleJo3dwkIBt6x0YJ5sCssU_imzFw%3D%3D/playlist/index.m3u8
2025-06-14 01:09:27.438 +02:00 [INF] Stream détecté comme étant en direct (indicateurs de live trouvés)
2025-06-14 01:09:27.438 +02:00 [INF] Métadonnées trouvées dans la réponse
2025-06-14 01:09:27.439 +02:00 [INF] Titre du stream détecté : 【StarVaders】decided to test my reading comprehension at 7AM
2025-06-14 01:09:27.439 +02:00 [INF] Nom de la chaîne détecté : Gigi Murin Ch. hololive-EN
2025-06-14 01:09:27.439 +02:00 [INF] État final de la détection - IsLive: True, Title: 【StarVaders】decided to test my reading comprehension at 7AM, Channel: Gigi Murin Ch. hololive-EN
2025-06-14 01:09:27.441 +02:00 [INF] Récupération de l'URL du stream pour https://www.youtube.com/@holoen_gigimurin
2025-06-14 01:09:29.747 +02:00 [INF] Création du répertoire : C:\Users\terre\OneDrive\Documents\Strivea\Recordings\YouTube\Gigi Murin Ch. hololive-EN
2025-06-14 01:09:29.748 +02:00 [INF] Démarrage de l'enregistrement pour Gigi Murin Ch. hololive-EN sur YouTube
2025-06-14 01:09:29.748 +02:00 [INF] URL du stream : https://manifest.googlevideo.com/api/manifest/hls_playlist/expire/1749877760/ei/oK9MaOWIDNnbp-oPnajq0QI/ip/88.160.164.12/id/LEcIXMTUf6k.1/itag/301/source/yt_live_broadcast/requiressl/yes/ratebypass/yes/live/1/sgoap/gir%3Dyes%3Bitag%3D140/sgovp/gir%3Dyes%3Bitag%3D299/rqh/1/hls_chunk_host/rr3---sn-25glenez.googlevideo.com/xpc/EgVo2aDSNQ%3D%3D/bui/AY1jyLMXzhXHBTK5ZRCNTOKeFwB6KCVMgar00T_qSZ3QqXcwozk-ZKlaWEtDpbHOrrAB3Gb3ksf-pSlf/spc/l3OVKRE-g-o5aIbea09SU9CAxfbFL5eZKcUlO811HLmUNtpIoNM4PsBqU97eGlpo_Ic/vprv/1/playlist_type/LIVE/initcwndbps/2566250/met/1749856160,/mh/Zm/mm/44/mn/sn-25glenez/ms/lva/mv/m/mvi/3/pl/12/rms/lva,lva/dover/11/pacing/0/keepalive/yes/fexp/51355912/mt/1749855629/sparams/expire,ei,ip,id,itag,source,requiressl,ratebypass,live,sgoap,sgovp,rqh,xpc,bui,spc,vprv,playlist_type/sig/AJfQdSswRAIgHBxGI13rGGrGlalWIuJltNY8AH8McovGvmQRiiJAJLsCIHgNTcskrjO5ykAWsuans23yxAg0gnSZEddMagvmgFkA/lsparams/hls_chunk_host,initcwndbps,met,mh,mm,mn,ms,mv,mvi,pl,rms/lsig/APaTxxMwRQIhAIwLmIdvoF7nBBN5JPr20lN5PiIpBTbJ6jWY8EtuI5gMAiBYxD13Szu8n2-rdqDrJulHdUaIP2oi5Az8RCYEZ28F1w%3D%3D/playlist/index.m3u8
2025-06-14 01:09:29.748 +02:00 [INF] Chemin de sortie : C:\Users\terre\OneDrive\Documents\Strivea\Recordings\YouTube\Gigi Murin Ch. hololive-EN\StarVadersdecided to test my reading comprehension at 7AM.ts
2025-06-14 01:09:29.857 +02:00 [INF] Enregistrement démarré pour Gigi Murin Ch. hololive-EN sur YouTube
2025-06-14 01:09:29.857 +02:00 [INF] IsMonitoring a changé: True
2025-06-14 01:09:29.858 +02:00 [INF] CanStopMonitoring est évalué. IsMonitoring: True
2025-06-14 01:09:29.858 +02:00 [INF] CanStartMonitoring après changement: False
2025-06-14 01:09:29.858 +02:00 [INF] CanStopMonitoring est évalué. IsMonitoring: True
2025-06-14 01:09:29.858 +02:00 [INF] CanStopMonitoring après changement: True
2025-06-14 01:09:35.597 +02:00 [INF] CanStopMonitoring est évalué. IsMonitoring: True
2025-06-14 01:09:35.599 +02:00 [INF] Arrêt de l'enregistrement pour Gigi Murin Ch. hololive-EN sur YouTube
2025-06-14 01:09:35.603 +02:00 [ERR] Erreur lors de l'enregistrement des statistiques
System.IO.DirectoryNotFoundException: Could not find a part of the path 'C:\Users\terre\OneDrive\Documents\Strivea\Logs\recording_stats.log'.
   at Microsoft.Win32.SafeHandles.SafeFileHandle.CreateFile(String fullPath, FileMode mode, FileAccess access, FileShare share, FileOptions options)
   at Microsoft.Win32.SafeHandles.SafeFileHandle.Open(String fullPath, FileMode mode, FileAccess access, FileShare share, FileOptions options, Int64 preallocationSize, Nullable`1 unixCreateMode)
   at System.IO.File.OpenHandle(String path, FileMode mode, FileAccess access, FileShare share, FileOptions options, Int64 preallocationSize)
   at System.IO.File.WriteToFile(String path, FileMode mode, String contents, Encoding encoding)
   at Strivea.Services.RecordingStatsLogger.Log(DateTime startTime, Int64 bytesRecorded) in C:\Users\terre\OneDrive\Documents\Projet-JEUX\Strivea\Strivea\Services\RecordingStatsLogger.cs:line 90
2025-06-14 01:09:35.608 +02:00 [INF] Enregistrement terminé pour Gigi Murin Ch. hololive-EN sur YouTube
2025-06-14 01:09:35.608 +02:00 [INF] Durée : 00:00:05
2025-06-14 01:09:35.609 +02:00 [INF] Taille du fichier : 5 MB
2025-06-14 01:09:35.610 +02:00 [INF] Début de la conversion pour Gigi Murin Ch. hololive-EN sur YouTube
2025-06-14 01:09:35.887 +02:00 [INF] CanStopMonitoring est évalué. IsMonitoring: True
2025-06-14 01:09:35.981 +02:00 [INF] Conversion réussie pour Gigi Murin Ch. hololive-EN sur YouTube
2025-06-14 01:09:35.981 +02:00 [INF] Fichier converti : C:\Users\terre\OneDrive\Documents\Strivea\Recordings\YouTube\Gigi Murin Ch. hololive-EN\StarVadersdecided to test my reading comprehension at 7AM.mp4
2025-06-14 01:09:35.982 +02:00 [INF] Fichier original supprimé : C:\Users\terre\OneDrive\Documents\Strivea\Recordings\YouTube\Gigi Murin Ch. hololive-EN\StarVadersdecided to test my reading comprehension at 7AM.ts
2025-06-14 01:09:35.982 +02:00 [INF] IsMonitoring a changé: False
2025-06-14 01:09:35.982 +02:00 [INF] CanStopMonitoring est évalué. IsMonitoring: False
2025-06-14 01:09:35.982 +02:00 [INF] CanStartMonitoring après changement: True
2025-06-14 01:09:35.982 +02:00 [INF] CanStopMonitoring est évalué. IsMonitoring: False
2025-06-14 01:09:35.982 +02:00 [INF] CanStopMonitoring après changement: False
2025-06-14 01:09:35.982 +02:00 [INF] CanStopMonitoring est évalué. IsMonitoring: False
2025-06-14 01:22:16.544 +02:00 [INF] Démarrage de l'application...
2025-06-14 01:22:16.618 +02:00 [INF] Initialisation de l'application...
2025-06-14 01:22:16.679 +02:00 [INF] Initialisation du framework terminée...
2025-06-14 01:22:16.679 +02:00 [INF] Application Avalonia construite
2025-06-14 01:22:16.683 +02:00 [INF] Configuration des services...
2025-06-14 01:22:16.701 +02:00 [INF] Construction du conteneur DI...
2025-06-14 01:22:17.013 +02:00 [INF] Démarrage de l'application...
2025-06-14 01:22:17.127 +02:00 [INF] Initialisation du framework terminée...
2025-06-14 01:22:17.581 +02:00 [INF] YouTubeStreamDetector initialisé
2025-06-14 01:22:17.585 +02:00 [INF] MainViewModel initialisé
2025-06-14 01:22:17.617 +02:00 [INF] CanStopMonitoring est évalué. IsMonitoring: False
2025-06-14 01:22:17.618 +02:00 [INF] Application démarrée avec succès
2025-06-14 01:22:21.910 +02:00 [INF] Début de la récupération des informations du stream YouTube pour : https://www.twitch.tv/otplol_
2025-06-14 01:22:22.007 +02:00 [INF] Streamlink trouvé à : C:\Program Files\Streamlink\bin\streamlink.exe
2025-06-14 01:22:22.007 +02:00 [INF] Exécution de streamlink avec les arguments : -j https://www.twitch.tv/otplol_ best
2025-06-14 01:22:22.024 +02:00 [INF] Processus streamlink démarré
2025-06-14 01:22:24.379 +02:00 [INF] Processus streamlink terminé avec le code : 0
2025-06-14 01:22:24.379 +02:00 [INF] Sortie Streamlink (JSON) : {
  "type": "hls",
  "url": "https://euc12.playlist.ttvnw.net/v1/playlist/CswEwGgbm2zvp2-9DXT_3up4QORpYVBWCP0O6Lpzjbdiw8gq8Oyeag2LDaRW0qZCNRxggZYEwE1wvlKkwKwZnuJIYJIqLqX_3ZvGKgYFTfWG90O3sx5hSnrWg1kMxWtR7i8Zmmji87vLfCHG9JwKt9FUU6qZxDFkG4hivJ1utvMB_W7izK95XDwN1x5o2YTGSVhlb-2A2cSxO1fOjUKjD43TBhijM2aw1qjyO_PQmwdLC8lYRALoHDusJYz3-25D4DNBqNNv3yLJtySpVlH1vj0cQPWJKTHHYzY2-q6iRCHbXsfky1VzP7nMPVNlbKDIH1Oox9NBMXHkPyFZOxjcPROaisJJcSXgvn7CyLuNGWGD9i_heVhIrvk0JEppxSXcj6Eq05cbLrqmo2aWnfnnF8caGk0fMWPmTHFcrh3FMReNgw9441SP-asD6Bs0lNzcwVF7hbM_ucr-XsfYOq3L0BIL-XCwhAiOjlzQM9NI8QtRtMv2sQENLmTvN7NGDyyhjDnB4Ga-9Ej_Ue6C1G-kqmFWGMa93a6yXj9hKmKTw6r8zgx4k3QnJh_7Uy7434pA5QjczV4OSz3fdXQxf0YsoaUcqr8q52yPHnp2FIXhlGRJLY4VePtyHpZx5iG7ccZCuXXhGrzdKNQqEjJl7Xu-BU5bZ2VhJk7SV3Im2YAqkm3RDPEcjMx_CEpvKfVhGeDC0_2fuQHkLifFTWyf57_qpPM8gKZtDTkaPDRCzdd7x2G5ZQQ86wRQOme_KRArt-eOk-v4O8LYF7PMmKbkMyoiGgxVkGsvkHWrMZBaz3YgASoJZXUtd2VzdC0yMMIM.m3u8",
  "headers": {
    "User-Agent": "Mozilla/5.0 (Windows NT 10.0; Win64; x64; rv:136.0) Gecko/20100101 Firefox/136.0",
    "Accept-Encoding": "gzip, deflate, br, zstd",
    "Accept": "*/*",
    "Connection": "keep-alive",
    "referer": "https://player.twitch.tv",
    "origin": "https://player.twitch.tv",
    "Cookie": "AWSALBTG=ZrxiLwUVRwrfTYIrez0BQQazNfJ5pl/u+iKB/cfd7bK961dxJKdZ7g2OUGb45cTG+eKkGuoKozKeQCGH5o+8hq8Y6fXmkYw6eOLN4dO9hpuiFq2HiYb4a4BVndDPE+rRzfD+Jp0GiS7SvN5qXOvdJU0MfHuB9Qsn+XBCXCoAK4d9; AWSALBTGCORS=ZrxiLwUVRwrfTYIrez0BQQazNfJ5pl/u+iKB/cfd7bK961dxJKdZ7g2OUGb45cTG+eKkGuoKozKeQCGH5o+8hq8Y6fXmkYw6eOLN4dO9hpuiFq2HiYb4a4BVndDPE+rRzfD+Jp0GiS7SvN5qXOvdJU0MfHuB9Qsn+XBCXCoAK4d9; AWSALB=SLfskighYLMK5dx2xfN9YFj6FkflAB7roGLTshpAePj+XpcmjedCMH0U+OrOrBIBrVxJPYGUORMwmv/ZJJuVYV4kSmJUlUALqqXrtyyYyFZ0FN3xluJBCoP/x1wW; AWSALBCORS=SLfskighYLMK5dx2xfN9YFj6FkflAB7roGLTshpAePj+XpcmjedCMH0U+OrOrBIBrVxJPYGUORMwmv/ZJJuVYV4kSmJUlUALqqXrtyyYyFZ0FN3xluJBCoP/x1wW"
  },
  "master": "https://usher.ttvnw.net/api/channel/hls/otplol_.m3u8?player=twitchweb&p=435436&type=any&allow_source=true&allow_audio_only=true&allow_spectre=false&sig=4d6bf6ce8067801abde93af0c05ad355bbf00f9f&token=%7B%22adblock%22%3Afalse%2C%22authorization%22%3A%7B%22forbidden%22%3Afalse%2C%22reason%22%3A%22%22%7D%2C%22blackout_enabled%22%3Afalse%2C%22channel%22%3A%22otplol_%22%2C%22channel_id%22%3A622498423%2C%22chansub%22%3A%7B%22restricted_bitrates%22%3A%5B%5D%2C%22view_until%22%3A1924905600%7D%2C%22ci_gb%22%3Afalse%2C%22geoblock_reason%22%3A%22%22%2C%22device_id%22%3Anull%2C%22expires%22%3A1749858134%2C%22extended_history_allowed%22%3Afalse%2C%22game%22%3A%22%22%2C%22hide_ads%22%3Afalse%2C%22https_required%22%3Atrue%2C%22mature%22%3Afalse%2C%22partner%22%3Afalse%2C%22platform%22%3A%22web%22%2C%22player_type%22%3A%22embed%22%2C%22private%22%3A%7B%22allowed_to_view%22%3Atrue%7D%2C%22privileged%22%3Afalse%2C%22role%22%3A%22%22%2C%22server_ads%22%3Atrue%2C%22show_ads%22%3Atrue%2C%22subscriber%22%3Afalse%2C%22turbo%22%3Afalse%2C%22user_id%22%3Anull%2C%22user_ip%22%3A%2288.160.164.12%22%2C%22version%22%3A3%2C%22maximum_resolution%22%3A%22FULL_HD%22%2C%22maximum_video_bitrate_kbps%22%3A12500%2C%22maximum_resolution_reasons%22%3A%7B%22QUAD_HD%22%3A%5B%22AUTHZ_NOT_LOGGED_IN%22%5D%2C%22ULTRA_HD%22%3A%5B%22AUTHZ_NOT_LOGGED_IN%22%5D%7D%2C%22maximum_video_bitrate_kbps_reasons%22%3A%5B%22AUTHZ_DISALLOWED_BITRATE%22%5D%7D&fast_bread=True",
  "metadata": {
    "id": "321658014457",
    "author": "otplol_",
    "category": "League of Legends",
    "title": "EMEA SPRING SPLIT 2025 - KCB vs Z10 - 1/8\u00c8 DE FINALE - BO5"
  }
}

2025-06-14 01:22:24.383 +02:00 [INF] Analyse de la réponse JSON de Streamlink...
2025-06-14 01:22:24.387 +02:00 [INF] Type de stream détecté : hls
2025-06-14 01:22:24.388 +02:00 [INF] URL du stream : https://euc12.playlist.ttvnw.net/v1/playlist/CswEwGgbm2zvp2-9DXT_3up4QORpYVBWCP0O6Lpzjbdiw8gq8Oyeag2LDaRW0qZCNRxggZYEwE1wvlKkwKwZnuJIYJIqLqX_3ZvGKgYFTfWG90O3sx5hSnrWg1kMxWtR7i8Zmmji87vLfCHG9JwKt9FUU6qZxDFkG4hivJ1utvMB_W7izK95XDwN1x5o2YTGSVhlb-2A2cSxO1fOjUKjD43TBhijM2aw1qjyO_PQmwdLC8lYRALoHDusJYz3-25D4DNBqNNv3yLJtySpVlH1vj0cQPWJKTHHYzY2-q6iRCHbXsfky1VzP7nMPVNlbKDIH1Oox9NBMXHkPyFZOxjcPROaisJJcSXgvn7CyLuNGWGD9i_heVhIrvk0JEppxSXcj6Eq05cbLrqmo2aWnfnnF8caGk0fMWPmTHFcrh3FMReNgw9441SP-asD6Bs0lNzcwVF7hbM_ucr-XsfYOq3L0BIL-XCwhAiOjlzQM9NI8QtRtMv2sQENLmTvN7NGDyyhjDnB4Ga-9Ej_Ue6C1G-kqmFWGMa93a6yXj9hKmKTw6r8zgx4k3QnJh_7Uy7434pA5QjczV4OSz3fdXQxf0YsoaUcqr8q52yPHnp2FIXhlGRJLY4VePtyHpZx5iG7ccZCuXXhGrzdKNQqEjJl7Xu-BU5bZ2VhJk7SV3Im2YAqkm3RDPEcjMx_CEpvKfVhGeDC0_2fuQHkLifFTWyf57_qpPM8gKZtDTkaPDRCzdd7x2G5ZQQ86wRQOme_KRArt-eOk-v4O8LYF7PMmKbkMyoiGgxVkGsvkHWrMZBaz3YgASoJZXUtd2VzdC0yMMIM.m3u8
2025-06-14 01:22:24.388 +02:00 [INF] Stream non détecté comme étant en direct (aucun indicateur de live trouvé)
2025-06-14 01:22:24.388 +02:00 [INF] Métadonnées trouvées dans la réponse
2025-06-14 01:22:24.389 +02:00 [INF] Titre du stream détecté : EMEA SPRING SPLIT 2025 - KCB vs Z10 - 1/8È DE FINALE - BO5
2025-06-14 01:22:24.389 +02:00 [INF] Nom de la chaîne détecté : otplol_
2025-06-14 01:22:24.389 +02:00 [INF] État final de la détection - IsLive: False, Title: EMEA SPRING SPLIT 2025 - KCB vs Z10 - 1/8È DE FINALE - BO5, Channel: otplol_
2025-06-14 01:24:34.909 +02:00 [INF] Démarrage de l'application...
2025-06-14 01:24:34.964 +02:00 [INF] Initialisation de l'application...
2025-06-14 01:24:35.029 +02:00 [INF] Initialisation du framework terminée...
2025-06-14 01:24:35.029 +02:00 [INF] Application Avalonia construite
2025-06-14 01:24:35.033 +02:00 [INF] Configuration des services...
2025-06-14 01:24:35.057 +02:00 [INF] Construction du conteneur DI...
2025-06-14 01:24:35.467 +02:00 [INF] Démarrage de l'application...
2025-06-14 01:24:35.587 +02:00 [INF] Initialisation du framework terminée...
2025-06-14 01:24:35.985 +02:00 [INF] YouTubeStreamDetector initialisé
2025-06-14 01:24:35.988 +02:00 [INF] MainViewModel initialisé
2025-06-14 01:24:36.013 +02:00 [INF] CanStopMonitoring est évalué. IsMonitoring: False
2025-06-14 01:24:36.014 +02:00 [INF] Application démarrée avec succès
2025-06-14 01:24:43.998 +02:00 [INF] Début de la récupération des informations du stream YouTube pour : https://www.twitch.tv/kamet0
2025-06-14 01:24:44.084 +02:00 [INF] Streamlink trouvé à : C:\Program Files\Streamlink\bin\streamlink.exe
2025-06-14 01:24:44.084 +02:00 [INF] Exécution de streamlink avec les arguments : -j https://www.twitch.tv/kamet0 best
2025-06-14 01:24:44.098 +02:00 [INF] Processus streamlink démarré
2025-06-14 01:24:47.025 +02:00 [INF] Processus streamlink terminé avec le code : 0
2025-06-14 01:24:47.026 +02:00 [INF] Sortie Streamlink (JSON) : {
  "type": "hls",
  "url": "https://eun12.playlist.ttvnw.net/v1/playlist/CsUEfGAShQppSSt6BaCmX-mjAsP6CqDwYisYPFoVQOBLNX9i1AeP6h8yZ6AOKHCSnvhbro2lvmP-QwepQT23m4By9iPTuTdhwfyB-nP0TAWbKJiGEJW4A0TSnp4VVxVU5Nm1LdPie1O2S8PrQC9kdy_cS2VAwqt7XzUSov77HB9ROcJtkftbbbuI0rzqKLBgLmhXaHGqXTRsv5XfFKwi_Ug3T4sG1CWgb0hMZvvOwsLt74GWNA6TxbyGVHhTj5P-0CtmOQR7EAkpjkkdxi-SQpwScsYW4PGzg2bFZY-VQTFwPEOPjIUw_c4-j2x9kVeYy_B9v0CP9UR13LFnJ7Ex8-RZwQ8oUjb88qZhbOE9AYGe7A8XtbUQSfggYUmzNZ6GT1cdodF0-aaRQotVFZ8mD8EBhdOKCNJJhATgdwMzRLKMlTqz26xtNTmmp2oJijyv1mB8zI1E4PoIZppgpRMtj4CSbPwdE4-bV0mc7jGkYKKZdYDxYe7ooxQnrzmyeOWXY3i6NRgAKezfqAg5vZLbpRso6h8j-MxdXUK9EaNyIhiAyXQuKewCbZEOpK1HAkqXoP0oujcf54T7q2vaHMLGppOwKUBdmR3CrYqsemioKRUYjA24SLQkDmDQn2caz0T9djRfKtDBTF6RffumiHiAo0laqGgkq0MwtZjWykBUBTyLlt5ZLwxKrGf011ilBqugG9rbNmQyPEwU0doYKsymZxQ-QFzIVd8Ey8VHzZpBbCVCVPUA1v-xL4NO4Gia9fvYYB7w3_rf6FMaDL8kD2dYF3XKp3zQ_iABKglldS13ZXN0LTIwwgw.m3u8",
  "headers": {
    "User-Agent": "Mozilla/5.0 (Windows NT 10.0; Win64; x64; rv:136.0) Gecko/20100101 Firefox/136.0",
    "Accept-Encoding": "gzip, deflate, br, zstd",
    "Accept": "*/*",
    "Connection": "keep-alive",
    "referer": "https://player.twitch.tv",
    "origin": "https://player.twitch.tv",
    "Cookie": "AWSALBTG=4Fh+a4knUjgNoXwOowoKnWbm1ZlOCzk63U0QzvS0+rBOUrlKrZ2cGQGJqrF3s+zaVElCcs+P0veEQtDWDpad6vZrTgF1ymg62XtUidcm8Lxk2EKwQ1BSozaLsRgDry/vBqD0Qkm4/6TtOPoecKbewdyl2vEpG/jl94H95Moo/O8I; AWSALBTGCORS=4Fh+a4knUjgNoXwOowoKnWbm1ZlOCzk63U0QzvS0+rBOUrlKrZ2cGQGJqrF3s+zaVElCcs+P0veEQtDWDpad6vZrTgF1ymg62XtUidcm8Lxk2EKwQ1BSozaLsRgDry/vBqD0Qkm4/6TtOPoecKbewdyl2vEpG/jl94H95Moo/O8I; AWSALB=kWFWQYd6eMLOxFGJbqIi5yLnYPUq+9XMzmEMiDkSnJDqGt2bxg93r2BJbHg5ZPDhyTgEaT4I1FGH2wsiFv61LdnVtFElIZbZv4VMwJrNzboo18RcQYgxtaXE8I7D; AWSALBCORS=kWFWQYd6eMLOxFGJbqIi5yLnYPUq+9XMzmEMiDkSnJDqGt2bxg93r2BJbHg5ZPDhyTgEaT4I1FGH2wsiFv61LdnVtFElIZbZv4VMwJrNzboo18RcQYgxtaXE8I7D"
  },
  "master": "https://usher.ttvnw.net/api/channel/hls/kamet0.m3u8?player=twitchweb&p=501544&type=any&allow_source=true&allow_audio_only=true&allow_spectre=false&sig=a68d3c1fd60130ee02f8d8a20bc34204e8fe3568&token=%7B%22adblock%22%3Afalse%2C%22authorization%22%3A%7B%22forbidden%22%3Afalse%2C%22reason%22%3A%22%22%7D%2C%22blackout_enabled%22%3Afalse%2C%22channel%22%3A%22kamet0%22%2C%22channel_id%22%3A27115917%2C%22chansub%22%3A%7B%22restricted_bitrates%22%3A%5B%5D%2C%22view_until%22%3A1924905600%7D%2C%22ci_gb%22%3Afalse%2C%22geoblock_reason%22%3A%22%22%2C%22device_id%22%3Anull%2C%22expires%22%3A1749858276%2C%22extended_history_allowed%22%3Afalse%2C%22game%22%3A%22%22%2C%22hide_ads%22%3Afalse%2C%22https_required%22%3Atrue%2C%22mature%22%3Afalse%2C%22partner%22%3Afalse%2C%22platform%22%3A%22web%22%2C%22player_type%22%3A%22embed%22%2C%22private%22%3A%7B%22allowed_to_view%22%3Atrue%7D%2C%22privileged%22%3Afalse%2C%22role%22%3A%22%22%2C%22server_ads%22%3Atrue%2C%22show_ads%22%3Atrue%2C%22subscriber%22%3Afalse%2C%22turbo%22%3Afalse%2C%22user_id%22%3Anull%2C%22user_ip%22%3A%2288.160.164.12%22%2C%22version%22%3A3%2C%22maximum_resolution%22%3A%22FULL_HD%22%2C%22maximum_video_bitrate_kbps%22%3A12500%2C%22maximum_resolution_reasons%22%3A%7B%22QUAD_HD%22%3A%5B%22AUTHZ_NOT_LOGGED_IN%22%5D%2C%22ULTRA_HD%22%3A%5B%22AUTHZ_NOT_LOGGED_IN%22%5D%7D%2C%22maximum_video_bitrate_kbps_reasons%22%3A%5B%22AUTHZ_DISALLOWED_BITRATE%22%5D%7D&fast_bread=True",
  "metadata": {
    "id": "326274444285",
    "author": "Kamet0",
    "category": "Just Chatting",
    "title": "KAMEL REACTS | \u00c0 L'\u00c9PREUVE DU DIABLE [S2-EP11] - ON TERMINE CETTE EMISSION COR\u00c9ENNE L\u00c9GENDAIRE !\ud83d\udcf9 (!prime) (!match)"
  }
}

2025-06-14 01:24:47.031 +02:00 [INF] Analyse de la réponse JSON de Streamlink...
2025-06-14 01:24:47.035 +02:00 [INF] Type de stream détecté : hls
2025-06-14 01:24:47.035 +02:00 [INF] URL du stream : https://eun12.playlist.ttvnw.net/v1/playlist/CsUEfGAShQppSSt6BaCmX-mjAsP6CqDwYisYPFoVQOBLNX9i1AeP6h8yZ6AOKHCSnvhbro2lvmP-QwepQT23m4By9iPTuTdhwfyB-nP0TAWbKJiGEJW4A0TSnp4VVxVU5Nm1LdPie1O2S8PrQC9kdy_cS2VAwqt7XzUSov77HB9ROcJtkftbbbuI0rzqKLBgLmhXaHGqXTRsv5XfFKwi_Ug3T4sG1CWgb0hMZvvOwsLt74GWNA6TxbyGVHhTj5P-0CtmOQR7EAkpjkkdxi-SQpwScsYW4PGzg2bFZY-VQTFwPEOPjIUw_c4-j2x9kVeYy_B9v0CP9UR13LFnJ7Ex8-RZwQ8oUjb88qZhbOE9AYGe7A8XtbUQSfggYUmzNZ6GT1cdodF0-aaRQotVFZ8mD8EBhdOKCNJJhATgdwMzRLKMlTqz26xtNTmmp2oJijyv1mB8zI1E4PoIZppgpRMtj4CSbPwdE4-bV0mc7jGkYKKZdYDxYe7ooxQnrzmyeOWXY3i6NRgAKezfqAg5vZLbpRso6h8j-MxdXUK9EaNyIhiAyXQuKewCbZEOpK1HAkqXoP0oujcf54T7q2vaHMLGppOwKUBdmR3CrYqsemioKRUYjA24SLQkDmDQn2caz0T9djRfKtDBTF6RffumiHiAo0laqGgkq0MwtZjWykBUBTyLlt5ZLwxKrGf011ilBqugG9rbNmQyPEwU0doYKsymZxQ-QFzIVd8Ey8VHzZpBbCVCVPUA1v-xL4NO4Gia9fvYYB7w3_rf6FMaDL8kD2dYF3XKp3zQ_iABKglldS13ZXN0LTIwwgw.m3u8
2025-06-14 01:24:47.035 +02:00 [INF] Stream non détecté comme étant en direct (aucun indicateur de live trouvé)
2025-06-14 01:24:47.035 +02:00 [INF] Métadonnées trouvées dans la réponse
2025-06-14 01:24:47.036 +02:00 [INF] Titre du stream détecté : KAMEL REACTS | À L'ÉPREUVE DU DIABLE [S2-EP11] - ON TERMINE CETTE EMISSION CORÉENNE LÉGENDAIRE !📹 (!prime) (!match)
2025-06-14 01:24:47.036 +02:00 [INF] Nom de la chaîne détecté : Kamet0
2025-06-14 01:24:47.036 +02:00 [INF] État final de la détection - IsLive: False, Title: KAMEL REACTS | À L'ÉPREUVE DU DIABLE [S2-EP11] - ON TERMINE CETTE EMISSION CORÉENNE LÉGENDAIRE !📹 (!prime) (!match), Channel: Kamet0
2025-06-14 01:26:35.412 +02:00 [INF] Démarrage de l'application...
2025-06-14 01:26:35.468 +02:00 [INF] Initialisation de l'application...
2025-06-14 01:26:35.523 +02:00 [INF] Initialisation du framework terminée...
2025-06-14 01:26:35.523 +02:00 [INF] Application Avalonia construite
2025-06-14 01:26:35.526 +02:00 [INF] Configuration des services...
2025-06-14 01:26:35.533 +02:00 [INF] Construction du conteneur DI...
2025-06-14 01:26:35.555 +02:00 [FTL] Erreur fatale : Unable to resolve service for type 'Microsoft.Extensions.Logging.ILogger' while attempting to activate 'Strivea.Services.TwitchStreamDetector'.
System.InvalidOperationException: Unable to resolve service for type 'Microsoft.Extensions.Logging.ILogger' while attempting to activate 'Strivea.Services.TwitchStreamDetector'.
   at Microsoft.Extensions.DependencyInjection.ServiceLookup.CallSiteFactory.CreateArgumentCallSites(ServiceIdentifier serviceIdentifier, Type implementationType, CallSiteChain callSiteChain, ParameterInfo[] parameters, Boolean throwIfCallSiteNotFound)
   at Microsoft.Extensions.DependencyInjection.ServiceLookup.CallSiteFactory.CreateConstructorCallSite(ResultCache lifetime, ServiceIdentifier serviceIdentifier, Type implementationType, CallSiteChain callSiteChain)
   at Microsoft.Extensions.DependencyInjection.ServiceLookup.CallSiteFactory.TryCreateExact(ServiceDescriptor descriptor, ServiceIdentifier serviceIdentifier, CallSiteChain callSiteChain, Int32 slot)
   at Microsoft.Extensions.DependencyInjection.ServiceLookup.CallSiteFactory.TryCreateExact(ServiceIdentifier serviceIdentifier, CallSiteChain callSiteChain)
   at Microsoft.Extensions.DependencyInjection.ServiceLookup.CallSiteFactory.CreateCallSite(ServiceIdentifier serviceIdentifier, CallSiteChain callSiteChain)
   at Microsoft.Extensions.DependencyInjection.ServiceLookup.CallSiteFactory.GetCallSite(ServiceIdentifier serviceIdentifier, CallSiteChain callSiteChain)
   at Microsoft.Extensions.DependencyInjection.ServiceProvider.CreateServiceAccessor(ServiceIdentifier serviceIdentifier)
   at System.Collections.Concurrent.ConcurrentDictionary`2.GetOrAdd(TKey key, Func`2 valueFactory)
   at Microsoft.Extensions.DependencyInjection.ServiceProvider.GetService(ServiceIdentifier serviceIdentifier, ServiceProviderEngineScope serviceProviderEngineScope)
   at Microsoft.Extensions.DependencyInjection.ServiceProvider.GetService(Type serviceType)
   at Microsoft.Extensions.DependencyInjection.ServiceProviderServiceExtensions.GetRequiredService(IServiceProvider provider, Type serviceType)
   at Microsoft.Extensions.DependencyInjection.ServiceProviderServiceExtensions.GetRequiredService[T](IServiceProvider provider)
   at Strivea.Program.ConfigureServices() in C:\Users\terre\OneDrive\Documents\Projet-JEUX\Strivea\Strivea\Program.cs:line 111
   at Strivea.Program.Main(String[] args) in C:\Users\terre\OneDrive\Documents\Projet-JEUX\Strivea\Strivea\Program.cs:line 47
2025-06-14 01:28:02.101 +02:00 [INF] Démarrage de l'application...
2025-06-14 01:28:02.173 +02:00 [INF] Initialisation de l'application...
2025-06-14 01:28:02.257 +02:00 [INF] Initialisation du framework terminée...
2025-06-14 01:28:02.257 +02:00 [INF] Application Avalonia construite
2025-06-14 01:28:02.283 +02:00 [INF] Configuration des services...
2025-06-14 01:28:02.296 +02:00 [INF] Construction du conteneur DI...
2025-06-14 01:28:02.355 +02:00 [INF] TwitchStreamDetector initialisé
2025-06-14 01:28:02.386 +02:00 [INF] YouTubeStreamDetector initialisé
2025-06-14 01:28:02.387 +02:00 [INF] StreamDetectorFactory initialisé avec les détecteurs : Twitch, YouTube
2025-06-14 01:28:02.438 +02:00 [FTL] Erreur fatale : Unable to resolve service for type 'Strivea.Services.ExecutableLocator' while attempting to activate 'Strivea.Services.VideoConverter'.
System.InvalidOperationException: Unable to resolve service for type 'Strivea.Services.ExecutableLocator' while attempting to activate 'Strivea.Services.VideoConverter'.
   at Microsoft.Extensions.DependencyInjection.ServiceLookup.CallSiteFactory.CreateArgumentCallSites(ServiceIdentifier serviceIdentifier, Type implementationType, CallSiteChain callSiteChain, ParameterInfo[] parameters, Boolean throwIfCallSiteNotFound)
   at Microsoft.Extensions.DependencyInjection.ServiceLookup.CallSiteFactory.CreateConstructorCallSite(ResultCache lifetime, ServiceIdentifier serviceIdentifier, Type implementationType, CallSiteChain callSiteChain)
   at Microsoft.Extensions.DependencyInjection.ServiceLookup.CallSiteFactory.TryCreateExact(ServiceDescriptor descriptor, ServiceIdentifier serviceIdentifier, CallSiteChain callSiteChain, Int32 slot)
   at Microsoft.Extensions.DependencyInjection.ServiceLookup.CallSiteFactory.TryCreateExact(ServiceIdentifier serviceIdentifier, CallSiteChain callSiteChain)
   at Microsoft.Extensions.DependencyInjection.ServiceLookup.CallSiteFactory.CreateCallSite(ServiceIdentifier serviceIdentifier, CallSiteChain callSiteChain)
   at Microsoft.Extensions.DependencyInjection.ServiceLookup.CallSiteFactory.GetCallSite(ServiceIdentifier serviceIdentifier, CallSiteChain callSiteChain)
   at Microsoft.Extensions.DependencyInjection.ServiceLookup.CallSiteFactory.CreateArgumentCallSites(ServiceIdentifier serviceIdentifier, Type implementationType, CallSiteChain callSiteChain, ParameterInfo[] parameters, Boolean throwIfCallSiteNotFound)
   at Microsoft.Extensions.DependencyInjection.ServiceLookup.CallSiteFactory.CreateConstructorCallSite(ResultCache lifetime, ServiceIdentifier serviceIdentifier, Type implementationType, CallSiteChain callSiteChain)
   at Microsoft.Extensions.DependencyInjection.ServiceLookup.CallSiteFactory.TryCreateExact(ServiceDescriptor descriptor, ServiceIdentifier serviceIdentifier, CallSiteChain callSiteChain, Int32 slot)
   at Microsoft.Extensions.DependencyInjection.ServiceLookup.CallSiteFactory.TryCreateExact(ServiceIdentifier serviceIdentifier, CallSiteChain callSiteChain)
   at Microsoft.Extensions.DependencyInjection.ServiceLookup.CallSiteFactory.CreateCallSite(ServiceIdentifier serviceIdentifier, CallSiteChain callSiteChain)
   at Microsoft.Extensions.DependencyInjection.ServiceLookup.CallSiteFactory.GetCallSite(ServiceIdentifier serviceIdentifier, CallSiteChain callSiteChain)
   at Microsoft.Extensions.DependencyInjection.ServiceLookup.CallSiteFactory.CreateArgumentCallSites(ServiceIdentifier serviceIdentifier, Type implementationType, CallSiteChain callSiteChain, ParameterInfo[] parameters, Boolean throwIfCallSiteNotFound)
   at Microsoft.Extensions.DependencyInjection.ServiceLookup.CallSiteFactory.CreateConstructorCallSite(ResultCache lifetime, ServiceIdentifier serviceIdentifier, Type implementationType, CallSiteChain callSiteChain)
   at Microsoft.Extensions.DependencyInjection.ServiceLookup.CallSiteFactory.TryCreateExact(ServiceDescriptor descriptor, ServiceIdentifier serviceIdentifier, CallSiteChain callSiteChain, Int32 slot)
   at Microsoft.Extensions.DependencyInjection.ServiceLookup.CallSiteFactory.TryCreateExact(ServiceIdentifier serviceIdentifier, CallSiteChain callSiteChain)
   at Microsoft.Extensions.DependencyInjection.ServiceLookup.CallSiteFactory.CreateCallSite(ServiceIdentifier serviceIdentifier, CallSiteChain callSiteChain)
   at Microsoft.Extensions.DependencyInjection.ServiceLookup.CallSiteFactory.GetCallSite(ServiceIdentifier serviceIdentifier, CallSiteChain callSiteChain)
   at Microsoft.Extensions.DependencyInjection.ServiceProvider.CreateServiceAccessor(ServiceIdentifier serviceIdentifier)
   at System.Collections.Concurrent.ConcurrentDictionary`2.GetOrAdd(TKey key, Func`2 valueFactory)
   at Microsoft.Extensions.DependencyInjection.ServiceProvider.GetService(ServiceIdentifier serviceIdentifier, ServiceProviderEngineScope serviceProviderEngineScope)
   at Microsoft.Extensions.DependencyInjection.ServiceProvider.GetService(Type serviceType)
   at Microsoft.Extensions.DependencyInjection.ServiceProviderServiceExtensions.GetRequiredService(IServiceProvider provider, Type serviceType)
   at Microsoft.Extensions.DependencyInjection.ServiceProviderServiceExtensions.GetRequiredService[T](IServiceProvider provider)
   at Strivea.Program.ConfigureServices() in C:\Users\terre\OneDrive\Documents\Projet-JEUX\Strivea\Strivea\Program.cs:line 117
   at Strivea.Program.Main(String[] args) in C:\Users\terre\OneDrive\Documents\Projet-JEUX\Strivea\Strivea\Program.cs:line 47
2025-06-14 01:29:13.885 +02:00 [INF] Démarrage de l'application...
2025-06-14 01:29:13.933 +02:00 [INF] Initialisation de l'application...
2025-06-14 01:29:13.984 +02:00 [INF] Initialisation du framework terminée...
2025-06-14 01:29:13.984 +02:00 [INF] Application Avalonia construite
2025-06-14 01:29:13.987 +02:00 [INF] Configuration des services...
2025-06-14 01:29:13.992 +02:00 [INF] Construction du conteneur DI...
2025-06-14 01:29:14.040 +02:00 [INF] TwitchStreamDetector initialisé
2025-06-14 01:29:14.046 +02:00 [INF] YouTubeStreamDetector initialisé
2025-06-14 01:29:14.047 +02:00 [INF] StreamDetectorFactory initialisé avec les détecteurs : Twitch, YouTube
2025-06-14 01:29:14.054 +02:00 [FTL] Erreur fatale : Unable to resolve service for type 'Strivea.Services.IStreamDetector' while attempting to activate 'Strivea.ViewModels.MainViewModel'.
System.InvalidOperationException: Unable to resolve service for type 'Strivea.Services.IStreamDetector' while attempting to activate 'Strivea.ViewModels.MainViewModel'.
   at Microsoft.Extensions.DependencyInjection.ServiceLookup.CallSiteFactory.CreateArgumentCallSites(ServiceIdentifier serviceIdentifier, Type implementationType, CallSiteChain callSiteChain, ParameterInfo[] parameters, Boolean throwIfCallSiteNotFound)
   at Microsoft.Extensions.DependencyInjection.ServiceLookup.CallSiteFactory.CreateConstructorCallSite(ResultCache lifetime, ServiceIdentifier serviceIdentifier, Type implementationType, CallSiteChain callSiteChain)
   at Microsoft.Extensions.DependencyInjection.ServiceLookup.CallSiteFactory.TryCreateExact(ServiceDescriptor descriptor, ServiceIdentifier serviceIdentifier, CallSiteChain callSiteChain, Int32 slot)
   at Microsoft.Extensions.DependencyInjection.ServiceLookup.CallSiteFactory.TryCreateExact(ServiceIdentifier serviceIdentifier, CallSiteChain callSiteChain)
   at Microsoft.Extensions.DependencyInjection.ServiceLookup.CallSiteFactory.CreateCallSite(ServiceIdentifier serviceIdentifier, CallSiteChain callSiteChain)
   at Microsoft.Extensions.DependencyInjection.ServiceLookup.CallSiteFactory.GetCallSite(ServiceIdentifier serviceIdentifier, CallSiteChain callSiteChain)
   at Microsoft.Extensions.DependencyInjection.ServiceLookup.CallSiteFactory.CreateArgumentCallSites(ServiceIdentifier serviceIdentifier, Type implementationType, CallSiteChain callSiteChain, ParameterInfo[] parameters, Boolean throwIfCallSiteNotFound)
   at Microsoft.Extensions.DependencyInjection.ServiceLookup.CallSiteFactory.CreateConstructorCallSite(ResultCache lifetime, ServiceIdentifier serviceIdentifier, Type implementationType, CallSiteChain callSiteChain)
   at Microsoft.Extensions.DependencyInjection.ServiceLookup.CallSiteFactory.TryCreateExact(ServiceDescriptor descriptor, ServiceIdentifier serviceIdentifier, CallSiteChain callSiteChain, Int32 slot)
   at Microsoft.Extensions.DependencyInjection.ServiceLookup.CallSiteFactory.TryCreateExact(ServiceIdentifier serviceIdentifier, CallSiteChain callSiteChain)
   at Microsoft.Extensions.DependencyInjection.ServiceLookup.CallSiteFactory.CreateCallSite(ServiceIdentifier serviceIdentifier, CallSiteChain callSiteChain)
   at Microsoft.Extensions.DependencyInjection.ServiceLookup.CallSiteFactory.GetCallSite(ServiceIdentifier serviceIdentifier, CallSiteChain callSiteChain)
   at Microsoft.Extensions.DependencyInjection.ServiceProvider.CreateServiceAccessor(ServiceIdentifier serviceIdentifier)
   at System.Collections.Concurrent.ConcurrentDictionary`2.GetOrAdd(TKey key, Func`2 valueFactory)
   at Microsoft.Extensions.DependencyInjection.ServiceProvider.GetService(ServiceIdentifier serviceIdentifier, ServiceProviderEngineScope serviceProviderEngineScope)
   at Microsoft.Extensions.DependencyInjection.ServiceProvider.GetService(Type serviceType)
   at Microsoft.Extensions.DependencyInjection.ServiceProviderServiceExtensions.GetRequiredService(IServiceProvider provider, Type serviceType)
   at Microsoft.Extensions.DependencyInjection.ServiceProviderServiceExtensions.GetRequiredService[T](IServiceProvider provider)
   at Strivea.Program.ConfigureServices() in C:\Users\terre\OneDrive\Documents\Projet-JEUX\Strivea\Strivea\Program.cs:line 123
   at Strivea.Program.Main(String[] args) in C:\Users\terre\OneDrive\Documents\Projet-JEUX\Strivea\Strivea\Program.cs:line 47
2025-06-14 01:32:19.036 +02:00 [INF] Démarrage de l'application...
2025-06-14 01:32:19.083 +02:00 [INF] Initialisation de l'application...
2025-06-14 01:32:19.142 +02:00 [INF] Initialisation du framework terminée...
2025-06-14 01:32:19.142 +02:00 [INF] Application Avalonia construite
2025-06-14 01:32:19.145 +02:00 [INF] Configuration des services...
2025-06-14 01:32:19.151 +02:00 [INF] Construction du conteneur DI...
2025-06-14 01:32:19.199 +02:00 [INF] TwitchStreamDetector initialisé
2025-06-14 01:32:19.207 +02:00 [INF] YouTubeStreamDetector initialisé
2025-06-14 01:32:19.207 +02:00 [INF] StreamDetectorFactory initialisé avec les détecteurs : Twitch, YouTube
2025-06-14 01:32:19.212 +02:00 [INF] Recherche d'un détecteur pour l'URL : https://www.twitch.tv/
2025-06-14 01:32:19.212 +02:00 [INF] Détecteur Twitch sélectionné (URL contient 'twitch.tv')
2025-06-14 01:32:19.213 +02:00 [INF] MainViewModel initialisé
2025-06-14 01:32:19.217 +02:00 [INF] Services configurés avec succès
2025-06-14 01:32:19.531 +02:00 [INF] Démarrage de l'application...
2025-06-14 01:32:19.632 +02:00 [INF] Initialisation du framework terminée...
2025-06-14 01:32:19.921 +02:00 [INF] YouTubeStreamDetector initialisé
2025-06-14 01:32:19.922 +02:00 [INF] MainViewModel initialisé
2025-06-14 01:32:19.944 +02:00 [INF] CanStopMonitoring est évalué. IsMonitoring: False
2025-06-14 01:32:19.945 +02:00 [INF] Application démarrée avec succès
2025-06-14 01:32:27.429 +02:00 [INF] Début de la récupération des informations du stream YouTube pour : https://www.twitch.tv/kamet0
2025-06-14 01:32:27.511 +02:00 [INF] Streamlink trouvé à : C:\Program Files\Streamlink\bin\streamlink.exe
2025-06-14 01:32:27.511 +02:00 [INF] Exécution de streamlink avec les arguments : -j https://www.twitch.tv/kamet0 best
2025-06-14 01:32:27.523 +02:00 [INF] Processus streamlink démarré
2025-06-14 01:32:29.642 +02:00 [INF] Processus streamlink terminé avec le code : 0
2025-06-14 01:32:29.642 +02:00 [INF] Sortie Streamlink (JSON) : {
  "type": "hls",
  "url": "https://euw33.playlist.ttvnw.net/v1/playlist/CrQEP3Q3ALi6I__tqeHzJJkucgJ_UADajh9pzB3NXRzzJapOU4X2iNYNpvJZOYYI_aLSKUz4RXURa5N_qsk3Ni5Fp3QTsAMUPiNOOKIPHpewVmQpnSvsXdncpdoXtLJiLTT3SCgEpHHTwdhgDj5G7PfVEEVL4rsBuXhxFZVDldDhFwbbRz06ki7Bj6xEeLVF5cTLatrBVe2rCMV92fpDlKtWK0RagVHXRfzwcl6VkhBhwfdiZ7sL6uLZqV8fi1Yk7KmMeZIo7Rx1lLfApRmLRnXpIqBU6GuZss5HcjVd-fBGyyJw5cvRMDc7kjtzzN_3LwtKAtRLCuGMMF7PEetq1_wDBM_ENXu1ERhdrJ_Jex7ZJLkumq4_vPg0qTJLOz2qVbVUW3shol-0_Muq83r92cXVkuCvrKi9Sm8oH_pVro2sBW_UPubb5KtYgGUbDE1j9yeHGf7GBkmWQsnNOSZCx5yLJ2Giu9IoiMJB1c4Fnva0gBiHsVW3gZ2H4TwQjiSS2w9ygkU6yehLeDMo-2JwDLoxf4iQd9KHhIr7UJW_lfyuVKV0lY49cjW4IOzmbsc_SyW6YZp6Dwc1RfOzxN34-DalG-hlt-MjG6k9sh94e803tF377gqklR3beYEl6mdWkmCuVHSnK_xKX6Feia_wt3pTcyPWdfPwngH_5K9FauS9p1okINCe2da0OclEALoB5iF1DRIgQJdwlf0RUcAupx55xJyasAKMO1QzxICqIcydyfeloaFuGgybhsH1INgeMy5LikEgASoJZXUtd2VzdC0yMMIM.m3u8",
  "headers": {
    "User-Agent": "Mozilla/5.0 (Windows NT 10.0; Win64; x64; rv:136.0) Gecko/20100101 Firefox/136.0",
    "Accept-Encoding": "gzip, deflate, br, zstd",
    "Accept": "*/*",
    "Connection": "keep-alive",
    "referer": "https://player.twitch.tv",
    "origin": "https://player.twitch.tv",
    "Cookie": "AWSALBTG=QWn8KVhO5whUli2qpbjFhCDrSLT6/JJFTmN2o/ixeZl9/wowk4hakKKnm6PNGxg4+TvMM7QcNef0D8kwlxe8adJPhXOx91BCXU8lWjT/L9n008MNzP8WDbcZ3DZXKdCq/U5+RslKcJRR2XB3BbaZZJVrgmtKcKftYmMgMadXEq+j; AWSALBTGCORS=QWn8KVhO5whUli2qpbjFhCDrSLT6/JJFTmN2o/ixeZl9/wowk4hakKKnm6PNGxg4+TvMM7QcNef0D8kwlxe8adJPhXOx91BCXU8lWjT/L9n008MNzP8WDbcZ3DZXKdCq/U5+RslKcJRR2XB3BbaZZJVrgmtKcKftYmMgMadXEq+j; AWSALB=BncSUmq14mw0it7/E+ymFndpGcfd2kaiw9UPrOgrlVs6sDoGVLOgcPJnDGpJfn1PwS69jIAa2CAqVssUn9QFH090SjzxRWD1xQ3Mc0ltuU0CJL8jvneAtNa3SnXw; AWSALBCORS=BncSUmq14mw0it7/E+ymFndpGcfd2kaiw9UPrOgrlVs6sDoGVLOgcPJnDGpJfn1PwS69jIAa2CAqVssUn9QFH090SjzxRWD1xQ3Mc0ltuU0CJL8jvneAtNa3SnXw"
  },
  "master": "https://usher.ttvnw.net/api/channel/hls/kamet0.m3u8?player=twitchweb&p=277523&type=any&allow_source=true&allow_audio_only=true&allow_spectre=false&sig=71e2efd01cb9169546beed6c0d580cb8c542288d&token=%7B%22adblock%22%3Afalse%2C%22authorization%22%3A%7B%22forbidden%22%3Afalse%2C%22reason%22%3A%22%22%7D%2C%22blackout_enabled%22%3Afalse%2C%22channel%22%3A%22kamet0%22%2C%22channel_id%22%3A27115917%2C%22chansub%22%3A%7B%22restricted_bitrates%22%3A%5B%5D%2C%22view_until%22%3A1924905600%7D%2C%22ci_gb%22%3Afalse%2C%22geoblock_reason%22%3A%22%22%2C%22device_id%22%3Anull%2C%22expires%22%3A1749858739%2C%22extended_history_allowed%22%3Afalse%2C%22game%22%3A%22%22%2C%22hide_ads%22%3Afalse%2C%22https_required%22%3Atrue%2C%22mature%22%3Afalse%2C%22partner%22%3Afalse%2C%22platform%22%3A%22web%22%2C%22player_type%22%3A%22embed%22%2C%22private%22%3A%7B%22allowed_to_view%22%3Atrue%7D%2C%22privileged%22%3Afalse%2C%22role%22%3A%22%22%2C%22server_ads%22%3Atrue%2C%22show_ads%22%3Atrue%2C%22subscriber%22%3Afalse%2C%22turbo%22%3Afalse%2C%22user_id%22%3Anull%2C%22user_ip%22%3A%2288.160.164.12%22%2C%22version%22%3A3%2C%22maximum_resolution%22%3A%22FULL_HD%22%2C%22maximum_video_bitrate_kbps%22%3A12500%2C%22maximum_resolution_reasons%22%3A%7B%22QUAD_HD%22%3A%5B%22AUTHZ_NOT_LOGGED_IN%22%5D%2C%22ULTRA_HD%22%3A%5B%22AUTHZ_NOT_LOGGED_IN%22%5D%7D%2C%22maximum_video_bitrate_kbps_reasons%22%3A%5B%22AUTHZ_DISALLOWED_BITRATE%22%5D%7D&fast_bread=True",
  "metadata": {
    "id": "326274444285",
    "author": "Kamet0",
    "category": "Just Chatting",
    "title": "KAMEL REACTS | \u00c0 L'\u00c9PREUVE DU DIABLE [S2-EP11] - ON TERMINE CETTE EMISSION COR\u00c9ENNE L\u00c9GENDAIRE !\ud83d\udcf9 (!prime) (!match)"
  }
}

2025-06-14 01:32:29.647 +02:00 [INF] Analyse de la réponse JSON de Streamlink...
2025-06-14 01:32:29.650 +02:00 [INF] Type de stream détecté : hls
2025-06-14 01:32:29.651 +02:00 [INF] URL du stream : https://euw33.playlist.ttvnw.net/v1/playlist/CrQEP3Q3ALi6I__tqeHzJJkucgJ_UADajh9pzB3NXRzzJapOU4X2iNYNpvJZOYYI_aLSKUz4RXURa5N_qsk3Ni5Fp3QTsAMUPiNOOKIPHpewVmQpnSvsXdncpdoXtLJiLTT3SCgEpHHTwdhgDj5G7PfVEEVL4rsBuXhxFZVDldDhFwbbRz06ki7Bj6xEeLVF5cTLatrBVe2rCMV92fpDlKtWK0RagVHXRfzwcl6VkhBhwfdiZ7sL6uLZqV8fi1Yk7KmMeZIo7Rx1lLfApRmLRnXpIqBU6GuZss5HcjVd-fBGyyJw5cvRMDc7kjtzzN_3LwtKAtRLCuGMMF7PEetq1_wDBM_ENXu1ERhdrJ_Jex7ZJLkumq4_vPg0qTJLOz2qVbVUW3shol-0_Muq83r92cXVkuCvrKi9Sm8oH_pVro2sBW_UPubb5KtYgGUbDE1j9yeHGf7GBkmWQsnNOSZCx5yLJ2Giu9IoiMJB1c4Fnva0gBiHsVW3gZ2H4TwQjiSS2w9ygkU6yehLeDMo-2JwDLoxf4iQd9KHhIr7UJW_lfyuVKV0lY49cjW4IOzmbsc_SyW6YZp6Dwc1RfOzxN34-DalG-hlt-MjG6k9sh94e803tF377gqklR3beYEl6mdWkmCuVHSnK_xKX6Feia_wt3pTcyPWdfPwngH_5K9FauS9p1okINCe2da0OclEALoB5iF1DRIgQJdwlf0RUcAupx55xJyasAKMO1QzxICqIcydyfeloaFuGgybhsH1INgeMy5LikEgASoJZXUtd2VzdC0yMMIM.m3u8
2025-06-14 01:32:29.651 +02:00 [INF] Stream non détecté comme étant en direct (aucun indicateur de live trouvé)
2025-06-14 01:32:29.651 +02:00 [INF] Métadonnées trouvées dans la réponse
2025-06-14 01:32:29.652 +02:00 [INF] Titre du stream détecté : KAMEL REACTS | À L'ÉPREUVE DU DIABLE [S2-EP11] - ON TERMINE CETTE EMISSION CORÉENNE LÉGENDAIRE !📹 (!prime) (!match)
2025-06-14 01:32:29.652 +02:00 [INF] Nom de la chaîne détecté : Kamet0
2025-06-14 01:32:29.652 +02:00 [INF] État final de la détection - IsLive: False, Title: KAMEL REACTS | À L'ÉPREUVE DU DIABLE [S2-EP11] - ON TERMINE CETTE EMISSION CORÉENNE LÉGENDAIRE !📹 (!prime) (!match), Channel: Kamet0
2025-06-14 01:35:36.918 +02:00 [INF] Démarrage de l'application...
2025-06-14 01:35:36.965 +02:00 [INF] Initialisation de l'application...
2025-06-14 01:35:37.021 +02:00 [INF] Initialisation du framework terminée...
2025-06-14 01:35:37.021 +02:00 [INF] Application Avalonia construite
2025-06-14 01:35:37.025 +02:00 [INF] Configuration des services...
2025-06-14 01:35:37.030 +02:00 [INF] Construction du conteneur DI...
2025-06-14 01:35:37.080 +02:00 [INF] TwitchStreamDetector initialisé
2025-06-14 01:35:37.088 +02:00 [INF] YouTubeStreamDetector initialisé
2025-06-14 01:35:37.089 +02:00 [INF] StreamDetectorFactory initialisé avec les détecteurs : Twitch, YouTube
2025-06-14 01:35:37.093 +02:00 [INF] Recherche d'un détecteur pour l'URL : https://www.twitch.tv/
2025-06-14 01:35:37.094 +02:00 [INF] Détecteur Twitch sélectionné
2025-06-14 01:35:37.095 +02:00 [INF] MainViewModel initialisé
2025-06-14 01:35:37.098 +02:00 [INF] Services configurés avec succès
2025-06-14 01:35:37.446 +02:00 [INF] Démarrage de l'application...
2025-06-14 01:35:37.570 +02:00 [INF] Initialisation du framework terminée...
2025-06-14 01:35:37.868 +02:00 [INF] YouTubeStreamDetector initialisé
2025-06-14 01:35:37.869 +02:00 [INF] MainViewModel initialisé
2025-06-14 01:35:37.888 +02:00 [INF] CanStopMonitoring est évalué. IsMonitoring: False
2025-06-14 01:35:37.889 +02:00 [INF] Application démarrée avec succès
2025-06-14 01:35:40.408 +02:00 [INF] Début de la récupération des informations du stream YouTube pour : https://www.twitch.tv/kamet0
2025-06-14 01:35:40.493 +02:00 [INF] Streamlink trouvé à : C:\Program Files\Streamlink\bin\streamlink.exe
2025-06-14 01:35:40.493 +02:00 [INF] Exécution de streamlink avec les arguments : -j https://www.twitch.tv/kamet0 best
2025-06-14 01:35:40.506 +02:00 [INF] Processus streamlink démarré
2025-06-14 01:35:42.806 +02:00 [INF] Processus streamlink terminé avec le code : 0
2025-06-14 01:35:42.806 +02:00 [INF] Sortie Streamlink (JSON) : {
  "type": "hls",
  "url": "https://euw32.playlist.ttvnw.net/v1/playlist/CtQE71mNrdO65NWpBWkxWn1BkHVvOLd7py9tksgVcYjkwma8-6DtjFM5upKdz1utYOqtxRlDpsS8ZHYkcO4RgfZQyMbux8c3YAiTsToOgkkEHTv2XAzfHMSNmHWt0aIe_UWRxAQAP13HV6r1gwPBIvnFDMhj5S781NuTfI0DK6hNCTbnhiGdRFkCw1M0Txy9-hA1nfYKzFJxqhiG7rb4r2t51bYx2iyTU_Mu0GLjTseshs_vt7uZbXOPqJVV3l_y9ak_LGT5FYscLOG5wPko8EZjOn1PXLgevTcq2mqGh1rQziVAqqcPvQUdeMHJSUtwDl2dgCc1F1vMV3G6tbCACqLXf-Y18aseb-ovk-GXQ5Q_VocduzpVhM8l1WypOE1a29o2if9ecaL1JySuFw-s1lMvWytVukXtticsKcJ6OhvQJECsXJD2LyM3I1Rzd5DZAp7U1WanV_UMjMk2pyql7F1_AnrPDAL8f92LJiGn-BUjZ_RQvHKwHLuKS5ebt6sFFH-QQEw2pL0Xf5pcdcqK8VVR_QJ-uKZ7gdMV372DcB036t5_d2gk4obVr8mOapHHVHXfd69ZYqRvF0XWY8hjldwcrzceGso3l6QMH00Qo5EBviVqFYC4VncM9Ed2SjKINFX4T246GgcBi_AMuERvlVXUZZry_elbPMBt7ryjgSnVN8SVJrTWKMw4jnY_f8sEB7pVmZ3M56rskglAe7T8t1kzOrpuSf_IlcGu22tnuJuhiHbcOanUk784j5nFmr3F1EmfKmSIMmIJriEbKBmyHiPQh9iBmgMaDBr4bZqEpTYjNrWE5SABKglldS13ZXN0LTIwwgw.m3u8",
  "headers": {
    "User-Agent": "Mozilla/5.0 (Windows NT 10.0; Win64; x64; rv:136.0) Gecko/20100101 Firefox/136.0",
    "Accept-Encoding": "gzip, deflate, br, zstd",
    "Accept": "*/*",
    "Connection": "keep-alive",
    "referer": "https://player.twitch.tv",
    "origin": "https://player.twitch.tv",
    "Cookie": "AWSALBTG=UVhcsB3LsGlAABIhOsK+Lq+QlOjF/4Qg9EzgrL5g4Ydk8YP4F5XEFXrtMo7hbIOYulDeRCNFKUibDJnyBeNEBRbbvJHbeDC4b9syYV1JXnjATKJAbfGDFKa4aMcDtoDhdkyuLbDTg1SITxeMU0IS8d7u+TniOqyyWxYrYCAx7rOB; AWSALBTGCORS=UVhcsB3LsGlAABIhOsK+Lq+QlOjF/4Qg9EzgrL5g4Ydk8YP4F5XEFXrtMo7hbIOYulDeRCNFKUibDJnyBeNEBRbbvJHbeDC4b9syYV1JXnjATKJAbfGDFKa4aMcDtoDhdkyuLbDTg1SITxeMU0IS8d7u+TniOqyyWxYrYCAx7rOB; AWSALB=SA/gPnCpST7v3Zc2YtdVKNwoMfuqQDrD9Fs6L4c6jnzAySw6cesiUiTiDi7uHH8YGui4K2Z9U90RQQYqrhdnk4nTpXZpwTUphcGzxr1q0he1/Gf4LRpfpRs/3gBj; AWSALBCORS=SA/gPnCpST7v3Zc2YtdVKNwoMfuqQDrD9Fs6L4c6jnzAySw6cesiUiTiDi7uHH8YGui4K2Z9U90RQQYqrhdnk4nTpXZpwTUphcGzxr1q0he1/Gf4LRpfpRs/3gBj"
  },
  "master": "https://usher.ttvnw.net/api/channel/hls/kamet0.m3u8?player=twitchweb&p=591693&type=any&allow_source=true&allow_audio_only=true&allow_spectre=false&sig=7fb255393ed6e8cf1798d44c5f09a990027b1a78&token=%7B%22adblock%22%3Afalse%2C%22authorization%22%3A%7B%22forbidden%22%3Afalse%2C%22reason%22%3A%22%22%7D%2C%22blackout_enabled%22%3Afalse%2C%22channel%22%3A%22kamet0%22%2C%22channel_id%22%3A27115917%2C%22chansub%22%3A%7B%22restricted_bitrates%22%3A%5B%5D%2C%22view_until%22%3A1924905600%7D%2C%22ci_gb%22%3Afalse%2C%22geoblock_reason%22%3A%22%22%2C%22device_id%22%3Anull%2C%22expires%22%3A1749858932%2C%22extended_history_allowed%22%3Afalse%2C%22game%22%3A%22%22%2C%22hide_ads%22%3Afalse%2C%22https_required%22%3Atrue%2C%22mature%22%3Afalse%2C%22partner%22%3Afalse%2C%22platform%22%3A%22web%22%2C%22player_type%22%3A%22embed%22%2C%22private%22%3A%7B%22allowed_to_view%22%3Atrue%7D%2C%22privileged%22%3Afalse%2C%22role%22%3A%22%22%2C%22server_ads%22%3Atrue%2C%22show_ads%22%3Atrue%2C%22subscriber%22%3Afalse%2C%22turbo%22%3Afalse%2C%22user_id%22%3Anull%2C%22user_ip%22%3A%2288.160.164.12%22%2C%22version%22%3A3%2C%22maximum_resolution%22%3A%22FULL_HD%22%2C%22maximum_video_bitrate_kbps%22%3A12500%2C%22maximum_resolution_reasons%22%3A%7B%22QUAD_HD%22%3A%5B%22AUTHZ_NOT_LOGGED_IN%22%5D%2C%22ULTRA_HD%22%3A%5B%22AUTHZ_NOT_LOGGED_IN%22%5D%7D%2C%22maximum_video_bitrate_kbps_reasons%22%3A%5B%22AUTHZ_DISALLOWED_BITRATE%22%5D%7D&fast_bread=True",
  "metadata": {
    "id": "326274444285",
    "author": "Kamet0",
    "category": "Just Chatting",
    "title": "KAMEL REACTS | \u00c0 L'\u00c9PREUVE DU DIABLE [S2-EP11] - ON TERMINE CETTE EMISSION COR\u00c9ENNE L\u00c9GENDAIRE !\ud83d\udcf9 (!prime) (!match)"
  }
}

2025-06-14 01:35:42.812 +02:00 [INF] Analyse de la réponse JSON de Streamlink...
2025-06-14 01:35:42.816 +02:00 [INF] Type de stream détecté : hls
2025-06-14 01:35:42.823 +02:00 [INF] URL du stream : https://euw32.playlist.ttvnw.net/v1/playlist/CtQE71mNrdO65NWpBWkxWn1BkHVvOLd7py9tksgVcYjkwma8-6DtjFM5upKdz1utYOqtxRlDpsS8ZHYkcO4RgfZQyMbux8c3YAiTsToOgkkEHTv2XAzfHMSNmHWt0aIe_UWRxAQAP13HV6r1gwPBIvnFDMhj5S781NuTfI0DK6hNCTbnhiGdRFkCw1M0Txy9-hA1nfYKzFJxqhiG7rb4r2t51bYx2iyTU_Mu0GLjTseshs_vt7uZbXOPqJVV3l_y9ak_LGT5FYscLOG5wPko8EZjOn1PXLgevTcq2mqGh1rQziVAqqcPvQUdeMHJSUtwDl2dgCc1F1vMV3G6tbCACqLXf-Y18aseb-ovk-GXQ5Q_VocduzpVhM8l1WypOE1a29o2if9ecaL1JySuFw-s1lMvWytVukXtticsKcJ6OhvQJECsXJD2LyM3I1Rzd5DZAp7U1WanV_UMjMk2pyql7F1_AnrPDAL8f92LJiGn-BUjZ_RQvHKwHLuKS5ebt6sFFH-QQEw2pL0Xf5pcdcqK8VVR_QJ-uKZ7gdMV372DcB036t5_d2gk4obVr8mOapHHVHXfd69ZYqRvF0XWY8hjldwcrzceGso3l6QMH00Qo5EBviVqFYC4VncM9Ed2SjKINFX4T246GgcBi_AMuERvlVXUZZry_elbPMBt7ryjgSnVN8SVJrTWKMw4jnY_f8sEB7pVmZ3M56rskglAe7T8t1kzOrpuSf_IlcGu22tnuJuhiHbcOanUk784j5nFmr3F1EmfKmSIMmIJriEbKBmyHiPQh9iBmgMaDBr4bZqEpTYjNrWE5SABKglldS13ZXN0LTIwwgw.m3u8
2025-06-14 01:35:42.824 +02:00 [INF] Stream non détecté comme étant en direct (aucun indicateur de live trouvé)
2025-06-14 01:35:42.824 +02:00 [INF] Métadonnées trouvées dans la réponse
2025-06-14 01:35:42.825 +02:00 [INF] Titre du stream détecté : KAMEL REACTS | À L'ÉPREUVE DU DIABLE [S2-EP11] - ON TERMINE CETTE EMISSION CORÉENNE LÉGENDAIRE !📹 (!prime) (!match)
2025-06-14 01:35:42.825 +02:00 [INF] Nom de la chaîne détecté : Kamet0
2025-06-14 01:35:42.825 +02:00 [INF] État final de la détection - IsLive: False, Title: KAMEL REACTS | À L'ÉPREUVE DU DIABLE [S2-EP11] - ON TERMINE CETTE EMISSION CORÉENNE LÉGENDAIRE !📹 (!prime) (!match), Channel: Kamet0
2025-06-14 01:37:49.847 +02:00 [INF] Démarrage de l'application...
2025-06-14 01:37:49.896 +02:00 [INF] Initialisation de l'application...
2025-06-14 01:37:49.946 +02:00 [INF] Initialisation du framework terminée...
2025-06-14 01:37:49.946 +02:00 [INF] Application Avalonia construite
2025-06-14 01:37:49.949 +02:00 [INF] Configuration des services...
2025-06-14 01:37:49.954 +02:00 [INF] Construction du conteneur DI...
2025-06-14 01:37:50.000 +02:00 [INF] TwitchStreamDetector initialisé
2025-06-14 01:37:50.007 +02:00 [INF] YouTubeStreamDetector initialisé
2025-06-14 01:37:50.008 +02:00 [INF] StreamDetectorFactory initialisé avec les détecteurs : Twitch, YouTube
2025-06-14 01:37:50.012 +02:00 [INF] Recherche d'un détecteur pour l'URL : https://www.twitch.tv/
2025-06-14 01:37:50.012 +02:00 [INF] Vérification de l'URL Twitch : https://www.twitch.tv/ - Résultat : True
2025-06-14 01:37:50.012 +02:00 [INF] Détecteur Twitch sélectionné
2025-06-14 01:37:50.014 +02:00 [INF] MainViewModel initialisé
2025-06-14 01:37:50.017 +02:00 [INF] Services configurés avec succès
2025-06-14 01:37:50.327 +02:00 [INF] Démarrage de l'application...
2025-06-14 01:37:50.432 +02:00 [INF] Initialisation du framework terminée...
2025-06-14 01:37:50.755 +02:00 [INF] YouTubeStreamDetector initialisé
2025-06-14 01:37:50.756 +02:00 [INF] MainViewModel initialisé
2025-06-14 01:37:50.787 +02:00 [INF] CanStopMonitoring est évalué. IsMonitoring: False
2025-06-14 01:37:50.788 +02:00 [INF] Application démarrée avec succès
2025-06-14 01:37:54.286 +02:00 [INF] Début de la récupération des informations du stream YouTube pour : https://www.twitch.tv/kamet0
2025-06-14 01:37:54.387 +02:00 [INF] Streamlink trouvé à : C:\Program Files\Streamlink\bin\streamlink.exe
2025-06-14 01:37:54.387 +02:00 [INF] Exécution de streamlink avec les arguments : -j https://www.twitch.tv/kamet0 best
2025-06-14 01:37:54.401 +02:00 [INF] Processus streamlink démarré
2025-06-14 01:37:56.702 +02:00 [INF] Processus streamlink terminé avec le code : 0
2025-06-14 01:37:56.702 +02:00 [INF] Sortie Streamlink (JSON) : {
  "type": "hls",
  "url": "https://euw33.playlist.ttvnw.net/v1/playlist/CswE0TbMxGqTWMk0k0aaTyespBunuZuG4hs5J8wUDulyAj5Zrms3PlIP6Jp3iOyN9ZTJYtVjn4al2wR_LvDmt65rUp7SIYekAn3-4Lw2RjmLxCPrv2oHnjzXPn4sm-djJ4PzQWLeyhE6juwXRHUfOXTUhjv0vrrOHVrwUDrQdi8E9J--bkkrNvWCfGqpGl4qMyaP9-xRhSI4A9C0bt6dKcGu00FpTnUvYX-ac1ymi3mmULCIqmFWI_tuxw9cJKvwBiM0uKyKSG-3vqHfR1Ub5bBI2b9dsbbhrG170Be38R8TyRDJnDJzGH1uK58Yev_mHmupFY_1Wbv3bCapuoTRvUyktufM-7xZUu6cjQJBtnwjaYAaF8FHSh_N51VfjuZjC22aA3nbIq9Jvm3eeNA0FHTHQM-eBfuD9qc7cqg_o5s7ARNT1veQ30p2a2u_IemBi6WbBgpEEfBymRDjDuYYt7v5uWoVngxYms0gWIwaALpTKKf3_krngioMGj3peoQE96zK1pf8RGaIFg7emdbLK3Cd7axS5ZDuf3tjJtzij1aXUcr5SjaL5Ym2VPU10ThdsyBJx0MeBpKzyKmMdWUoU_mC4Uzy1YnkXuEeBJQWX8g1u08awktKH5WrV82y-s9-WzNZRr-pCFQOPGxU1Jm2ZyCkOn_lEGquZFLciuYiv_8dfVwhmmZP-E72VmYM6a_20LoWjDymI5_gZImpLccWITj-x0BsuxJbdovYyQ1P89iSWKlwhSU0pT-vXQcu2xS6rqqEGwDnhH2vH4f5QtReGgzJMSBNcLH9u8g-pOogASoJZXUtd2VzdC0yMMIM.m3u8",
  "headers": {
    "User-Agent": "Mozilla/5.0 (Windows NT 10.0; Win64; x64; rv:136.0) Gecko/20100101 Firefox/136.0",
    "Accept-Encoding": "gzip, deflate, br, zstd",
    "Accept": "*/*",
    "Connection": "keep-alive",
    "referer": "https://player.twitch.tv",
    "origin": "https://player.twitch.tv",
    "Cookie": "AWSALBTG=qXE9HZHnSnmSaEKezo2vQqv6/mZawNVWx5wnFUZfFI10wdN4bipCqreDGsF73Uwp0SF+jWjTYT8d9HZ8/cjar2kb/6o9hyfvgFC+Z3Usxag9+jRXMiQ21uBb1f/tzMM2JtRUKDDi+r00dWGFMBjhwjg9R0Y3hdjxheTdyPwL8dTb; AWSALBTGCORS=qXE9HZHnSnmSaEKezo2vQqv6/mZawNVWx5wnFUZfFI10wdN4bipCqreDGsF73Uwp0SF+jWjTYT8d9HZ8/cjar2kb/6o9hyfvgFC+Z3Usxag9+jRXMiQ21uBb1f/tzMM2JtRUKDDi+r00dWGFMBjhwjg9R0Y3hdjxheTdyPwL8dTb; AWSALB=UEjGO9DRuW5gf8JtEUM0j/U/P5fNr1viPIu17QOr7nKwqa0KNGpbVKAcdW5nbDD9gHYqg0UiAsMvutsozTokrQiJ8OngP4aMkoYAI6s/67e362OmrLIiN8TuZz/S; AWSALBCORS=UEjGO9DRuW5gf8JtEUM0j/U/P5fNr1viPIu17QOr7nKwqa0KNGpbVKAcdW5nbDD9gHYqg0UiAsMvutsozTokrQiJ8OngP4aMkoYAI6s/67e362OmrLIiN8TuZz/S"
  },
  "master": "https://usher.ttvnw.net/api/channel/hls/kamet0.m3u8?player=twitchweb&p=603974&type=any&allow_source=true&allow_audio_only=true&allow_spectre=false&sig=40a589bc184246677f97c433c2b9eb63a6ecf4d3&token=%7B%22adblock%22%3Afalse%2C%22authorization%22%3A%7B%22forbidden%22%3Afalse%2C%22reason%22%3A%22%22%7D%2C%22blackout_enabled%22%3Afalse%2C%22channel%22%3A%22kamet0%22%2C%22channel_id%22%3A27115917%2C%22chansub%22%3A%7B%22restricted_bitrates%22%3A%5B%5D%2C%22view_until%22%3A1924905600%7D%2C%22ci_gb%22%3Afalse%2C%22geoblock_reason%22%3A%22%22%2C%22device_id%22%3Anull%2C%22expires%22%3A1749859066%2C%22extended_history_allowed%22%3Afalse%2C%22game%22%3A%22%22%2C%22hide_ads%22%3Afalse%2C%22https_required%22%3Atrue%2C%22mature%22%3Afalse%2C%22partner%22%3Afalse%2C%22platform%22%3A%22web%22%2C%22player_type%22%3A%22embed%22%2C%22private%22%3A%7B%22allowed_to_view%22%3Atrue%7D%2C%22privileged%22%3Afalse%2C%22role%22%3A%22%22%2C%22server_ads%22%3Atrue%2C%22show_ads%22%3Atrue%2C%22subscriber%22%3Afalse%2C%22turbo%22%3Afalse%2C%22user_id%22%3Anull%2C%22user_ip%22%3A%2288.160.164.12%22%2C%22version%22%3A3%2C%22maximum_resolution%22%3A%22FULL_HD%22%2C%22maximum_video_bitrate_kbps%22%3A12500%2C%22maximum_resolution_reasons%22%3A%7B%22QUAD_HD%22%3A%5B%22AUTHZ_NOT_LOGGED_IN%22%5D%2C%22ULTRA_HD%22%3A%5B%22AUTHZ_NOT_LOGGED_IN%22%5D%7D%2C%22maximum_video_bitrate_kbps_reasons%22%3A%5B%22AUTHZ_DISALLOWED_BITRATE%22%5D%7D&fast_bread=True",
  "metadata": {
    "id": "326274444285",
    "author": "Kamet0",
    "category": "Just Chatting",
    "title": "KAMEL REACTS | \u00c0 L'\u00c9PREUVE DU DIABLE [S2-EP11] - ON TERMINE CETTE EMISSION COR\u00c9ENNE L\u00c9GENDAIRE !\ud83d\udcf9 (!prime) (!match)"
  }
}

2025-06-14 01:37:56.706 +02:00 [INF] Analyse de la réponse JSON de Streamlink...
2025-06-14 01:37:56.710 +02:00 [INF] Type de stream détecté : hls
2025-06-14 01:37:56.710 +02:00 [INF] URL du stream : https://euw33.playlist.ttvnw.net/v1/playlist/CswE0TbMxGqTWMk0k0aaTyespBunuZuG4hs5J8wUDulyAj5Zrms3PlIP6Jp3iOyN9ZTJYtVjn4al2wR_LvDmt65rUp7SIYekAn3-4Lw2RjmLxCPrv2oHnjzXPn4sm-djJ4PzQWLeyhE6juwXRHUfOXTUhjv0vrrOHVrwUDrQdi8E9J--bkkrNvWCfGqpGl4qMyaP9-xRhSI4A9C0bt6dKcGu00FpTnUvYX-ac1ymi3mmULCIqmFWI_tuxw9cJKvwBiM0uKyKSG-3vqHfR1Ub5bBI2b9dsbbhrG170Be38R8TyRDJnDJzGH1uK58Yev_mHmupFY_1Wbv3bCapuoTRvUyktufM-7xZUu6cjQJBtnwjaYAaF8FHSh_N51VfjuZjC22aA3nbIq9Jvm3eeNA0FHTHQM-eBfuD9qc7cqg_o5s7ARNT1veQ30p2a2u_IemBi6WbBgpEEfBymRDjDuYYt7v5uWoVngxYms0gWIwaALpTKKf3_krngioMGj3peoQE96zK1pf8RGaIFg7emdbLK3Cd7axS5ZDuf3tjJtzij1aXUcr5SjaL5Ym2VPU10ThdsyBJx0MeBpKzyKmMdWUoU_mC4Uzy1YnkXuEeBJQWX8g1u08awktKH5WrV82y-s9-WzNZRr-pCFQOPGxU1Jm2ZyCkOn_lEGquZFLciuYiv_8dfVwhmmZP-E72VmYM6a_20LoWjDymI5_gZImpLccWITj-x0BsuxJbdovYyQ1P89iSWKlwhSU0pT-vXQcu2xS6rqqEGwDnhH2vH4f5QtReGgzJMSBNcLH9u8g-pOogASoJZXUtd2VzdC0yMMIM.m3u8
2025-06-14 01:37:56.710 +02:00 [INF] Stream non détecté comme étant en direct (aucun indicateur de live trouvé)
2025-06-14 01:37:56.710 +02:00 [INF] Métadonnées trouvées dans la réponse
2025-06-14 01:37:56.711 +02:00 [INF] Titre du stream détecté : KAMEL REACTS | À L'ÉPREUVE DU DIABLE [S2-EP11] - ON TERMINE CETTE EMISSION CORÉENNE LÉGENDAIRE !📹 (!prime) (!match)
2025-06-14 01:37:56.711 +02:00 [INF] Nom de la chaîne détecté : Kamet0
2025-06-14 01:37:56.711 +02:00 [INF] État final de la détection - IsLive: False, Title: KAMEL REACTS | À L'ÉPREUVE DU DIABLE [S2-EP11] - ON TERMINE CETTE EMISSION CORÉENNE LÉGENDAIRE !📹 (!prime) (!match), Channel: Kamet0
2025-06-14 01:58:10.666 +02:00 [INF] Démarrage de l'application...
2025-06-14 01:58:10.714 +02:00 [INF] Initialisation de l'application...
2025-06-14 01:58:10.775 +02:00 [INF] Initialisation du framework terminée...
2025-06-14 01:58:10.776 +02:00 [INF] Application Avalonia construite
2025-06-14 01:58:10.779 +02:00 [INF] Configuration des services...
2025-06-14 01:58:10.784 +02:00 [INF] Construction du conteneur DI...
2025-06-14 01:58:10.840 +02:00 [INF] YouTubeStreamDetector initialisé
2025-06-14 02:01:06.648 +02:00 [INF] Démarrage de l'application...
2025-06-14 02:01:06.723 +02:00 [INF] Initialisation de l'application...
2025-06-14 02:01:06.817 +02:00 [INF] Initialisation du framework terminée...
2025-06-14 02:01:06.818 +02:00 [INF] Application Avalonia construite
2025-06-14 02:01:06.845 +02:00 [INF] Configuration des services...
2025-06-14 02:01:06.860 +02:00 [INF] Construction du conteneur DI...
2025-06-14 02:01:06.959 +02:00 [INF] YouTubeStreamDetector initialisé
2025-06-14 02:38:41.181 +02:00 [INF] Démarrage de l'application...
2025-06-14 02:38:41.232 +02:00 [INF] Initialisation de l'application...
2025-06-14 02:38:41.284 +02:00 [INF] Initialisation du framework terminée...
2025-06-14 02:38:41.285 +02:00 [INF] Application Avalonia construite
2025-06-14 02:38:41.288 +02:00 [INF] Configuration des services...
2025-06-14 02:38:41.295 +02:00 [INF] Construction du conteneur DI...
2025-06-14 02:38:41.385 +02:00 [INF] YouTubeStreamDetector initialisé
2025-06-14 02:51:54.517 +02:00 [INF] Démarrage de l'application...
2025-06-14 02:51:54.622 +02:00 [INF] Initialisation de l'application...
2025-06-14 02:51:54.702 +02:00 [INF] Initialisation du framework terminée...
2025-06-14 02:51:54.702 +02:00 [INF] Application Avalonia construite
2025-06-14 02:51:54.706 +02:00 [INF] Configuration des services...
2025-06-14 02:51:54.721 +02:00 [INF] Construction du conteneur DI...
2025-06-14 02:51:55.160 +02:00 [INF] Démarrage de l'application...
2025-06-14 02:51:55.281 +02:00 [INF] Initialisation du framework terminée...
2025-06-14 02:51:55.682 +02:00 [INF] YouTubeStreamDetector initialisé
2025-06-14 02:51:55.685 +02:00 [INF] MainViewModel initialisé
2025-06-14 02:51:55.711 +02:00 [INF] CanStopMonitoring est évalué. IsMonitoring: False
2025-06-14 02:51:55.712 +02:00 [INF] Application démarrée avec succès
2025-06-14 02:52:07.628 +02:00 [INF] Début de la récupération des informations du stream YouTube pour : https://www.youtube.com/@holoen_gigimurin
2025-06-14 02:52:07.757 +02:00 [INF] Streamlink trouvé à : C:\Program Files\Streamlink\bin\streamlink.exe
2025-06-14 02:52:07.757 +02:00 [INF] Exécution de streamlink avec les arguments : -j https://www.youtube.com/@holoen_gigimurin best
2025-06-14 02:52:07.789 +02:00 [INF] Processus streamlink démarré
2025-06-14 02:52:10.645 +02:00 [INF] Processus streamlink terminé avec le code : 0
2025-06-14 02:52:10.645 +02:00 [INF] Sortie Streamlink (JSON) : {
  "type": "hls",
  "url": "https://manifest.googlevideo.com/api/manifest/hls_playlist/expire/1749883921/ei/scdMaO2hF5HjxN8P19zj-Q0/ip/88.160.164.12/id/LEcIXMTUf6k.1/itag/301/source/yt_live_broadcast/requiressl/yes/ratebypass/yes/live/1/sgoap/gir%3Dyes%3Bitag%3D140/sgovp/gir%3Dyes%3Bitag%3D299/rqh/1/hls_chunk_host/rr3---sn-25glenez.googlevideo.com/xpc/EgVo2aDSNQ%3D%3D/bui/AY1jyLM39FY88R54GR9-BDK4ENopTGWksr0SXj3pNcNHAEGBGwrw-PjvrVsTGrIbLnCwwwLFzDoiG_O9/spc/l3OVKUdL_3YlrvfTNuV_u6lJTei-jhWREAmptknjlNcf0PK8yR3DG-l7C8xC7h5gU6w/vprv/1/playlist_type/LIVE/initcwndbps/2318750/met/1749862321,/mh/Zm/mm/44/mn/sn-25glenez/ms/lva/mv/m/mvi/3/pl/12/rms/lva,lva/dover/11/pacing/0/keepalive/yes/fexp/51355912/mt/1749861871/sparams/expire,ei,ip,id,itag,source,requiressl,ratebypass,live,sgoap,sgovp,rqh,xpc,bui,spc,vprv,playlist_type/sig/AJfQdSswRAIgfLKrNddMmJWjV3yHxWOTnbtTHhh97nEASsXYnSMCfXcCIFBZdGCb0E0Uk-VYYYAGScMSg_frV90DXwBchUEasG0g/lsparams/hls_chunk_host,initcwndbps,met,mh,mm,mn,ms,mv,mvi,pl,rms/lsig/APaTxxMwRgIhAMNapGpyfGDSUkrguDJYgXn04kFTgZAkDAAzoTkUDWiFAiEAm5Cyz5tVUTePq0mM3zhSFf8dhjtvR8dzJq-MffBTfgo%3D/playlist/index.m3u8",
  "headers": {
    "User-Agent": "Mozilla/5.0 (Windows NT 10.0; Win64; x64) AppleWebKit/537.36 (KHTML, like Gecko) Chrome/134.0.0.0 Safari/537.36",
    "Accept-Encoding": "gzip, deflate, br, zstd",
    "Accept": "*/*",
    "Connection": "keep-alive"
  },
  "master": "https://manifest.googlevideo.com/api/manifest/hls_variant/expire/1749883921/ei/scdMaO2hF5HjxN8P19zj-Q0/ip/88.160.164.12/id/LEcIXMTUf6k.1/source/yt_live_broadcast/requiressl/yes/xpc/EgVo2aDSNQ%3D%3D/hfr/1/maudio/1/bui/AY1jyLM39FY88R54GR9-BDK4ENopTGWksr0SXj3pNcNHAEGBGwrw-PjvrVsTGrIbLnCwwwLFzDoiG_O9/spc/l3OVKUdL_3YlrvfTNuV_u6lJTei-jhWREAmptknjlNcf0PK8yR3DG-l7C8xC7h5gU6w/vprv/1/go/1/rqh/5/pacing/0/nvgoi/1/ncsapi/1/keepalive/yes/fexp/51355912/dover/11/itag/0/playlist_type/LIVE/sparams/expire%2Cei%2Cip%2Cid%2Csource%2Crequiressl%2Cxpc%2Chfr%2Cmaudio%2Cbui%2Cspc%2Cvprv%2Cgo%2Crqh%2Citag%2Cplaylist_type/sig/AJfQdSswRgIhAOU3DA2fLKlc7DLzlHWeUvLNyZ9Q_inE_C5TwIqiJ2AnAiEAqYke8ILHBMaKP-mwFgxowq5LHLYX17K1Z41t9UTGZvg%3D/file/index.m3u8",
  "metadata": {
    "id": "LEcIXMTUf6k",
    "author": "Gigi Murin Ch. hololive-EN",
    "category": "Gaming",
    "title": "\u3010StarVaders\u3011decided to test my reading comprehension at 7AM"
  }
}

2025-06-14 02:52:10.651 +02:00 [INF] Analyse de la réponse JSON de Streamlink...
2025-06-14 02:52:10.655 +02:00 [INF] Type de stream détecté : hls
2025-06-14 02:52:10.655 +02:00 [INF] URL du stream : https://manifest.googlevideo.com/api/manifest/hls_playlist/expire/1749883921/ei/scdMaO2hF5HjxN8P19zj-Q0/ip/88.160.164.12/id/LEcIXMTUf6k.1/itag/301/source/yt_live_broadcast/requiressl/yes/ratebypass/yes/live/1/sgoap/gir%3Dyes%3Bitag%3D140/sgovp/gir%3Dyes%3Bitag%3D299/rqh/1/hls_chunk_host/rr3---sn-25glenez.googlevideo.com/xpc/EgVo2aDSNQ%3D%3D/bui/AY1jyLM39FY88R54GR9-BDK4ENopTGWksr0SXj3pNcNHAEGBGwrw-PjvrVsTGrIbLnCwwwLFzDoiG_O9/spc/l3OVKUdL_3YlrvfTNuV_u6lJTei-jhWREAmptknjlNcf0PK8yR3DG-l7C8xC7h5gU6w/vprv/1/playlist_type/LIVE/initcwndbps/2318750/met/1749862321,/mh/Zm/mm/44/mn/sn-25glenez/ms/lva/mv/m/mvi/3/pl/12/rms/lva,lva/dover/11/pacing/0/keepalive/yes/fexp/51355912/mt/1749861871/sparams/expire,ei,ip,id,itag,source,requiressl,ratebypass,live,sgoap,sgovp,rqh,xpc,bui,spc,vprv,playlist_type/sig/AJfQdSswRAIgfLKrNddMmJWjV3yHxWOTnbtTHhh97nEASsXYnSMCfXcCIFBZdGCb0E0Uk-VYYYAGScMSg_frV90DXwBchUEasG0g/lsparams/hls_chunk_host,initcwndbps,met,mh,mm,mn,ms,mv,mvi,pl,rms/lsig/APaTxxMwRgIhAMNapGpyfGDSUkrguDJYgXn04kFTgZAkDAAzoTkUDWiFAiEAm5Cyz5tVUTePq0mM3zhSFf8dhjtvR8dzJq-MffBTfgo%3D/playlist/index.m3u8
2025-06-14 02:52:10.655 +02:00 [INF] Stream détecté comme étant en direct (indicateurs de live trouvés)
2025-06-14 02:52:10.655 +02:00 [INF] Métadonnées trouvées dans la réponse
2025-06-14 02:52:10.656 +02:00 [INF] Titre du stream détecté : 【StarVaders】decided to test my reading comprehension at 7AM
2025-06-14 02:52:10.656 +02:00 [INF] Nom de la chaîne détecté : Gigi Murin Ch. hololive-EN
2025-06-14 02:52:10.656 +02:00 [INF] État final de la détection - IsLive: True, Title: 【StarVaders】decided to test my reading comprehension at 7AM, Channel: Gigi Murin Ch. hololive-EN
2025-06-14 02:52:10.658 +02:00 [INF] Récupération de l'URL du stream pour https://www.youtube.com/@holoen_gigimurin
2025-06-14 02:52:12.851 +02:00 [INF] Création du répertoire : C:\Users\terre\OneDrive\Documents\Strivea\Recordings\YouTube\Gigi Murin Ch. hololive-EN
2025-06-14 02:52:12.851 +02:00 [INF] Démarrage de l'enregistrement pour Gigi Murin Ch. hololive-EN sur YouTube
2025-06-14 02:52:12.851 +02:00 [INF] URL du stream : https://manifest.googlevideo.com/api/manifest/hls_playlist/expire/1749883923/ei/s8dMaMjjIN_dp-oPt8i9gQ0/ip/88.160.164.12/id/LEcIXMTUf6k.1/itag/301/source/yt_live_broadcast/requiressl/yes/ratebypass/yes/live/1/sgoap/gir%3Dyes%3Bitag%3D140/sgovp/gir%3Dyes%3Bitag%3D299/rqh/1/hls_chunk_host/rr3---sn-25ge7nsd.googlevideo.com/xpc/EgVo2aDSNQ%3D%3D/bui/AY1jyLNmH3onRgO9gAAeRkkTPZEV-8ZakgpoD8XXZVv2Bahx9JnDs2_4jKUdDQTGDqrR7oUt5ehrGDKi/spc/l3OVKU7XQTHRDr-um62K8_xH4CrNoKTVFW4OtzU7NrX-Och-HghTfZoXxljZqKBJ1ak/vprv/1/playlist_type/LIVE/initcwndbps/2360000/met/1749862324,/mh/Zm/mm/44/mn/sn-25ge7nsd/ms/lva/mv/m/mvi/3/pl/12/rms/lva,lva/dover/11/pacing/0/keepalive/yes/fexp/51355912/mt/1749861871/sparams/expire,ei,ip,id,itag,source,requiressl,ratebypass,live,sgoap,sgovp,rqh,xpc,bui,spc,vprv,playlist_type/sig/AJfQdSswRQIgJjdvxK7qCOhurGcrsmqUongtcyr3wcpRjN7iaWuvPQkCIQCWMO8jNu6WUmtduBl1jWaEtqeM2vwNZCX-90rbpAgYmg%3D%3D/lsparams/hls_chunk_host,initcwndbps,met,mh,mm,mn,ms,mv,mvi,pl,rms/lsig/APaTxxMwRQIgKRuiQPw1boxlQklKZ8zfoKfvUExxixjRqcmNNaJOIG0CIQC_qH3Ri0yHJ4Dggkq_H86lMJsjlQl5GuApIPzDMGNhPw%3D%3D/playlist/index.m3u8
2025-06-14 02:52:12.851 +02:00 [INF] Chemin de sortie : C:\Users\terre\OneDrive\Documents\Strivea\Recordings\YouTube\Gigi Murin Ch. hololive-EN\StarVadersdecided to test my reading comprehension at 7AM.ts
2025-06-14 02:52:12.945 +02:00 [INF] Enregistrement démarré pour Gigi Murin Ch. hololive-EN sur YouTube
2025-06-14 02:52:12.945 +02:00 [INF] IsMonitoring a changé: True
2025-06-14 02:52:12.945 +02:00 [INF] CanStopMonitoring est évalué. IsMonitoring: True
2025-06-14 02:52:12.946 +02:00 [INF] CanStartMonitoring après changement: False
2025-06-14 02:52:12.946 +02:00 [INF] CanStopMonitoring est évalué. IsMonitoring: True
2025-06-14 02:52:12.946 +02:00 [INF] CanStopMonitoring après changement: True
2025-06-14 02:52:20.717 +02:00 [INF] CanStopMonitoring est évalué. IsMonitoring: True
2025-06-14 02:52:20.719 +02:00 [INF] Arrêt de l'enregistrement pour Gigi Murin Ch. hololive-EN sur YouTube
2025-06-14 02:52:20.724 +02:00 [ERR] Erreur lors de l'enregistrement des statistiques
System.IO.DirectoryNotFoundException: Could not find a part of the path 'C:\Users\terre\OneDrive\Documents\Strivea\Logs\recording_stats.log'.
   at Microsoft.Win32.SafeHandles.SafeFileHandle.CreateFile(String fullPath, FileMode mode, FileAccess access, FileShare share, FileOptions options)
   at Microsoft.Win32.SafeHandles.SafeFileHandle.Open(String fullPath, FileMode mode, FileAccess access, FileShare share, FileOptions options, Int64 preallocationSize, Nullable`1 unixCreateMode)
   at System.IO.File.OpenHandle(String path, FileMode mode, FileAccess access, FileShare share, FileOptions options, Int64 preallocationSize)
   at System.IO.File.WriteToFile(String path, FileMode mode, String contents, Encoding encoding)
   at Strivea.Services.RecordingStatsLogger.Log(DateTime startTime, Int64 bytesRecorded) in C:\Users\terre\OneDrive\Documents\Projet-JEUX\Strivea\Strivea\Services\RecordingStatsLogger.cs:line 90
2025-06-14 02:52:20.731 +02:00 [INF] Enregistrement terminé pour Gigi Murin Ch. hololive-EN sur YouTube
2025-06-14 02:52:20.731 +02:00 [INF] Durée : 00:00:07
2025-06-14 02:52:20.731 +02:00 [INF] Taille du fichier : 4 MB
2025-06-14 02:52:20.732 +02:00 [INF] Début de la conversion pour Gigi Murin Ch. hololive-EN sur YouTube
2025-06-14 02:52:21.762 +02:00 [INF] CanStopMonitoring est évalué. IsMonitoring: True
2025-06-14 02:54:57.167 +02:00 [INF] Démarrage de l'application...
2025-06-14 02:54:57.230 +02:00 [INF] Initialisation de l'application...
2025-06-14 02:54:57.313 +02:00 [INF] Initialisation du framework terminée...
2025-06-14 02:54:57.313 +02:00 [INF] Application Avalonia construite
2025-06-14 02:54:57.330 +02:00 [INF] Configuration des services...
2025-06-14 02:54:57.341 +02:00 [INF] Construction du conteneur DI...
2025-06-14 02:54:57.788 +02:00 [INF] Démarrage de l'application...
2025-06-14 02:54:57.958 +02:00 [INF] Initialisation du framework terminée...
2025-06-14 02:54:58.399 +02:00 [INF] YouTubeStreamDetector initialisé
2025-06-14 02:54:58.402 +02:00 [INF] MainViewModel initialisé
2025-06-14 02:54:58.438 +02:00 [INF] CanStopMonitoring est évalué. IsMonitoring: False
2025-06-14 02:54:58.440 +02:00 [INF] Application démarrée avec succès
2025-06-14 02:55:10.270 +02:00 [INF] Début de la récupération des informations du stream YouTube pour : https://www.youtube.com/@holoen_gigimurin
2025-06-14 02:55:10.391 +02:00 [INF] Streamlink trouvé à : C:\Program Files\Streamlink\bin\streamlink.exe
2025-06-14 02:55:10.391 +02:00 [INF] Exécution de streamlink avec les arguments : -j https://www.youtube.com/@holoen_gigimurin best
2025-06-14 02:55:10.406 +02:00 [INF] Processus streamlink démarré
2025-06-14 02:55:12.677 +02:00 [INF] Processus streamlink terminé avec le code : 0
2025-06-14 02:55:12.677 +02:00 [INF] Sortie Streamlink (JSON) : {
  "type": "hls",
  "url": "https://manifest.googlevideo.com/api/manifest/hls_playlist/expire/1749884103/ei/Z8hMaILVF56JvdIP5ICTiQ4/ip/88.160.164.12/id/LEcIXMTUf6k.1/itag/301/source/yt_live_broadcast/requiressl/yes/ratebypass/yes/live/1/sgoap/gir%3Dyes%3Bitag%3D140/sgovp/gir%3Dyes%3Bitag%3D299/rqh/1/hls_chunk_host/rr3---sn-25glenez.googlevideo.com/xpc/EgVo2aDSNQ%3D%3D/bui/AY1jyLNoxfDp2noElh0iArnfnWcdp95LNbjPJa1GYLrG0lhXPEb17bGWhlDF_BNy5xI1zhIaFReIHfLf/spc/l3OVKUbM-M6aEA3hL_H_my1n2xP6CBVEtA54Z8f5-6wlPUOkuMEt2Z1alfCFUuaeUzQ/vprv/1/playlist_type/LIVE/initcwndbps/2341250/met/1749862503,/mh/Zm/mm/44/mn/sn-25glenez/ms/lva/mv/m/mvi/3/pl/12/rms/lva,lva/dover/11/pacing/0/keepalive/yes/fexp/51355912/mt/1749862112/sparams/expire,ei,ip,id,itag,source,requiressl,ratebypass,live,sgoap,sgovp,rqh,xpc,bui,spc,vprv,playlist_type/sig/AJfQdSswRAIgMQHNVlRu_tJqicC_9TTIVbmbuZVCX16DS0vvhz5AKs0CIBpRhli3uj-8KAu2lL1XnF54L-zWTymoEPBKiqhJcDce/lsparams/hls_chunk_host,initcwndbps,met,mh,mm,mn,ms,mv,mvi,pl,rms/lsig/APaTxxMwRQIhAIGooCpAFboHF7dGU_iypmLXEt7l1sOunxaIjXiwVPTmAiB-8cX2oOo9N2wU8CMrPEvt3tKL7iQQRbAAAjOZ6WP_BA%3D%3D/playlist/index.m3u8",
  "headers": {
    "User-Agent": "Mozilla/5.0 (Windows NT 10.0; Win64; x64) AppleWebKit/537.36 (KHTML, like Gecko) Chrome/134.0.0.0 Safari/537.36",
    "Accept-Encoding": "gzip, deflate, br, zstd",
    "Accept": "*/*",
    "Connection": "keep-alive"
  },
  "master": "https://manifest.googlevideo.com/api/manifest/hls_variant/expire/1749884103/ei/Z8hMaILVF56JvdIP5ICTiQ4/ip/88.160.164.12/id/LEcIXMTUf6k.1/source/yt_live_broadcast/requiressl/yes/xpc/EgVo2aDSNQ%3D%3D/hfr/1/maudio/1/bui/AY1jyLNoxfDp2noElh0iArnfnWcdp95LNbjPJa1GYLrG0lhXPEb17bGWhlDF_BNy5xI1zhIaFReIHfLf/spc/l3OVKUbM-M6aEA3hL_H_my1n2xP6CBVEtA54Z8f5-6wlPUOkuMEt2Z1alfCFUuaeUzQ/vprv/1/go/1/rqh/5/pacing/0/nvgoi/1/ncsapi/1/keepalive/yes/fexp/51355912/dover/11/itag/0/playlist_type/LIVE/sparams/expire%2Cei%2Cip%2Cid%2Csource%2Crequiressl%2Cxpc%2Chfr%2Cmaudio%2Cbui%2Cspc%2Cvprv%2Cgo%2Crqh%2Citag%2Cplaylist_type/sig/AJfQdSswRgIhAPIjDUb3LxFt2k-JP5AeR-UKqGok-jwSi0xdEuPgJ1KmAiEAvx8HJeIcxNuX7vibM6fLyhVZqN-w2you_0JmZL8aPE8%3D/file/index.m3u8",
  "metadata": {
    "id": "LEcIXMTUf6k",
    "author": "Gigi Murin Ch. hololive-EN",
    "category": "Gaming",
    "title": "\u3010StarVaders\u3011decided to test my reading comprehension at 7AM"
  }
}

2025-06-14 02:55:12.678 +02:00 [INF] Analyse de la réponse JSON de Streamlink...
2025-06-14 02:55:12.679 +02:00 [INF] Type de stream détecté : hls
2025-06-14 02:55:12.679 +02:00 [INF] URL du stream : https://manifest.googlevideo.com/api/manifest/hls_playlist/expire/1749884103/ei/Z8hMaILVF56JvdIP5ICTiQ4/ip/88.160.164.12/id/LEcIXMTUf6k.1/itag/301/source/yt_live_broadcast/requiressl/yes/ratebypass/yes/live/1/sgoap/gir%3Dyes%3Bitag%3D140/sgovp/gir%3Dyes%3Bitag%3D299/rqh/1/hls_chunk_host/rr3---sn-25glenez.googlevideo.com/xpc/EgVo2aDSNQ%3D%3D/bui/AY1jyLNoxfDp2noElh0iArnfnWcdp95LNbjPJa1GYLrG0lhXPEb17bGWhlDF_BNy5xI1zhIaFReIHfLf/spc/l3OVKUbM-M6aEA3hL_H_my1n2xP6CBVEtA54Z8f5-6wlPUOkuMEt2Z1alfCFUuaeUzQ/vprv/1/playlist_type/LIVE/initcwndbps/2341250/met/1749862503,/mh/Zm/mm/44/mn/sn-25glenez/ms/lva/mv/m/mvi/3/pl/12/rms/lva,lva/dover/11/pacing/0/keepalive/yes/fexp/51355912/mt/1749862112/sparams/expire,ei,ip,id,itag,source,requiressl,ratebypass,live,sgoap,sgovp,rqh,xpc,bui,spc,vprv,playlist_type/sig/AJfQdSswRAIgMQHNVlRu_tJqicC_9TTIVbmbuZVCX16DS0vvhz5AKs0CIBpRhli3uj-8KAu2lL1XnF54L-zWTymoEPBKiqhJcDce/lsparams/hls_chunk_host,initcwndbps,met,mh,mm,mn,ms,mv,mvi,pl,rms/lsig/APaTxxMwRQIhAIGooCpAFboHF7dGU_iypmLXEt7l1sOunxaIjXiwVPTmAiB-8cX2oOo9N2wU8CMrPEvt3tKL7iQQRbAAAjOZ6WP_BA%3D%3D/playlist/index.m3u8
2025-06-14 02:55:12.679 +02:00 [INF] Stream détecté comme étant en direct (indicateurs de live trouvés)
2025-06-14 02:55:12.679 +02:00 [INF] Métadonnées trouvées dans la réponse
2025-06-14 02:55:12.680 +02:00 [INF] Titre du stream détecté : 【StarVaders】decided to test my reading comprehension at 7AM
2025-06-14 02:55:12.680 +02:00 [INF] Nom de la chaîne détecté : Gigi Murin Ch. hololive-EN
2025-06-14 02:55:12.680 +02:00 [INF] État final de la détection - IsLive: True, Title: 【StarVaders】decided to test my reading comprehension at 7AM, Channel: Gigi Murin Ch. hololive-EN
2025-06-14 02:55:12.683 +02:00 [INF] Récupération de l'URL du stream pour https://www.youtube.com/@holoen_gigimurin
2025-06-14 02:55:14.950 +02:00 [INF] Création du répertoire : C:\Users\terre\OneDrive\Documents\Strivea\Recordings\YouTube\Gigi Murin Ch. hololive-EN
2025-06-14 02:55:14.950 +02:00 [INF] Démarrage de l'enregistrement pour Gigi Murin Ch. hololive-EN sur YouTube
2025-06-14 02:55:14.950 +02:00 [INF] URL du stream : https://manifest.googlevideo.com/api/manifest/hls_playlist/expire/1749884105/ei/achMaKqkJJuhvdIP2PanmAo/ip/88.160.164.12/id/LEcIXMTUf6k.1/itag/301/source/yt_live_broadcast/requiressl/yes/ratebypass/yes/live/1/sgoap/gir%3Dyes%3Bitag%3D140/sgovp/gir%3Dyes%3Bitag%3D299/rqh/1/hls_chunk_host/rr3---sn-25glenez.googlevideo.com/xpc/EgVo2aDSNQ%3D%3D/bui/AY1jyLPiJBuZ0pnu2Y1G2o2ziy6RnpFZ5YLLWIGOjQRxVzlMz1mwDW34kxCS15YjHA5d7k5CTsig9fRH/spc/l3OVKcbozQ0GZT5K8rDUG2SDECFdbDfroiV7ynvDBhNa4rTW1svgNLx9Zpj4V_q4Ri0/vprv/1/playlist_type/LIVE/initcwndbps/2352500/met/1749862506,/mh/Zm/mm/44/mn/sn-25glenez/ms/lva/mv/m/mvi/3/pl/12/rms/lva,lva/dover/11/pacing/0/keepalive/yes/fexp/51355912/mt/1749862112/sparams/expire,ei,ip,id,itag,source,requiressl,ratebypass,live,sgoap,sgovp,rqh,xpc,bui,spc,vprv,playlist_type/sig/AJfQdSswRQIhALfGyoFpN8HDCNWC2miynjBVtdrRqHFPPF1-wseUvSsgAiAZ8OwdWR3QdJ59_YHPboQvX8rLJH5W7fzLjjodHeqigA%3D%3D/lsparams/hls_chunk_host,initcwndbps,met,mh,mm,mn,ms,mv,mvi,pl,rms/lsig/APaTxxMwRAIgTCpAHqH-cM_yEgNg1yKnsL4H59z_TU12-D4UKkFs_CoCIBB39EMK42bkpjJ6QEh5nNdWQ3lMypYjxfVcCEOfOlMe/playlist/index.m3u8
2025-06-14 02:55:14.950 +02:00 [INF] Chemin de sortie : C:\Users\terre\OneDrive\Documents\Strivea\Recordings\YouTube\Gigi Murin Ch. hololive-EN\StarVadersdecided to test my reading comprehension at 7AM.ts
2025-06-14 02:55:15.052 +02:00 [INF] Enregistrement démarré pour Gigi Murin Ch. hololive-EN sur YouTube
2025-06-14 02:55:15.052 +02:00 [INF] IsMonitoring a changé: True
2025-06-14 02:55:15.053 +02:00 [INF] CanStopMonitoring est évalué. IsMonitoring: True
2025-06-14 02:55:15.053 +02:00 [INF] CanStartMonitoring après changement: False
2025-06-14 02:55:15.053 +02:00 [INF] CanStopMonitoring est évalué. IsMonitoring: True
2025-06-14 02:55:15.053 +02:00 [INF] CanStopMonitoring après changement: True
2025-06-14 02:55:18.766 +02:00 [INF] CanStopMonitoring est évalué. IsMonitoring: True
2025-06-14 02:55:18.768 +02:00 [INF] Arrêt de l'enregistrement pour Gigi Murin Ch. hololive-EN sur YouTube
2025-06-14 02:55:18.827 +02:00 [ERR] Erreur lors de l'enregistrement des statistiques
System.IO.DirectoryNotFoundException: Could not find a part of the path 'C:\Users\terre\OneDrive\Documents\Strivea\Logs\recording_stats.log'.
   at Microsoft.Win32.SafeHandles.SafeFileHandle.CreateFile(String fullPath, FileMode mode, FileAccess access, FileShare share, FileOptions options)
   at Microsoft.Win32.SafeHandles.SafeFileHandle.Open(String fullPath, FileMode mode, FileAccess access, FileShare share, FileOptions options, Int64 preallocationSize, Nullable`1 unixCreateMode)
   at System.IO.File.OpenHandle(String path, FileMode mode, FileAccess access, FileShare share, FileOptions options, Int64 preallocationSize)
   at System.IO.File.WriteToFile(String path, FileMode mode, String contents, Encoding encoding)
   at Strivea.Services.RecordingStatsLogger.Log(DateTime startTime, Int64 bytesRecorded) in C:\Users\terre\OneDrive\Documents\Projet-JEUX\Strivea\Strivea\Services\RecordingStatsLogger.cs:line 90
2025-06-14 02:55:18.839 +02:00 [INF] Enregistrement terminé pour Gigi Murin Ch. hololive-EN sur YouTube
2025-06-14 02:55:18.839 +02:00 [INF] Durée : 00:00:03
2025-06-14 02:55:18.840 +02:00 [INF] Taille du fichier : 4 MB
2025-06-14 02:55:18.841 +02:00 [INF] Début de la conversion pour Gigi Murin Ch. hololive-EN sur YouTube
2025-06-14 02:55:18.920 +02:00 [INF] Chemin de FFmpeg trouvé : C:\Users\terre\OneDrive\Documents\ffmpeg-7.1.1-essentials_build\bin\ffmpeg.exe
2025-06-14 02:55:18.920 +02:00 [INF] Chemin de sortie pour la conversion : C:\Users\terre\OneDrive\Documents\Strivea\Recordings\YouTube\Gigi Murin Ch. hololive-EN\StarVadersdecided to test my reading comprehension at 7AM.mp4
2025-06-14 02:55:18.920 +02:00 [INF] Commande FFmpeg : C:\Users\terre\OneDrive\Documents\ffmpeg-7.1.1-essentials_build\bin\ffmpeg.exe -i "C:\Users\terre\OneDrive\Documents\Strivea\Recordings\YouTube\Gigi Murin Ch. hololive-EN\StarVadersdecided to test my reading comprehension at 7AM.ts" -c:v copy -c:a copy "C:\Users\terre\OneDrive\Documents\Strivea\Recordings\YouTube\Gigi Murin Ch. hololive-EN\StarVadersdecided to test my reading comprehension at 7AM.mp4"
2025-06-14 02:55:19.115 +02:00 [INF] CanStopMonitoring est évalué. IsMonitoring: True
2025-06-14 02:55:30.758 +02:00 [INF] Application démarrée avec succès
2025-06-14 02:56:09.198 +02:00 [INF] Démarrage de l'application...
2025-06-14 02:56:09.263 +02:00 [INF] Initialisation de l'application...
2025-06-14 02:56:09.332 +02:00 [INF] Initialisation du framework terminée...
2025-06-14 02:56:09.332 +02:00 [INF] Application Avalonia construite
2025-06-14 02:56:09.334 +02:00 [INF] Configuration des services...
2025-06-14 02:56:09.347 +02:00 [INF] Construction du conteneur DI...
2025-06-14 02:56:09.698 +02:00 [INF] Démarrage de l'application...
2025-06-14 02:56:09.827 +02:00 [INF] Initialisation du framework terminée...
2025-06-14 02:56:20.050 +02:00 [INF] Démarrage de l'application...
2025-06-14 02:56:20.100 +02:00 [INF] Initialisation de l'application...
2025-06-14 02:56:20.158 +02:00 [INF] Initialisation du framework terminée...
2025-06-14 02:56:20.158 +02:00 [INF] Application Avalonia construite
2025-06-14 02:56:20.160 +02:00 [INF] Configuration des services...
2025-06-14 02:56:20.174 +02:00 [INF] Construction du conteneur DI...
2025-06-14 02:56:20.533 +02:00 [INF] Démarrage de l'application...
2025-06-14 02:56:20.648 +02:00 [INF] Initialisation du framework terminée...
2025-06-14 02:56:21.008 +02:00 [INF] YouTubeStreamDetector initialisé
2025-06-14 02:56:21.011 +02:00 [INF] MainViewModel initialisé
2025-06-14 02:56:21.032 +02:00 [INF] CanStopMonitoring est évalué. IsMonitoring: False
2025-06-14 02:56:21.033 +02:00 [INF] Application démarrée avec succès
2025-06-14 02:56:27.065 +02:00 [INF] Début de la récupération des informations du stream YouTube pour : https://www.youtube.com/@holoen_gigimurin
2025-06-14 02:56:27.144 +02:00 [INF] Streamlink trouvé à : C:\Program Files\Streamlink\bin\streamlink.exe
2025-06-14 02:56:27.144 +02:00 [INF] Exécution de streamlink avec les arguments : -j https://www.youtube.com/@holoen_gigimurin best
2025-06-14 02:56:27.156 +02:00 [INF] Processus streamlink démarré
2025-06-14 02:56:29.727 +02:00 [INF] Processus streamlink terminé avec le code : 0
2025-06-14 02:56:29.727 +02:00 [INF] Sortie Streamlink (JSON) : {
  "type": "hls",
  "url": "https://manifest.googlevideo.com/api/manifest/hls_playlist/expire/1749884180/ei/s8hMaOj8PNXdp-oPkIPjuAw/ip/88.160.164.12/id/LEcIXMTUf6k.1/itag/301/source/yt_live_broadcast/requiressl/yes/ratebypass/yes/live/1/sgoap/gir%3Dyes%3Bitag%3D140/sgovp/gir%3Dyes%3Bitag%3D299/rqh/1/hls_chunk_host/rr3---sn-25glenez.googlevideo.com/xpc/EgVo2aDSNQ%3D%3D/bui/AY1jyLMprmsmo6lrejWITC4Zfbic6DpvPq45pKqhuAeTGPzJQXY93LeiWvBCzQ1QuWVXzrtPUwlaEzPB/spc/l3OVKcilF7qVYgRtwUmwgK4g_hmqGvHPUfmsmeX4H8e5bNqx45B7OimB_65_oVVD9-I/vprv/1/playlist_type/LIVE/initcwndbps/2352500/met/1749862580,/mh/Zm/mm/44/mn/sn-25glenez/ms/lva/mv/m/mvi/3/pl/12/rms/lva,lva/dover/11/pacing/0/keepalive/yes/fexp/51355912/mt/1749862112/sparams/expire,ei,ip,id,itag,source,requiressl,ratebypass,live,sgoap,sgovp,rqh,xpc,bui,spc,vprv,playlist_type/sig/AJfQdSswRQIhAPyEsXrrSnM39knl2luqMiNDIcT2qCYtYuHjUBHGObAzAiAEdb5x_-KOg2CI0kJ66vJ5OcqSbSeAFaxCWfym2X9fVw%3D%3D/lsparams/hls_chunk_host,initcwndbps,met,mh,mm,mn,ms,mv,mvi,pl,rms/lsig/APaTxxMwRgIhANYTz4iduzoe4cwNHfsGVNMMhUZQa--AMpOJuJmDoAoAAiEA2yPYu4UPGu57ReoW-L6GMz6abrWu7hwg6wc_0NRvImY%3D/playlist/index.m3u8",
  "headers": {
    "User-Agent": "Mozilla/5.0 (Windows NT 10.0; Win64; x64) AppleWebKit/537.36 (KHTML, like Gecko) Chrome/134.0.0.0 Safari/537.36",
    "Accept-Encoding": "gzip, deflate, br, zstd",
    "Accept": "*/*",
    "Connection": "keep-alive"
  },
  "master": "https://manifest.googlevideo.com/api/manifest/hls_variant/expire/1749884180/ei/s8hMaOj8PNXdp-oPkIPjuAw/ip/88.160.164.12/id/LEcIXMTUf6k.1/source/yt_live_broadcast/requiressl/yes/xpc/EgVo2aDSNQ%3D%3D/hfr/1/maudio/1/bui/AY1jyLMprmsmo6lrejWITC4Zfbic6DpvPq45pKqhuAeTGPzJQXY93LeiWvBCzQ1QuWVXzrtPUwlaEzPB/spc/l3OVKcilF7qVYgRtwUmwgK4g_hmqGvHPUfmsmeX4H8e5bNqx45B7OimB_65_oVVD9-I/vprv/1/go/1/rqh/5/pacing/0/nvgoi/1/ncsapi/1/keepalive/yes/fexp/51355912/dover/11/itag/0/playlist_type/LIVE/sparams/expire%2Cei%2Cip%2Cid%2Csource%2Crequiressl%2Cxpc%2Chfr%2Cmaudio%2Cbui%2Cspc%2Cvprv%2Cgo%2Crqh%2Citag%2Cplaylist_type/sig/AJfQdSswRgIhALDQrLXWM039cM4MePsFIftQvmIfpDyLp0Rz290vfmhFAiEAkKh8DBrIwUyaqhcY7dwVcTxCqJ53c3IkKHuhQMGAhUw%3D/file/index.m3u8",
  "metadata": {
    "id": "LEcIXMTUf6k",
    "author": "Gigi Murin Ch. hololive-EN",
    "category": "Gaming",
    "title": "\u3010StarVaders\u3011decided to test my reading comprehension at 7AM"
  }
}

2025-06-14 02:56:29.732 +02:00 [INF] Analyse de la réponse JSON de Streamlink...
2025-06-14 02:56:29.736 +02:00 [INF] Type de stream détecté : hls
2025-06-14 02:56:29.744 +02:00 [INF] URL du stream : https://manifest.googlevideo.com/api/manifest/hls_playlist/expire/1749884180/ei/s8hMaOj8PNXdp-oPkIPjuAw/ip/88.160.164.12/id/LEcIXMTUf6k.1/itag/301/source/yt_live_broadcast/requiressl/yes/ratebypass/yes/live/1/sgoap/gir%3Dyes%3Bitag%3D140/sgovp/gir%3Dyes%3Bitag%3D299/rqh/1/hls_chunk_host/rr3---sn-25glenez.googlevideo.com/xpc/EgVo2aDSNQ%3D%3D/bui/AY1jyLMprmsmo6lrejWITC4Zfbic6DpvPq45pKqhuAeTGPzJQXY93LeiWvBCzQ1QuWVXzrtPUwlaEzPB/spc/l3OVKcilF7qVYgRtwUmwgK4g_hmqGvHPUfmsmeX4H8e5bNqx45B7OimB_65_oVVD9-I/vprv/1/playlist_type/LIVE/initcwndbps/2352500/met/1749862580,/mh/Zm/mm/44/mn/sn-25glenez/ms/lva/mv/m/mvi/3/pl/12/rms/lva,lva/dover/11/pacing/0/keepalive/yes/fexp/51355912/mt/1749862112/sparams/expire,ei,ip,id,itag,source,requiressl,ratebypass,live,sgoap,sgovp,rqh,xpc,bui,spc,vprv,playlist_type/sig/AJfQdSswRQIhAPyEsXrrSnM39knl2luqMiNDIcT2qCYtYuHjUBHGObAzAiAEdb5x_-KOg2CI0kJ66vJ5OcqSbSeAFaxCWfym2X9fVw%3D%3D/lsparams/hls_chunk_host,initcwndbps,met,mh,mm,mn,ms,mv,mvi,pl,rms/lsig/APaTxxMwRgIhANYTz4iduzoe4cwNHfsGVNMMhUZQa--AMpOJuJmDoAoAAiEA2yPYu4UPGu57ReoW-L6GMz6abrWu7hwg6wc_0NRvImY%3D/playlist/index.m3u8
2025-06-14 02:56:29.744 +02:00 [INF] Stream détecté comme étant en direct (indicateurs de live trouvés)
2025-06-14 02:56:29.744 +02:00 [INF] Métadonnées trouvées dans la réponse
2025-06-14 02:56:29.745 +02:00 [INF] Titre du stream détecté : 【StarVaders】decided to test my reading comprehension at 7AM
2025-06-14 02:56:29.745 +02:00 [INF] Nom de la chaîne détecté : Gigi Murin Ch. hololive-EN
2025-06-14 02:56:29.745 +02:00 [INF] État final de la détection - IsLive: True, Title: 【StarVaders】decided to test my reading comprehension at 7AM, Channel: Gigi Murin Ch. hololive-EN
2025-06-14 02:56:29.747 +02:00 [INF] Récupération de l'URL du stream pour https://www.youtube.com/@holoen_gigimurin
2025-06-14 02:56:31.895 +02:00 [INF] Création du répertoire : C:\Users\terre\OneDrive\Documents\Strivea\Recordings\YouTube\Gigi Murin Ch. hololive-EN
2025-06-14 02:56:31.896 +02:00 [INF] Démarrage de l'enregistrement pour Gigi Murin Ch. hololive-EN sur YouTube
2025-06-14 02:56:31.896 +02:00 [INF] URL du stream : https://manifest.googlevideo.com/api/manifest/hls_playlist/expire/1749884182/ei/tshMaM-jJLaEp-oP37TXoQw/ip/88.160.164.12/id/LEcIXMTUf6k.1/itag/301/source/yt_live_broadcast/requiressl/yes/ratebypass/yes/live/1/sgoap/gir%3Dyes%3Bitag%3D140/sgovp/gir%3Dyes%3Bitag%3D299/rqh/1/hls_chunk_host/rr3---sn-25glenez.googlevideo.com/xpc/EgVo2aDSNQ%3D%3D/bui/AY1jyLNInKRIy_q6q2r2-tFColl-g20QuZDwXQrGG54tPzIB2Szs7HcFRsNhv0BfKW3wNv5XQLOmNS3h/spc/l3OVKTgFwdXIT4cbLCFIfqy5M3DaLg_W6s8ZlYemIDTnBmLfvntEir8XIC1xwZOsMA8/vprv/1/playlist_type/LIVE/initcwndbps/2372500/met/1749862583,/mh/Zm/mm/44/mn/sn-25glenez/ms/lva/mv/m/mvi/3/pl/12/rms/lva,lva/dover/11/pacing/0/keepalive/yes/fexp/51355912/mt/1749862351/sparams/expire,ei,ip,id,itag,source,requiressl,ratebypass,live,sgoap,sgovp,rqh,xpc,bui,spc,vprv,playlist_type/sig/AJfQdSswRgIhAM7GjFxHKx9gp6yM9WMZc4ytoS6fWTVMqu-D1a65Md58AiEA7nMezTAxh_uHbiEzSZNfw_go86q50ysyAGYtvZf3wOc%3D/lsparams/hls_chunk_host,initcwndbps,met,mh,mm,mn,ms,mv,mvi,pl,rms/lsig/APaTxxMwRAIgQDig6LqGHd4Qhu66dADbC-dISWO_018RyveUHSuZFuoCIGrIY9vd2tCXIZDFM9gMsHeNcT0i3D7w6MczhIC4eBa5/playlist/index.m3u8
2025-06-14 02:56:31.896 +02:00 [INF] Chemin de sortie : C:\Users\terre\OneDrive\Documents\Strivea\Recordings\YouTube\Gigi Murin Ch. hololive-EN\StarVadersdecided to test my reading comprehension at 7AM.ts
2025-06-14 02:56:31.985 +02:00 [INF] Enregistrement démarré pour Gigi Murin Ch. hololive-EN sur YouTube
2025-06-14 02:56:31.985 +02:00 [INF] IsMonitoring a changé: True
2025-06-14 02:56:31.985 +02:00 [INF] CanStopMonitoring est évalué. IsMonitoring: True
2025-06-14 02:56:31.986 +02:00 [INF] CanStartMonitoring après changement: False
2025-06-14 02:56:31.986 +02:00 [INF] CanStopMonitoring est évalué. IsMonitoring: True
2025-06-14 02:56:31.986 +02:00 [INF] CanStopMonitoring après changement: True
2025-06-14 02:57:28.185 +02:00 [INF] CanStopMonitoring est évalué. IsMonitoring: True
2025-06-14 02:57:28.187 +02:00 [INF] Arrêt de l'enregistrement pour Gigi Murin Ch. hololive-EN sur YouTube
2025-06-14 02:57:28.191 +02:00 [ERR] Erreur lors de l'enregistrement des statistiques
System.IO.DirectoryNotFoundException: Could not find a part of the path 'C:\Users\terre\OneDrive\Documents\Strivea\Logs\recording_stats.log'.
   at Microsoft.Win32.SafeHandles.SafeFileHandle.CreateFile(String fullPath, FileMode mode, FileAccess access, FileShare share, FileOptions options)
   at Microsoft.Win32.SafeHandles.SafeFileHandle.Open(String fullPath, FileMode mode, FileAccess access, FileShare share, FileOptions options, Int64 preallocationSize, Nullable`1 unixCreateMode)
   at System.IO.File.OpenHandle(String path, FileMode mode, FileAccess access, FileShare share, FileOptions options, Int64 preallocationSize)
   at System.IO.File.WriteToFile(String path, FileMode mode, String contents, Encoding encoding)
   at Strivea.Services.RecordingStatsLogger.Log(DateTime startTime, Int64 bytesRecorded) in C:\Users\terre\OneDrive\Documents\Projet-JEUX\Strivea\Strivea\Services\RecordingStatsLogger.cs:line 90
2025-06-14 02:57:28.196 +02:00 [INF] Enregistrement terminé pour Gigi Murin Ch. hololive-EN sur YouTube
2025-06-14 02:57:28.196 +02:00 [INF] Durée : 00:00:56
2025-06-14 02:57:28.196 +02:00 [INF] Taille du fichier : 4 MB
2025-06-14 02:57:28.197 +02:00 [INF] Début de la conversion pour Gigi Murin Ch. hololive-EN sur YouTube
2025-06-14 02:57:28.272 +02:00 [INF] Chemin de FFmpeg trouvé : C:\Users\terre\OneDrive\Documents\ffmpeg-7.1.1-essentials_build\bin\ffmpeg.exe
2025-06-14 02:57:28.272 +02:00 [INF] Chemin de sortie pour la conversion : C:\Users\terre\OneDrive\Documents\Strivea\Recordings\YouTube\Gigi Murin Ch. hololive-EN\StarVadersdecided to test my reading comprehension at 7AM.mp4
2025-06-14 02:57:28.272 +02:00 [INF] Commande FFmpeg : C:\Users\terre\OneDrive\Documents\ffmpeg-7.1.1-essentials_build\bin\ffmpeg.exe -i "C:\Users\terre\OneDrive\Documents\Strivea\Recordings\YouTube\Gigi Murin Ch. hololive-EN\StarVadersdecided to test my reading comprehension at 7AM.ts" -c:v copy -c:a copy "C:\Users\terre\OneDrive\Documents\Strivea\Recordings\YouTube\Gigi Murin Ch. hololive-EN\StarVadersdecided to test my reading comprehension at 7AM.mp4"
2025-06-14 02:57:28.467 +02:00 [INF] CanStopMonitoring est évalué. IsMonitoring: True
2025-06-14 02:58:06.466 +02:00 [INF] Démarrage de l'application...
2025-06-14 02:58:06.528 +02:00 [INF] Initialisation de l'application...
2025-06-14 02:58:06.578 +02:00 [INF] Initialisation du framework terminée...
2025-06-14 02:58:06.578 +02:00 [INF] Application Avalonia construite
2025-06-14 02:58:06.580 +02:00 [INF] Configuration des services...
2025-06-14 02:58:06.591 +02:00 [INF] Construction du conteneur DI...
2025-06-14 02:58:06.869 +02:00 [INF] Démarrage de l'application...
2025-06-14 02:58:06.986 +02:00 [INF] Initialisation du framework terminée...
2025-06-14 02:58:07.313 +02:00 [INF] YouTubeStreamDetector initialisé
2025-06-14 02:58:07.316 +02:00 [INF] MainViewModel initialisé
2025-06-14 02:58:07.337 +02:00 [INF] CanStopMonitoring est évalué. IsMonitoring: False
2025-06-14 02:58:07.337 +02:00 [INF] Application démarrée avec succès
2025-06-14 02:58:10.880 +02:00 [INF] Début de la récupération des informations du stream YouTube pour : https://www.youtube.com/@holoen_gigimurin
2025-06-14 02:58:10.959 +02:00 [INF] Streamlink trouvé à : C:\Program Files\Streamlink\bin\streamlink.exe
2025-06-14 02:58:10.959 +02:00 [INF] Exécution de streamlink avec les arguments : -j https://www.youtube.com/@holoen_gigimurin best
2025-06-14 02:58:10.971 +02:00 [INF] Processus streamlink démarré
2025-06-14 02:58:13.028 +02:00 [INF] Processus streamlink terminé avec le code : 0
2025-06-14 02:58:13.028 +02:00 [INF] Sortie Streamlink (JSON) : {
  "type": "hls",
  "url": "https://manifest.googlevideo.com/api/manifest/hls_playlist/expire/1749884283/ei/G8lMaMXDL8OH9fgPpNXLgQE/ip/88.160.164.12/id/LEcIXMTUf6k.1/itag/301/source/yt_live_broadcast/requiressl/yes/ratebypass/yes/live/1/sgoap/gir%3Dyes%3Bitag%3D140/sgovp/gir%3Dyes%3Bitag%3D299/rqh/1/hls_chunk_host/rr3---sn-25glenez.googlevideo.com/xpc/EgVo2aDSNQ%3D%3D/bui/AY1jyLOLsPI_0S5rwc-ew-zlG6tJmJdNH8Kz3bVlWn5xYSKOZHeuxDVulvBEU67EoY7WRH21iVkqoXYA/spc/l3OVKXMsxMr1QxWEsEBE4sZWNevFRiePkP8Kj5nECmY1OAuGEohLQYVNX__c-EUYuVs/vprv/1/playlist_type/LIVE/initcwndbps/2406250/met/1749862684,/mh/Zm/mm/44/mn/sn-25glenez/ms/lva/mv/m/mvi/3/pl/12/rms/lva,lva/dover/11/pacing/0/keepalive/yes/fexp/51355912,51466698/mt/1749862351/sparams/expire,ei,ip,id,itag,source,requiressl,ratebypass,live,sgoap,sgovp,rqh,xpc,bui,spc,vprv,playlist_type/sig/AJfQdSswRgIhAO7dCaStSOGcpmro8Q4mGRwR0LW4UEU6ASfjVz3x2u9WAiEA6RGTczavank0WK9_kbC7X-lGC88mfv__JqoCRz6pAEo%3D/lsparams/hls_chunk_host,initcwndbps,met,mh,mm,mn,ms,mv,mvi,pl,rms/lsig/APaTxxMwRgIhAMjQ184kdiO1tmy4fzyiKo5B8nSevGxJcmkX1Z39eWXpAiEAz5teSl_M0UFeAm1GkCljW4fdW7Knwv9P4lnAgSK7HYA%3D/playlist/index.m3u8",
  "headers": {
    "User-Agent": "Mozilla/5.0 (Windows NT 10.0; Win64; x64) AppleWebKit/537.36 (KHTML, like Gecko) Chrome/134.0.0.0 Safari/537.36",
    "Accept-Encoding": "gzip, deflate, br, zstd",
    "Accept": "*/*",
    "Connection": "keep-alive"
  },
  "master": "https://manifest.googlevideo.com/api/manifest/hls_variant/expire/1749884283/ei/G8lMaMXDL8OH9fgPpNXLgQE/ip/88.160.164.12/id/LEcIXMTUf6k.1/source/yt_live_broadcast/requiressl/yes/xpc/EgVo2aDSNQ%3D%3D/hfr/1/maudio/1/bui/AY1jyLOLsPI_0S5rwc-ew-zlG6tJmJdNH8Kz3bVlWn5xYSKOZHeuxDVulvBEU67EoY7WRH21iVkqoXYA/spc/l3OVKXMsxMr1QxWEsEBE4sZWNevFRiePkP8Kj5nECmY1OAuGEohLQYVNX__c-EUYuVs/vprv/1/go/1/rqh/5/pacing/0/nvgoi/1/ncsapi/1/keepalive/yes/fexp/51355912%2C51466698/dover/11/itag/0/playlist_type/LIVE/sparams/expire%2Cei%2Cip%2Cid%2Csource%2Crequiressl%2Cxpc%2Chfr%2Cmaudio%2Cbui%2Cspc%2Cvprv%2Cgo%2Crqh%2Citag%2Cplaylist_type/sig/AJfQdSswRgIhALl1XPWOFznfMRmREpMQyARv5ylvbCgxmeNHnPw4kkz2AiEAhVnwDZISa141ET-KgW6hMCkknSqUYz62HwmyVYhmr-M%3D/file/index.m3u8",
  "metadata": {
    "id": "LEcIXMTUf6k",
    "author": "Gigi Murin Ch. hololive-EN",
    "category": "Gaming",
    "title": "\u3010StarVaders\u3011decided to test my reading comprehension at 7AM"
  }
}

2025-06-14 02:58:13.031 +02:00 [INF] Analyse de la réponse JSON de Streamlink...
2025-06-14 02:58:13.035 +02:00 [INF] Type de stream détecté : hls
2025-06-14 02:58:13.035 +02:00 [INF] URL du stream : https://manifest.googlevideo.com/api/manifest/hls_playlist/expire/1749884283/ei/G8lMaMXDL8OH9fgPpNXLgQE/ip/88.160.164.12/id/LEcIXMTUf6k.1/itag/301/source/yt_live_broadcast/requiressl/yes/ratebypass/yes/live/1/sgoap/gir%3Dyes%3Bitag%3D140/sgovp/gir%3Dyes%3Bitag%3D299/rqh/1/hls_chunk_host/rr3---sn-25glenez.googlevideo.com/xpc/EgVo2aDSNQ%3D%3D/bui/AY1jyLOLsPI_0S5rwc-ew-zlG6tJmJdNH8Kz3bVlWn5xYSKOZHeuxDVulvBEU67EoY7WRH21iVkqoXYA/spc/l3OVKXMsxMr1QxWEsEBE4sZWNevFRiePkP8Kj5nECmY1OAuGEohLQYVNX__c-EUYuVs/vprv/1/playlist_type/LIVE/initcwndbps/2406250/met/1749862684,/mh/Zm/mm/44/mn/sn-25glenez/ms/lva/mv/m/mvi/3/pl/12/rms/lva,lva/dover/11/pacing/0/keepalive/yes/fexp/51355912,51466698/mt/1749862351/sparams/expire,ei,ip,id,itag,source,requiressl,ratebypass,live,sgoap,sgovp,rqh,xpc,bui,spc,vprv,playlist_type/sig/AJfQdSswRgIhAO7dCaStSOGcpmro8Q4mGRwR0LW4UEU6ASfjVz3x2u9WAiEA6RGTczavank0WK9_kbC7X-lGC88mfv__JqoCRz6pAEo%3D/lsparams/hls_chunk_host,initcwndbps,met,mh,mm,mn,ms,mv,mvi,pl,rms/lsig/APaTxxMwRgIhAMjQ184kdiO1tmy4fzyiKo5B8nSevGxJcmkX1Z39eWXpAiEAz5teSl_M0UFeAm1GkCljW4fdW7Knwv9P4lnAgSK7HYA%3D/playlist/index.m3u8
2025-06-14 02:58:13.035 +02:00 [INF] Stream détecté comme étant en direct (indicateurs de live trouvés)
2025-06-14 02:58:13.035 +02:00 [INF] Métadonnées trouvées dans la réponse
2025-06-14 02:58:13.036 +02:00 [INF] Titre du stream détecté : 【StarVaders】decided to test my reading comprehension at 7AM
2025-06-14 02:58:13.036 +02:00 [INF] Nom de la chaîne détecté : Gigi Murin Ch. hololive-EN
2025-06-14 02:58:13.036 +02:00 [INF] État final de la détection - IsLive: True, Title: 【StarVaders】decided to test my reading comprehension at 7AM, Channel: Gigi Murin Ch. hololive-EN
2025-06-14 02:58:13.038 +02:00 [INF] Récupération de l'URL du stream pour https://www.youtube.com/@holoen_gigimurin
2025-06-14 02:58:15.183 +02:00 [INF] Création du répertoire : C:\Users\terre\OneDrive\Documents\Strivea\Recordings\YouTube\Gigi Murin Ch. hololive-EN
2025-06-14 02:58:15.183 +02:00 [INF] Démarrage de l'enregistrement pour Gigi Murin Ch. hololive-EN sur YouTube
2025-06-14 02:58:15.183 +02:00 [INF] URL du stream : https://manifest.googlevideo.com/api/manifest/hls_playlist/expire/1749884285/ei/HclMaJKEN4fcp-oPn7uKsAw/ip/88.160.164.12/id/LEcIXMTUf6k.1/itag/301/source/yt_live_broadcast/requiressl/yes/ratebypass/yes/live/1/sgoap/gir%3Dyes%3Bitag%3D140/sgovp/gir%3Dyes%3Bitag%3D299/rqh/1/hls_chunk_host/rr3---sn-25glenez.googlevideo.com/xpc/EgVo2aDSNQ%3D%3D/bui/AY1jyLO_yh8HtfjXjXJQO1Mt5YxUUuAAa4Up8ejvqwuCXeHfwhqVJQ-H2KQGZPpyWbudnut7WplYEBuY/spc/l3OVKfbexnuj5QftFrhokJyplvIz6wauEV8cIS6gVwJPj-lya9scPLRzzCb63TQ0ZJU/vprv/1/playlist_type/LIVE/initcwndbps/2406250/met/1749862686,/mh/Zm/mm/44/mn/sn-25glenez/ms/lva/mv/m/mvi/3/pl/12/rms/lva,lva/dover/11/pacing/0/keepalive/yes/fexp/51355912/mt/1749862351/sparams/expire,ei,ip,id,itag,source,requiressl,ratebypass,live,sgoap,sgovp,rqh,xpc,bui,spc,vprv,playlist_type/sig/AJfQdSswRQIhAIyxJE8s8-y9toKux769gvB0t85besQFavbU3tiuvqJaAiA9fwV8ddS3-GH-BGy9KB_mcq8gjibDn5eDnEmpEUFLsw%3D%3D/lsparams/hls_chunk_host,initcwndbps,met,mh,mm,mn,ms,mv,mvi,pl,rms/lsig/APaTxxMwRAIgNOqnkY5M0q6Qiu-TwgUoBXauiukTegqj_x2B5iTUFgUCIATOdJGk6_XICZ4ogmwzH_Desf3gB9TSfs5BhuMqzwSN/playlist/index.m3u8
2025-06-14 02:58:15.183 +02:00 [INF] Chemin de sortie : C:\Users\terre\OneDrive\Documents\Strivea\Recordings\YouTube\Gigi Murin Ch. hololive-EN\StarVadersdecided to test my reading comprehension at 7AM.ts
2025-06-14 02:58:15.274 +02:00 [INF] Enregistrement démarré pour Gigi Murin Ch. hololive-EN sur YouTube
2025-06-14 02:58:15.275 +02:00 [INF] IsMonitoring a changé: True
2025-06-14 02:58:15.276 +02:00 [INF] CanStopMonitoring est évalué. IsMonitoring: True
2025-06-14 02:58:15.276 +02:00 [INF] CanStartMonitoring après changement: False
2025-06-14 02:58:15.276 +02:00 [INF] CanStopMonitoring est évalué. IsMonitoring: True
2025-06-14 02:58:15.276 +02:00 [INF] CanStopMonitoring après changement: True
2025-06-14 02:58:24.362 +02:00 [INF] CanStopMonitoring est évalué. IsMonitoring: True
2025-06-14 02:58:24.364 +02:00 [INF] Arrêt de l'enregistrement pour Gigi Murin Ch. hololive-EN sur YouTube
2025-06-14 02:58:24.369 +02:00 [ERR] Erreur lors de l'enregistrement des statistiques
System.IO.DirectoryNotFoundException: Could not find a part of the path 'C:\Users\terre\OneDrive\Documents\Strivea\Logs\recording_stats.log'.
   at Microsoft.Win32.SafeHandles.SafeFileHandle.CreateFile(String fullPath, FileMode mode, FileAccess access, FileShare share, FileOptions options)
   at Microsoft.Win32.SafeHandles.SafeFileHandle.Open(String fullPath, FileMode mode, FileAccess access, FileShare share, FileOptions options, Int64 preallocationSize, Nullable`1 unixCreateMode)
   at System.IO.File.OpenHandle(String path, FileMode mode, FileAccess access, FileShare share, FileOptions options, Int64 preallocationSize)
   at System.IO.File.WriteToFile(String path, FileMode mode, String contents, Encoding encoding)
   at Strivea.Services.RecordingStatsLogger.Log(DateTime startTime, Int64 bytesRecorded) in C:\Users\terre\OneDrive\Documents\Projet-JEUX\Strivea\Strivea\Services\RecordingStatsLogger.cs:line 90
2025-06-14 02:58:24.374 +02:00 [INF] Enregistrement terminé pour Gigi Murin Ch. hololive-EN sur YouTube
2025-06-14 02:58:24.374 +02:00 [INF] Durée : 00:00:09
2025-06-14 02:58:24.374 +02:00 [INF] Taille du fichier : 4 MB
2025-06-14 02:58:24.376 +02:00 [INF] Début de la conversion pour Gigi Murin Ch. hololive-EN sur YouTube
2025-06-14 02:58:24.450 +02:00 [INF] Chemin de FFmpeg trouvé : C:\Users\terre\OneDrive\Documents\ffmpeg-7.1.1-essentials_build\bin\ffmpeg.exe
2025-06-14 02:58:24.450 +02:00 [INF] Chemin de sortie pour la conversion : C:\Users\terre\OneDrive\Documents\Strivea\Recordings\YouTube\Gigi Murin Ch. hololive-EN\StarVadersdecided to test my reading comprehension at 7AM.mp4
2025-06-14 02:58:24.450 +02:00 [INF] Commande FFmpeg : C:\Users\terre\OneDrive\Documents\ffmpeg-7.1.1-essentials_build\bin\ffmpeg.exe -i "C:\Users\terre\OneDrive\Documents\Strivea\Recordings\YouTube\Gigi Murin Ch. hololive-EN\StarVadersdecided to test my reading comprehension at 7AM.ts" -c:v copy -c:a copy "C:\Users\terre\OneDrive\Documents\Strivea\Recordings\YouTube\Gigi Murin Ch. hololive-EN\StarVadersdecided to test my reading comprehension at 7AM.mp4"
2025-06-14 02:58:24.644 +02:00 [INF] CanStopMonitoring est évalué. IsMonitoring: True
2025-06-14 02:58:24.729 +02:00 [INF] Conversion réussie pour Gigi Murin Ch. hololive-EN sur YouTube
2025-06-14 02:58:24.729 +02:00 [INF] Fichier converti : C:\Users\terre\OneDrive\Documents\Strivea\Recordings\YouTube\Gigi Murin Ch. hololive-EN\StarVadersdecided to test my reading comprehension at 7AM.mp4
2025-06-14 02:58:24.730 +02:00 [INF] Fichier original supprimé : C:\Users\terre\OneDrive\Documents\Strivea\Recordings\YouTube\Gigi Murin Ch. hololive-EN\StarVadersdecided to test my reading comprehension at 7AM.ts
2025-06-14 02:58:24.730 +02:00 [INF] IsMonitoring a changé: False
2025-06-14 02:58:24.730 +02:00 [INF] CanStopMonitoring est évalué. IsMonitoring: False
2025-06-14 02:58:24.730 +02:00 [INF] CanStartMonitoring après changement: True
2025-06-14 02:58:24.730 +02:00 [INF] CanStopMonitoring est évalué. IsMonitoring: False
2025-06-14 02:58:24.730 +02:00 [INF] CanStopMonitoring après changement: False
2025-06-14 02:58:24.730 +02:00 [INF] CanStopMonitoring est évalué. IsMonitoring: False
